Workbook

Sheet 10.24 MAPPING KARAH
C3: DATA TAHUN 2025 | E3: PACK KARAH
C4: DEPARTEMEN | D4: POSISI | E4: KEBUTUHAN | K4: EXISTING
E5: Tetap Fix | F5: Kontrak Fix | G5: OS Fix | H5: OS Variabel | I5: TOTAL KEBUTUHAN (Jumlah) | J5: TOTAL KEBUTUHAN (Nominal) | K5: Tetap Fix | L5: Kontrak Fix | M5: OS Fix | N5: OS Variabel | O5: TOTAL EXISTING (Jumlah) | P5: TOTAL EXISTING (Nominal)
C8: GM | D8: GM | F8: 1 | I8: =SUM(E8:H8) -> 1 | L8: 1 | O8: =SUM(K8:N8) -> 1
C9: Manager/BM/OM | D9: OM | E9: 1 | I9: =SUM(E9:H9) -> 1 | K9: 1 | O9: =SUM(K9:N9) -> 1
D10: STAFF HRD | F10: 1 | I10: =SUM(E10:H10) -> 1 | L10: 1 | O10: =SUM(K10:N10) -> 1
D11: GA/UMUM : AREA PRODUKSI | G11: 2 | I11: =SUM(E11:H11) -> 2 | M11: 1 | O11: =SUM(K11:N11) -> 1
D12: SECURITY | G12: 2 | I12: =SUM(E12:H12) -> 2 | M12: 2 | O12: =SUM(K12:N12) -> 2
C13: PEMASARAN | D13: KADIV MARKETING | E13: 1 | I13: =SUM(E13:H13) -> 1 | K13: 1 | O13: =SUM(K13:N13) -> 1
D14: MARKETING | E14: 2 | F14: 1 | I14: =SUM(E14:H14) -> 3 | K14: 2 | L14: 1 | O14: =SUM(K14:N14) -> 3
D15: ADMIN MKT | G15: 1 | I15: =SUM(E15:H15) -> 1 | M15: 1 | O15: =SUM(K15:N15) -> 1
D16: MARKETING SUPPORT | I16: =SUM(E16:H16) -> 0 | O16: =SUM(K16:N16) -> 0
C17: PPIC | D17: KADIV PPIC | E17: 1 | I17: =SUM(E17:H17) -> 1 | K17: 1 | O17: =SUM(K17:N17) -> 1
D18: STAFF PPIC | I18: =SUM(E18:H18) -> 0 | O18: =SUM(K18:N18) -> 0
D19: ADM PPIC | G19: 2 | I19: =SUM(E19:H19) -> 2 | M19: 2 | O19: =SUM(K19:N19) -> 2
D20: STAFF GBB | F20: 1 | G20: 2 | I20: =SUM(E20:H20) -> 3 | L20: 1 | M20: 2 | O20: =SUM(K20:N20) -> 3
D21: STAFF GBJ | E21: 2 | I21: =SUM(E21:H21) -> 2 | K21: 2 | O21: =SUM(K21:N21) -> 2
D22: EKSPEDISI - ADMIN EKSPEDISI | G22: 4 | I22: =SUM(E22:H22) -> 4 | M22: 4 | O22: =SUM(K22:N22) -> 4
D23: MATERIAL HANDLING | G23: 1 | I23: =SUM(E23:H23) -> 1 | M23: 1 | O23: =SUM(K23:N23) -> 1
C24: ACC & FINANCE | D24: KADIV ACCOUNTING | E24: 1 | I24: =SUM(E24:H24) -> 1 | K24: 1 | O24: =SUM(K24:N24) -> 1
D25: KEUANGAN KASIR | G25: 1 | I25: =SUM(E25:H25) -> 1 | M25: 1 | O25: =SUM(K25:N25) -> 1
C26: PEMBELIAN | D26: PEMBELIAN | F26: 1 | I26: =SUM(E26:H26) -> 1 | L26: 1 | O26: =SUM(K26:N26) -> 1
C27: QC | D27: KADIV QC | F27: 1 | I27: =SUM(E27:H27) -> 1 | L27: 1 | O27: =SUM(K27:N27) -> 1
D28: QC | E28: 1 | F28: 2 | G28: 4 | I28: =SUM(E28:H28) -> 7 | L28: 2 | M28: 1 | O28: =SUM(K28:N28) -> 3
C29: D&D | D29: KADIV D&D | E29: 1 | I29: =SUM(E29:H29) -> 1 | K29: 1 | O29: =SUM(K29:N29) -> 1
D30: STAFF D&D | E30: 2 | F30: 1 | I30: =SUM(E30:H30) -> 3 | K30: 2 | L30: 1 | O30: =SUM(K30:N30) -> 3
C31: PRODUKSI | D31: KADIV/ WAKADIV PRODUKSI | F31: 1 | I31: =SUM(E31:H31) -> 1 | L31: 1 | O31: =SUM(K31:N31) -> 1
D32: KARU/WAKARU PRODUKSI | E32: 2 | F32: 1 | I32: =SUM(E32:H32) -> 3 | K32: 2 | L32: 1 | O32: =SUM(K32:N32) -> 3
D33: ADM PRODUKSI | G33: 1 | I33: =SUM(E33:H33) -> 1 | M33: 1 | O33: =SUM(K33:N33) -> 1
D34: PRE PRESS (PROCESSOR GRAFMAC) | E34: 1 | F34: 3 | I34: =SUM(E34:H34) -> 4 | K34: 1 | L34: 3 | O34: =SUM(K34:N34) -> 4
D35: PRE PRESS (PLATMAKER CTP AGFA) | I35: =SUM(E35:H35) -> 0 | O35: =SUM(K35:N35) -> 0
D36: PRE PRESS (DIGITAL PROOFING DF4408) | I36: =SUM(E36:H36) -> 0 | O36: =SUM(K36:N36) -> 0
D37: PRE PRESS (PLOTTER SUPERSONIC) | I37: =SUM(E37:H37) -> 0 | O37: =SUM(K37:N37) -> 0
D38: MESIN POTONG (POLAR 137EMC-MON) | G38: 6 | I38: =SUM(E38:H38) -> 6 | M38: 6 | O38: =SUM(K38:N38) -> 6
D39: CETAK SHEET (HEIDELBERGH) | E39: 1 | F39: 1 | G39: 5 | I39: =SUM(E39:H39) -> 7 | K39: 1 | L39: 1 | M39: 4 | O39: =SUM(K39:N39) -> 6
D40: CETAK SHEET (KOENIG & BAUER) | F40: 3 | G40: 14 | I40: =SUM(E40:H40) -> 17 | L40: 2 | M40: 9 | O40: =SUM(K40:N40) -> 11
D41: DIECUT/PUNCH MACHINE (ETERNA) | F41: 1 | G41: 5 | I41: =SUM(E41:H41) -> 6 | L41: 1 | M41: 3 | O41: =SUM(K41:N41) -> 4
D42: DIECUT/PUNCH MACHINE (BRAUSSE) | F42: 1 | G42: 4 | I42: =SUM(E42:H42) -> 5 | L42: 1 | M42: 4 | O42: =SUM(K42:N42) -> 5
D43: VARNISH MACHINE (UV HOCK 1060) | E43: 1 | G43: 3 | I43: =SUM(E43:H43) -> 4 | K43: 1 | M43: 3 | O43: =SUM(K43:N43) -> 4
D44: KOPEK (WASTE STRIPPER MACHINE) | H44: 6 | I44: =SUM(E44:H44) -> 6 | N44: 6 | O44: =SUM(K44:N44) -> 6
D45: FOLDER GLUER (JINN YEU 1000) | G45: 12 | I45: =SUM(E45:H45) -> 12 | M45: 12 | O45: =SUM(K45:N45) -> 12
D46: FOLDER GLUER (JINN YEU 650) | E46: 1 | F46: 2 | G46: 11 | I46: =SUM(E46:H46) -> 14 | K46: 1 | M46: 11 | O46: =SUM(K46:N46) -> 12
D47: PACKING | H47: 12 | I47: =SUM(E47:H47) -> 12 | N47: 12 | O47: =SUM(K47:N47) -> 12
D48: SORTIR | H48: 20 | I48: =SUM(E48:H48) -> 20 | N48: 20 | O48: =SUM(K48:N48) -> 20
D49: LAMINATING MACHINE (DLG-KGM) | I49: =SUM(E49:H49) -> 0 | O49: =SUM(K49:N49) -> 0
D50: LAMINATING MACHINE (HUAWEI FM1000) | E50: 1 | G50: 2 | I50: =SUM(E50:H50) -> 3 | K50: 1 | M50: 1 | O50: =SUM(K50:N50) -> 2
D51: WINDOW PATCHING ZKT700B | I51: =SUM(E51:H51) -> 0 | O51: =SUM(K51:N51) -> 0
D52: KARU/WAKARU TEKNIK | E52: 1 | I52: =SUM(E52:H52) -> 1 | K52: 1 | O52: =SUM(K52:N52) -> 1
D53: MEKANIK | E53: 2 | G53: 2 | I53: =SUM(E53:H53) -> 4 | K53: 2 | M53: 2 | O53: =SUM(K53:N53) -> 4
D54: ELEKTRIK | E54: 1 | I54: =SUM(E54:H54) -> 1 | K54: 1 | O54: =SUM(K54:N54) -> 1
C55: TOTAL SDM | E55: =SUM(E8:E54) -> 23 | F55: =SUM(F8:F54) -> 22 | G55: =SUM(G8:G54) -> 84 | H55: =SUM(H8:H54) -> 38 | I55: =SUM(I8:I54) -> 167 | J55: =SUM(J8:J54) -> 0 | K55: =SUM(K8:K54) -> 22 | L55: =SUM(L8:L54) -> 19 | ... P55: =SUM(P8:P54) -> 0
F57: selisih tetap kontrak | H57: =E55+F55-K55-L55 -> 4
F58: 1 orang op. KBA
F59: 1 org op. Prepress
F60: 2 jin yu
C81: DATA TAHUN 2023
C82: DEPARTEMEN | D82: POSISI | I82: PACK KARAH
I83: KEBUTUHAN | K83: TETAP | L83: KONTRAK | M83: PHL | O83: TOTAL
C86: GM | D86: GM
C87: BM | D87: OM | I87: 1 | K87: 1 | O87: =SUM(K87:M87) -> 1
C88: HRD UMUM | D88: STAFF HRD | I88: 1 | L88: 1 | O88: 1
D89: UMUM | O89: =SUM(K89:M89) -> 0
D90: SECURITY | O90: 0
C91: PEMASARAN | D91: MARKETING | I91: 4 | K91: 3 | O91: =SUM(K91:M91) -> 3
D92: ADMIN MKT | I92: 1 | M92: 1 | O92: =SUM(K92:M92) -> 1
C93: IT | D93: IT | O93: 0
C94: PPIC | D94: STAFF PPIC | I94: 1 | K94: 1 | O94: =SUM(K94:M94) -> 1
D95: KADIV PPIC | I95: 1 | L95: 1 | O95: =SUM(K95:M95) -> 1
D96: ADM PPIC | I96: 2 | M96: 2 | O96: =SUM(K96:M96) -> 2
D97: STAFF GBB | I97: 1 | L97: 2 | O97: =SUM(K97:M97) -> 2
A98: N | D98: EKSPEDISI | I98: 4 | M98: 4 | O98: =SUM(K98:M98) -> 4
D99: STAFF GBJ | I99: 2 | K99: 1 | M99: 4 | N99: 2 | O99: =SUM(K99:N99) -> 7
C100: ACC & FINANCE | D100: KADIV/STAFF ACC | I100: 1 | L100: 1 | O100: =SUM(K100:M100) -> 1
D101: KEUANGAN KASIR | O101: =SUM(K101:M101) -> 0
D102: ADMIN PIUTANG | O102: =SUM(K102:M102) -> 0
D103: PENAGIHAN | O103: =SUM(K103:M103) -> 0
C104: PEMBELIAN | D104: PEMBELIAN | I104: 1 | L104: 1 | O104: =SUM(K104:M104) -> 1
C105: QC | D105: QC | I105: 8 | K105: 3 | L105: 5 | O105: =SUM(K105:M105) -> 8
C106: D&D | D106: KARU D&D | O106: =SUM(K106:M106) -> 0
D107: STAFF D&D | I107: 1 | L107: 1 | O107: =SUM(K107:M107) -> 1
C108: PRACETAK | D108: STAFF PRACETAK | L108: 1 | O108: =SUM(K108:M108) -> 1
C109: PRODUKSI | D109: KADIV PRODUKSI | I109: 1 | L109: 1 | O109: =SUM(K109:M109) -> 1
D110: WAKADIV PRODUKSI | O110: =SUM(K110:M110) -> 0
D111: KARU PRODUKSI | I111: 1 | K111: 1 | O111: =SUM(K111:M111) -> 1
D112: ADM PRODUKSI | I112: 1 | M112: 1 | O112: =SUM(K112:M112) -> 1
C113: PRODUKSI | D113: PRE PRESS | I113: 3 | K113: 1 | M113: 2 | O113: =SUM(K113:M113) -> 3
D114: PISAU PUNCH | O114: =SUM(K114:M114) -> 0
D115: TINTA MIXING | O115: =SUM(K115:M115) -> 0
D116: MESIN POTONG 1 | I116: 6 | M116: 6 | O116: =SUM(K116:M116) -> 6
D117: MESIN POTONG 2 | O117: =SUM(K117:M117) -> 0
D118: MESIN POTONG 3 | O118: =SUM(K118:M118) -> 0
D119: CETAK SHEET 1 | O119: =SUM(K119:M119) -> 0
D120: CETAK SHEET 2 | I120: 23 | K120: 2 | L120: 1 | M120: 16 | O120: =SUM(K120:M120) -> 19
D121: DIECUT 1 (degel) | I121: 6 | L121: 1 | M121: 5 | O121: =SUM(K121:M121) -> 6
D122: DIECUT 2 | I122: 6 | L122: 1 | M122: 5 | O122: =SUM(K122:M122) -> 6
D123: UV | I123: 6 | K123: 1 | M123: 5 | O123: =SUM(K123:M123) -> 6
D124: KOPEK | I124: 3 | K124: 1 | L124: 2 | O124: =SUM(K124:M124) -> 3
D125: FOLDER GLUER 1 | I125: 12 | M125: 12 | O125: =SUM(K125:M125) -> 12
D126: FOLDER GLUER 2 | I126: 8 | K126: 1 | M126: 7 | O126: =SUM(K126:M126) -> 8
D127: SQUARE BOTTOM 1 (FJ14) | O127: =SUM(K127:M127) -> 0
...

Sheet 10.24 MAPPING TWL
C3: DATA TAHUN 2025 | E3: TEMA WADAH LESTARI
C4: DEPARTEMEN | D4: POSISI | E4: KEBUTUHAN | K4: EXISTING
E5: Tetap Fix | F5: Kontrak Fix | G5: OS Fix | H5: OS Variabel | I5: TOTAL KEBUTUHAN (Jumlah) | J5: TOTAL KEBUTUHAN (Nominal) | K5: Tetap Fix | L5: Kontrak Fix | M5: OS Fix | N5: OS Variabel | O5: TOTAL EXISTING (Jumlah) | P5: TOTAL EXISTING (Nominal)
C8: Manager/BM/OM | D8: OM | E8: 1 | I8: =SUM(E8:H8) -> 1 | K8: 1 | O8: =SUM(K8:N8) -> 1
C9: HRD UMUM | D9: KARU HRD | E9: 1 | I9: =SUM(E9:H9) -> 1 | K9: 1 | O9: =SUM(K9:N9) -> 1
D10: KARU GA | E10: 1 | I10: =SUM(E10:H10) -> 1 | K10: 1 | O10: =SUM(K10:N10) -> 1
D11: GA/UMUM : AREA KANTOR | G11: 1 | I11: =SUM(E11:H11) -> 1 | M11: 1 | O11: =SUM(K11:N11) -> 1
D12: GA/UMUM : AREA PRODUKSI | G12: 2 | I12: =SUM(E12:H12) -> 2 | M12: 2 | O12: =SUM(K12:N12) -> 2
D13: GA/UMUM : AFVAL | G13: 1 | I13: =SUM(E13:H13) -> 1 | M13: 1 | O13: =SUM(K13:N13) -> 1
D14: SECURITY | G14: 7 | I14: =SUM(E14:H14) -> 7 | M14: 7 | O14: =SUM(K14:N14) -> 7
C15: PEMASARAN | D15: KADIV MARKETING | E15: 1 | I15: =SUM(E15:H15) -> 1 | K15: 1 | O15: =SUM(K15:N15) -> 1
D16: MARKETING | E16: 4 | I16: =SUM(E16:H16) -> 4 | K16: 4 | O16: =SUM(K16:N16) -> 4
D17: ADMIN MKT | G17: 1 | I17: =SUM(E17:H17) -> 1 | M17: 1 | O17: =SUM(K17:N17) -> 1
D18: MARKETING SUPPORT | G18: 1 | I18: =SUM(E18:H18) -> 1 | M18: 1 | O18: =SUM(K18:N18) -> 1
C19: IT | D19: STAFF IT | E19: 1 | I19: =SUM(E19:H19) -> 1 | L19: 1 | O19: =SUM(K19:N19) -> 1
C20: PPIC | D20: KARU PPIC | E20: 1 | I20: =SUM(E20:H20) -> 1 | K20: 1 | O20: =SUM(K20:N20) -> 1
D21: KARU GUDANG | E21: 1 | I21: =SUM(E21:H21) -> 1 | K21: 1 | O21: =SUM(K21:N21) -> 1
D22: STAFF GBB | E22: 1 | I22: =SUM(E22:H22) -> 1 | K22: 1 | O22: =SUM(K22:N22) -> 1
D23: STAFF GBJ | G23: 1 | I23: =SUM(E23:H23) -> 1 | M23: 1 | O23: =SUM(K23:N23) -> 1
D24: EKSPEDISI - ADMIN EKSPEDISI | E24: 1 | I24: =SUM(E24:H24) -> 1 | K24: 1 | O24: =SUM(K24:N24) -> 1
D25: EKSPEDISI - SOPIR/DRIVER | G25: 3 | I25: =SUM(E25:H25) -> 3 | M25: 3 | O25: =SUM(K25:N25) -> 3
D26: EKSPEDISI - HELPER/LOADING | H26: 8 | I26: =SUM(E26:H26) -> 8 | N26: 8 | O26: =SUM(K26:N26) -> 8
C27: ACC & FINANCE | D27: KADIV ACCOUNTING | E27: 1 | I27: =SUM(E27:H27) -> 1 | K27: 1 | O27: =SUM(K27:N27) -> 1
D28: KEUANGAN KASIR | E28: 1 | I28: =SUM(E28:H28) -> 1 | K28: 1 | O28: =SUM(K28:N28) -> 1
D29: KARU PIUTANG | E29: 1 | I29: =SUM(E29:H29) -> 1 | K29: 1 | O29: =SUM(K29:N29) -> 1
D30: PENAGIHAN | E30: 0 | I30: =SUM(E30:H30) -> 0 | K30: 0 | O30: =SUM(K30:N30) -> 0 | Q30: MUTASI KE MARKETING
C31: PEMBELIAN | D31: PEMBELIAN | E31: 0 | I31: =SUM(E31:H31) -> 0 | K31: 0 | O31: =SUM(K31:N31) -> 0 | Q31: DOUBLE JOB DGN ADM. EKSPEDISI
C32: QC | D32: QC | E32: 1 | G32: 1 | I32: =SUM(E32:H32) -> 2 | K32: 1 | M32: 1 | O32: =SUM(K32:N32) -> 2
C33: PRODUKSI | D33: KADIV/ WAKADIV PRODUKSI | E33: 1 | I33: =SUM(E33:H33) -> 1 | L33: 1 | O33: =SUM(K33:N33) -> 1
D34: KARU/WAKARU PRODUKSI | E34: 3 | I34: =SUM(E34:H34) -> 3 | K34: 3 | O34: =SUM(K34:N34) -> 3
D35: ADMIN PRODUKSI | G35: 1 | I35: =SUM(E35:H35) -> 1 | M35: 1 | O35: =SUM(K35:N35) -> 1
D36: MESIN POTONG 1 | G36: 3 | I36: =SUM(E36:H36) -> 3 | M36: 3 | O36: =SUM(K36:N36) -> 3 | Q36: Shift 1,2,3
D37: MESIN POTONG 2 | G37: 3 | I37: =SUM(E37:H37) -> 3 | M37: 3 | O37: =SUM(K37:N37) -> 3 | Q37: Shift 1,2,3
D38: MESIN POTONG 3 | G38: 3 | I38: =SUM(E38:H38) -> 3 | M38: 3 | O38: =SUM(K38:N38) -> 3 | Q38: Shift 1,2,3
D39: DIECUT 1 (JEIL) | G39: 6 | I39: =SUM(E39:H39) -> 6 | M39: 6 | O39: =SUM(K39:N39) -> 6 | Q39: Shift 1,2,3
D40: DIECUT 2 (RDC) | G40: 4 | I40: =SUM(E40:H40) -> 4 | O40: =SUM(K40:N40) -> 0
D41: KOPEK DIE CUT 1/HITUNG LEMBAR | H41: 18 | I41: =SUM(E41:H41) -> 18 | N41: 18 | O41: =SUM(K41:N41) -> 18 | Q41: Shift 1,2,3
D42: KOPEK DIE CUT 2/HITUNG LEMBAR | H42: 18 | I42: =SUM(E42:H42) -> 18 | O42: =SUM(K42:N42) -> 0
D43: SHEETER | G43: 6 | I43: =SUM(E43:H43) -> 6 | M43: 6 | O43: =SUM(K43:N43) -> 6 | Q43: Shift 1,2,3
D44: LAMINASI | E44: 2 | F44: 1 | G44: 3 | I44: =SUM(E44:H44) -> 6 | K44: 2 | L44: 1 | M44: 3 | O44: =SUM(K44:N44) -> 6 | Q44: Shift 1,2,3
D45: AUTO PACK 1 | G45: 3 | H45: 12 | I45: =SUM(E45:H45) -> 15 | M45: 3 | N45: 12 | O45: =SUM(K45:N45) -> 15 | Q45: Shift 1,2,3
D46: AUTO PACK 2 | I46: =SUM(E46:H46) -> 0 | O46: =SUM(K46:N46) -> 0 | Q46: Shift 1,2,3
D47: TIMBANG/HITUNG LEMBAR | H47: 15 | I47: =SUM(E47:H47) -> 15 | N47: 15 | O47: =SUM(K47:N47) -> 15 | Q47: Shift 1,2,3
D48: MESIN PLONG | H48: 3 | I48: =SUM(E48:H48) -> 3 | N48: 3 | O48: =SUM(K48:N48) -> 3 | Q48: Shift 1,2,3
D49: KARU/WAKARU TEKNIK | E49: 1 | I49: =SUM(E49:H49) -> 1 | K49: 1 | O49: =SUM(K49:N49) -> 1
D50: MEKANIK | E50: 1 | F50: 1 | G50: 1 | I50: =SUM(E50:H50) -> 3 | K50: 1 | L50: 1 | M50: 1 | O50: =SUM(K50:N50) -> 3
D51: ELEKTRIK | G51: 1 | I51: =SUM(E51:H51) -> 1 | M51: 1 | O51: =SUM(K51:N51) -> 1
C52: TOTAL SDM | E52: =SUM(E8:E51) -> 25 | F52: =SUM(F8:F51) -> 2 | G52: =SUM(G8:G51) -> 52 | H52: =SUM(H8:H51) -> 74 | I52: =SUM(I8:I51) -> 153 | K52: =SUM(K8:K51) -> 23 | L52: =SUM(L8:L51) -> 4 | M52: =SUM(M8:M51) -> 48 | N52: =SUM(N8:N51) -> 56 | O52: =SUM(O8:O51) -> 131
F54: Selisih | G54: =I52-O52 -> 22
F55: Penambahan Op. Die Cut 4 orang
F56: Penambahan Tenaga Kopek 18 orang
F58: Estimasi TKL 22 orang dengan gaji 60.000/orang | J58: =60000*22*25 -> 33000000
F61: =4*25*60000 -> 6000000 | G61: operator
F62: =18*25*60000 -> 27000000 | G62: helper kopek
C80: DATA TAHUN 2023
C81: DEPARTEMEN | D81: POSISI | I81: JO MALANG
I82: KEBUTUHAN | K82: TETAP | L82: KONTRAK | M82: PHL | O82: TOTAL
C85: GM | D85: GM | O85: =SUM(K85:M85) -> 0
C86: BM | D86: OM | I86: 1 | K86: 1 | O86: =SUM(K86:M86) -> 1
C87: HRD UMUM | D87: STAFF HRD | I87: 1 | K87: 1 | O87: =SUM(K87:M87) -> 1
D88: UMUM | I88: 2 | M88: 2 | O88: =SUM(K88:M88) -> 2
D89: SECURITY | I89: 7 | M89: 7 | O89: =SUM(K89:M89) -> 7
C90: PEMASARAN | D90: MARKETING | I90: 5 | K90: 4 | L90: 1 | O90: =SUM(K90:M90) -> 5
D91: ADMIN MKT | I91: 1 | M91: 1 | O91: =SUM(K91:M91) -> 1
C92: IT | D92: IT | I92: 1 | L92: 1 | O92: =SUM(K92:M92) -> 1
C93: PPIC | D93: STAFF PPIC | I93: 1 | K93: 1 | O93: =SUM(K93:M93) -> 1
D94: KADIV PPIC | O94: =SUM(K94:M94) -> 0
D95: ADM PPIC | O95: =SUM(K95:M95) -> 0
D96: STAFF GBB | I96: 1 | K96: 1 | O96: =SUM(K96:M96) -> 1
A97: N | D97: EKSPEDISI | I97: 9 | L97: 1 | M97: 8 | O97: =SUM(K97:M97) -> 9
D98: STAFF GBJ | I98: 1 | K98: 1 | O98: =SUM(K98:M98) -> 1
C99: ACC & FINANCE | D99: KADIV/STAFF ACC | I99: 1 | K99: 1 | O99: =SUM(K99:M99) -> 1
D100: KEUANGAN KASIR | I100: 1 | K100: 1 | O100: =SUM(K100:M100) -> 1
D101: ADMIN PIUTANG | I101: 1 | K101: 1 | O101: =SUM(K101:M101) -> 1
D102: PENAGIHAN | I102: 1 | K102: 1 | O102: =SUM(K102:M102) -> 1
C103: PEMBELIAN | D103: PEMBELIAN | O103: =SUM(K103:M103) -> 0
C104: QC | D104: QC | O104: =SUM(K104:M104) -> 0
C105: D&D | D105: KARU D&D | O105: =SUM(K105:M105) -> 0
D106: STAFF D&D | O106: =SUM(K106:M106) -> 0
C107: PRACETAK | D107: STAFF PRACETAK | O107: =SUM(K107:M107) -> 0
C108: PRODUKSI | D108: KADIV PRODUKSI | O108: =SUM(K108:M108) -> 0
D109: WAKADIV PRODUKSI | I109: 1 | L109: 1 | O109: =SUM(K109:M109) -> 1
D110: KARU PRODUKSI | I110: 3 | K110: 3 | O110: =SUM(K110:M110) -> 3
D111: ADM PRODUKSI | O111: =SUM(K111:M111) -> 0
C112: PRODUKSI | D112: PRE PRESS | O112: =SUM(K112:M112) -> 0
D113: PISAU PUNCH | O113: =SUM(K113:M113) -> 0
D114: TINTA MIXING | O114: =SUM(K114:M114) -> 0
D115: MESIN POTONG 1 | I115: 9 | M115: 9 | O115: =SUM(K115:M115) -> 9
D116: MESIN POTONG 2 | O116: =SUM(K116:M116) -> 0
D117: MESIN POTONG 3 | O117: =SUM(K117:M117) -> 0
D118: CETAK SHEET 1 | O118: =SUM(K118:M118) -> 0
D119: CETAK SHEET 2 | O119: =SUM(K119:M119) -> 0
D120: DIECUT 1 (degel) | O120: =SUM(K120:M120) -> 0
D121: DIECUT 2 | O121: =SUM(K121:M121) -> 0
D122: UV | O122: =SUM(K122:M122) -> 0
D123: KOPEK | O123: =SUM(K123:M123) -> 0
D124: FOLDER GLUER 1 | O124: =SUM(K124:M124) -> 0
D125: FOLDER GLUER 2 | O125: =SUM(K125:M125) -> 0
D126: SQUARE BOTTOM 1 (FJ14) | O126: =SUM(K126:M126) -> 0
D127: SQUARE BOTTOM 2 (FJ13) | O127: =SUM(K127:M127) -> 0
...

Sheet 10.24 MAPPING PACK BEKASI
C3: DATA TAHUN 2025 | E3: PACKAGING BEKASI
C4: DEPARTEMEN | D4: POSISI | E4: KEBUTUHAN | K4: EXISTING
E5: Tetap Fix | F5: Kontrak Fix | G5: OS Fix | H5: OS Variabel | I5: TOTAL KEBUTUHAN (Jumlah) | J5: TOTAL KEBUTUHAN (Nominal) | K5: Tetap Fix | L5: Kontrak Fix | M5: OS Fix | N5: OS Variabel | O5: TOTAL EXISTING (Jumlah) | P5: TOTAL EXISTING (Nominal)
C8: GM | D8: GM | I8: =SUM(E8:H8) -> 0 | O8: =SUM(K8:N8) -> 0
C9: Manager/BM/OM | D9: OM | I9: =SUM(E9:H9) -> 0 | O9: =SUM(K9:N9) -> 0
D10: ASMEN | E10: 1 | I10: =SUM(E10:H10) -> 1 | K10: 1 | O10: =SUM(K10:N10) -> 1
C11: HRD UMUM | D11: KARU HRD | I11: =SUM(E11:H11) -> 0 | O11: =SUM(K11:N11) -> 0
D12: STAFF HRD | F12: 1 | I12: =SUM(E12:H12) -> 1 | L12: 1 | O12: =SUM(K12:N12) -> 1
D13: KARU GA | E13: 1 | I13: =SUM(E13:H13) -> 1 | K13: 1 | O13: =SUM(K13:N13) -> 1
D14: GA/UMUM : AREA KANTOR | I14: =SUM(E14:H14) -> 0 | O14: =SUM(K14:N14) -> 0
D15: GA/UMUM : AREA PRODUKSI | G15: 3 | I15: =SUM(E15:H15) -> 3 | M15: 3 | O15: =SUM(K15:N15) -> 3
D16: GA/UMUM : AFVAL | G16: 1 | I16: =SUM(E16:H16) -> 1 | M16: 1 | O16: =SUM(K16:N16) -> 1
D17: SECURITY | G17: 2 | I17: =SUM(E17:H17) -> 2 | M17: 2 | O17: =SUM(K17:N17) -> 2
C18: PEMASARAN | D18: KADIV MARKETING | F18: 1 | I18: =SUM(E18:H18) -> 1 | L18: 1 | O18: =SUM(K18:N18) -> 1
D19: MARKETING | F19: 2 | I19: =SUM(E19:H19) -> 2 | L19: 1 | O19: =SUM(K19:N19) -> 1
D20: ADMIN MKT | E20: 1 | I20: =SUM(E20:H20) -> 1 | K20: 1 | O20: =SUM(K20:N20) -> 1
D21: MARKETING SUPPORT | I21: =SUM(E21:H21) -> 0 | O21: =SUM(K21:N21) -> 0
C22: IT | D22: STAFF IT | I22: =SUM(E22:H22) -> 0 | O22: =SUM(K22:N22) -> 0
C23: PPIC | D23: KADIV PPIC | I23: =SUM(E23:H23) -> 0 | O23: =SUM(K23:N23) -> 0
D24: KARU PPIC | I24: =SUM(E24:H24) -> 0 | O24: =SUM(K24:N24) -> 0
D25: STAFF PPIC | F25: 1 | I25: =SUM(E25:H25) -> 1 | L25: 1 | O25: =SUM(K25:N25) -> 1
D26: ADM PPIC | G26: 1 | I26: =SUM(E26:H26) -> 1 | M26: 1 | O26: =SUM(K26:N26) -> 1
D27: KARU GUDANG | I27: =SUM(E27:H27) -> 0 | O27: =SUM(K27:N27) -> 0
D28: STAFF GBB | E28: 1 | I28: =SUM(E28:H28) -> 1 | K28: 1 | O28: =SUM(K28:N28) -> 1
D29: STAFF GUDANG SPAREPART | F29: 1 | I29: =SUM(E29:H29) -> 1 | L29: 1 | O29: =SUM(K29:N29) -> 1
D30: STAFF GBJ | G30: 2 | I30: =SUM(E30:H30) -> 2 | M30: 2 | O30: =SUM(K30:N30) -> 2
D31: STAFF EKSPEDISI | E31: 1 | I31: =SUM(E31:H31) -> 1 | K31: 1 | O31: =SUM(K31:N31) -> 1
D32: EKSPEDISI - ADMIN EKSPEDISI | G32: 1 | I32: =SUM(E32:H32) -> 1 | M32: 1 | O32: =SUM(K32:N32) -> 1
D33: EKSPEDISI - SOPIR/DRIVER | G33: 3 | I33: =SUM(E33:H33) -> 3 | M33: 3 | O33: =SUM(K33:N33) -> 3
D34: EKSPEDISI - HELPER/LOADING | I34: =SUM(E34:H34) -> 0 | O34: =SUM(K34:N34) -> 0
D35: MATERIAL HANDLING | G35: 1 | I35: =SUM(E35:H35) -> 1 | M35: 1 | O35: =SUM(K35:N35) -> 1
C36: ACC & FINANCE | D36: KADIV ACCOUNTING | I36: =SUM(E36:H36) -> 0 | O36: =SUM(K36:N36) -> 0
D37: STAFF ACCOUNTING | F37: 1 | I37: =SUM(E37:H37) -> 1 | L37: 1 | O37: =SUM(K37:N37) -> 1
D38: KEUANGAN | G38: 2 | I38: =SUM(E38:H38) -> 2 | M38: 2 | O38: =SUM(K38:N38) -> 2
D39: KASIR | I39: =SUM(E39:H39) -> 0 | O39: =SUM(K39:N39) -> 0
D40: KARU PIUTANG | I40: =SUM(E40:H40) -> 0 | O40: =SUM(K40:N40) -> 0
D41: STAFF PIUTANG | I41: =SUM(E41:H41) -> 0 | O41: =SUM(K41:N41) -> 0
D42: PENAGIHAN | I42: =SUM(E42:H42) -> 0 | O42: =SUM(K42:N42) -> 0
D43: INVOICING | I43: =SUM(E43:H43) -> 0 | O43: =SUM(K43:N43) -> 0
C44: PEMBELIAN | D44: PEMBELIAN | E44: 1 | G44: 1 | I44: =SUM(E44:H44) -> 2 | K44: 1 | M44: 1 | O44: =SUM(K44:N44) -> 2
C45: QC | D45: KADIV QC | I45: =SUM(E45:H45) -> 0 | O45: =SUM(K45:N45) -> 0
D46: KARU QC | E46: 1 | I46: =SUM(E46:H46) -> 1 | K46: 1 | O46: =SUM(K46:N46) -> 1
D47: QC | E47: 2 | G47: 5 | I47: =SUM(E47:H47) -> 7 | K47: 2 | M47: 5 | O47: =SUM(K47:N47) -> 7
C48: D&D | D48: KADIV D&D | I48: =SUM(E48:H48) -> 0 | O48: =SUM(K48:N48) -> 0
D49: KARU D&D | E49: 1 | F49: 1 | I49: =SUM(E49:H49) -> 2 | K49: 1 | L49: 1 | O49: =SUM(K49:N49) -> 2
D50: STAFF D&D | G50: 1 | I50: =SUM(E50:H50) -> 1 | M50: 1 | O50: =SUM(K50:N50) -> 1
C51: PRODUKSI | D51: KADIV/ WAKADIV PRODUKSI | E51: 1 | I51: =SUM(E51:H51) -> 1 | K51: 1 | O51: =SUM(K51:N51) -> 1
D52: KARU/WAKARU PRODUKSI | E52: 1 | I52: =SUM(E52:H52) -> 1 | K52: 1 | O52: =SUM(K52:N52) -> 1
D53: ADM PRODUKSI | G53: 1 | I53: =SUM(E53:H53) -> 1 | M53: 1 | O53: =SUM(K53:N53) -> 1
D54: BUAT PISAU PUNCH | E54: 1 | I54: =SUM(E54:H54) -> 1 | K54: 1 | O54: =SUM(K54:N54) -> 1
D55: TINTA MIXING | E55: 1 | I55: =SUM(E55:H55) -> 1 | K55: 1 | O55: =SUM(K55:N55) -> 1
D56: MESIN POTONG NAGAI 1 | G56: 1 | I56: =SUM(E56:H56) -> 1 | M56: 1 | O56: =SUM(K56:N56) -> 1
D57: KARU SHEET | G57: 1 | I57: =SUM(E57:H57) -> 1 | M57: 1 | O57: =SUM(K57:N57) -> 1
D58: CETAK SHEET 1 (HEIDELBERGH CD 6) | E58: 1 | F58: 4 | G58: =1+1+3 -> 5 | I58: =SUM(E58:H58) -> 10 | K58: 1 | L58: 4 | M58: =1+1+3 -> 5 | O58: =SUM(K58:N58) -> 10
D59: DIECUT (IJIMA/DEGEL/VARIMATRIX) | E59: 3 | G59: 4 | I59: =SUM(E59:H59) -> 7 | K59: 3 | M59: 4 | O59: =SUM(K59:N59) -> 7
D60: UV | G60: 1 | I60: =SUM(E60:H60) -> 1 | M60: 1 | O60: =SUM(K60:N60) -> 1
D61: FOLDER GLUER (ETERNA/JIENYUE/GOOKJIE) | E61: 1 | F61: 1 | G61: 1 | H61: 16 | I61: =SUM(E61:H61) -> 19 | K61: 1 | M61: 2 | N61: 16 | O61: =SUM(K61:N61) -> 19
D62: SHEETER | G62: 2 | I62: =SUM(E62:H62) -> 2 | M62: 2 | O62: =SUM(K62:N62) -> 2
D63: LAMINATOR YI LEE TAIWAN ROC | G63: 6 | I63: =SUM(E63:H63) -> 6 | M63: 6 | O63: =SUM(K63:N63) -> 6
D64: PACKING | H64: 6 | I64: =SUM(E64:H64) -> 6 | N64: 6 | O64: =SUM(K64:N64) -> 6
D65: SORTIR | G65: 3 | H65: 27 | I65: =SUM(E65:H65) -> 30 | M65: 3 | N65: 27 | O65: =SUM(K65:N65) -> 30
D66: SABLON | I66: =SUM(E66:H66) -> 0 | O66: =SUM(K66:N66) -> 0
D67: KUPAS | H67: 6 | I67: =SUM(E67:H67) -> 6 | N67: 6 | O67: =SUM(K67:N67) -> 6
D68: WINDOW PATCHING | I68: =SUM(E68:H68) -> 0 | O68: =SUM(K68:N68) -> 0
D69: LABELING & DELIVERY | G69: 1 | I69: =SUM(E69:H69) -> 1 | M69: 1 | O69: =SUM(K69:N69) -> 1
C70: TEKNIK | D70: KADIV/WAKADIV TEKNIK | E70: 1 | I70: =SUM(E70:H70) -> 1 | K70: 1 | O70: =SUM(K70:N70) -> 1
D71: KARU/WAKARU TEKNIK | I71: =SUM(E71:H71) -> 0 | O71: =SUM(K71:N71) -> 0
D72: MEKANIK | F72: 2 | G72: 1 | I72: =SUM(E72:H72) -> 3 | L72: 1 | M72: 1 | O72: =SUM(K72:N72) -> 2
C73: TOTAL SDM | E73: =SUM(E8:E72) -> 20 | F73: =SUM(F8:F72) -> 15 | G73: =SUM(G8:G72) -> 50 | H73: =SUM(H8:H72) -> 55 | I73: =SUM(I8:I72) -> 140 | K73: =SUM(K8:K72) -> 20 | L73: =SUM(L8:L72) -> 12 | M73: =SUM(M8:M72) -> 51 | N73: =SUM(N8:N72) -> 55 | O73: =SUM(O8:O72) -> 138
H74: selisih | I74: =I73-O73 -> 2
H75: KEBUTUHAN : STAFF KEUANGAN (KONTRAK), STAFF PIUTANG PHL - KONTRAK), OP LEM (PHL - KONTRAK)
I76: STAFF MARKETING
C101: DATA TAHUN 2023
C102: DEPARTEMEN | D102: POSISI | I102: PACK BEKASI
I103: KEBUTUHAN | K103: TETAP | L103: KONTRAK | M103: PHL | O103: TOTAL
C106: GM | D106: GM | O106: =SUM(K106:M106) -> 0
C107: BM | D107: OM | I107: 1 | L107: 1 | O107: =SUM(K107:M107) -> 1
C108: HRD UMUM | D108: STAFF HRD | O108: =SUM(K108:M108) -> 0
D109: UMUM | I109: 5 | L109: 1 | M109: 4 | O109: =SUM(K109:M109) -> 5
D110: SECURITY | I110: 4 | M110: 4 | O110: =SUM(K110:M110) -> 4
C111: PEMASARAN | D111: MARKETING | I111: 3 | L111: 2 | O111: =SUM(K111:M111) -> 2
D112: ADMIN MKT | I112: 2 | K112: 2 | O112: =SUM(K112:M112) -> 2
C113: IT | D113: IT
C114: PPIC | D114: STAFF PPIC | O114: =SUM(K114:M114) -> 0
D115: KADIV PPIC | I115: 1 | K115: 1 | O115: =SUM(K115:M115) -> 1
D116: ADM PPIC | I116: 0 | O116: =SUM(K116:M116) -> 0
D117: STAFF GBB | I117: 2 | L117: 1 | M117: 1 | O117: =SUM(K117:M117) -> 2
A118: N | D118: EKSPEDISI | I118: 4 | K118: 1 | M118: 3 | O118: =SUM(K118:M118) -> 4
D119: STAFF GBJ | I119: 1 | M119: 1 | O119: =SUM(K119:M119) -> 1
C120: ACC & FINANCE | D120: KADIV/STAFF ACC | I120: 1 | L120: 1 | O120: =SUM(K120:M120) -> 1
D121: KEUANGAN KASIR | O121: =SUM(K121:M121) -> 0
D122: ADMIN PIUTANG | I122: 1 | O122: =SUM(K122:M122) -> 0
D123: PENAGIHAN | I123: 1 | L123: 1 | O123: =SUM(K123:M123) -> 1
C124: PEMBELIAN | D124: PEMBELIAN | I124: 1 | M124: 1 | O124: =SUM(K124:M124) -> 1
C125: QC | D125: QC | I125: 10 | K125: 2 | M125: 7 | O125: =SUM(K125:M125) -> 9
C126: D&D | D126: KARU D&D | I126: 1 | K126: 1 | O126: =SUM(K126:M126) -> 1
D127: STAFF D&D | O127: =SUM(K127:M127) -> 0
C128: PRACETAK | D128: STAFF PRACETAK | I128: 4 | L128: 2 | M128: 2 | O128: =SUM(K128:M128) -> 4
C129: PRODUKSI | D129: KADIV PRODUKSI | I129: 1 | L129: 1 | O129: =SUM(K129:M129) -> 1
D130: WAKADIV PRODUKSI | O130: =SUM(K130:M130) -> 0
...

Sheet 10.24 MAPPING SHOPPINGBAG
C3: DATA TAHUN 2025 | E3: SHOPPING BAG
C4: DEPARTEMEN | D4: POSISI | E4: KEBUTUHAN | K4: EXISTING
E5: Tetap Fix | F5: Kontrak Fix | G5: OS Fix | H5: OS Variabel | I5: TOTAL KEBUTUHAN (Jumlah) | J5: TOTAL KEBUTUHAN (Nominal) | K5: Tetap Fix | L5: Kontrak Fix | M5: OS Fix | N5: OS Variabel | O5: TOTAL EXISTING (Jumlah) | P5: TOTAL EXISTING (Nominal)
C8: GM | D8: GM | I8: =SUM(E8:H8) -> 0 | O8: =SUM(K8:N8) -> 0
C9: Manager/BM/OM | D9: OM | E9: 1 | I9: =SUM(E9:H9) -> 1 | K9: 1 | O9: =SUM(K9:N9) -> 1
D10: ASMEN | I10: =SUM(E10:H10) -> 0 | O10: =SUM(K10:N10) -> 0
C11: HRD UMUM | D11: KARU HRD | I11: =SUM(E11:H11) -> 0 | O11: =SUM(K11:N11) -> 0
D12: STAFF HRD | I12: =SUM(E12:H12) -> 0 | O12: =SUM(K12:N12) -> 0
D13: KARU GA | I13: =SUM(E13:H13) -> 0 | O13: =SUM(K13:N13) -> 0
D14: GA/UMUM : AREA KANTOR | G14: 1 | I14: =SUM(E14:H14) -> 1 | M14: 1 | O14: =SUM(K14:N14) -> 1
D15: GA/UMUM : AREA PRODUKSI | G15: 4 | I15: =SUM(E15:H15) -> 4 | M15: 4 | O15: =SUM(K15:N15) -> 4
D16: GA/UMUM : AFVAL | F16: 1 | G16: 1 | I16: =SUM(E16:H16) -> 2 | L16: 1 | M16: 1 | O16: =SUM(K16:N16) -> 2
D17: SECURITY | G17: 2 | I17: =SUM(E17:H17) -> 2 | M17: 2 | O17: =SUM(K17:N17) -> 2
C18: PEMASARAN | D18: KADIV MARKETING | I18: =SUM(E18:H18) -> 0 | O18: =SUM(K18:N18) -> 0
D19: MARKETING | E19: 3 | F19: 5 | I19: =SUM(E19:H19) -> 8 | K19: 3 | L19: 3 | O19: =SUM(K19:N19) -> 6
D20: ADMIN MKT | E20: 1 | G20: 2 | I20: =SUM(E20:H20) -> 3 | K20: 1 | M20: 2 | O20: =SUM(K20:N20) -> 3
D21: MARKETING SUPPORT | I21: =SUM(E21:H21) -> 0 | O21: =SUM(K21:N21) -> 0
C22: IT | D22: STAFF IT | I22: =SUM(E22:H22) -> 0 | O22: =SUM(K22:N22) -> 0
C23: PPIC | D23: KADIV PPIC | I23: =SUM(E23:H23) -> 0 | O23: =SUM(K23:N23) -> 0
D24: KARU PPIC | I24: =SUM(E24:H24) -> 0 | O24: =SUM(K24:N24) -> 0
D25: STAFF PPIC | E25: 1 | I25: =SUM(E25:H25) -> 1 | K25: 1 | O25: =SUM(K25:N25) -> 1
D26: ADM PPIC | G26: 1 | I26: =SUM(E26:H26) -> 1 | M26: 1 | O26: =SUM(K26:N26) -> 1
D27: KARU GUDANG | I27: =SUM(E27:H27) -> 0 | O27: =SUM(K27:N27) -> 0
D28: STAFF GBB | G28: 1 | I28: =SUM(E28:H28) -> 1 | M28: 1 | O28: =SUM(K28:N28) -> 1
D29: GBB - ADMIN GBB | G29: 1 | I29: =SUM(E29:H29) -> 1 | M29: 1 | O29: =SUM(K29:N29) -> 1
D30: STAFF GUDANG SPAREPART | I30: =SUM(E30:H30) -> 0 | O30: =SUM(K30:N30) -> 0
D31: STAFF GBJ | F31: 1 | G31: 1 | I31: =SUM(E31:H31) -> 2 | L31: 1 | M31: 1 | O31: =SUM(K31:N31) -> 2
D32: EKSPEDISI - ADMIN EKSPEDISI | I32: =SUM(E32:H32) -> 0 | O32: =SUM(K32:N32) -> 0
D33: EKSPEDISI - SOPIR/DRIVER | G33: 4 | I33: =SUM(E33:H33) -> 4 | M33: 4 | O33: =SUM(K33:N33) -> 4
D34: EKSPEDISI - HELPER/LOADING | G34: 2 | I34: =SUM(E34:H34) -> 2 | M34: 2 | O34: =SUM(K34:N34) -> 2
D35: MATERIAL HANDLING | G35: 1 | I35: =SUM(E35:H35) -> 1 | M35: 1 | O35: =SUM(K35:N35) -> 1
C36: ACC & FINANCE | D36: KADIV ACCOUNTING | E36: 1 | I36: =SUM(E36:H36) -> 1 | K36: 1 | O36: =SUM(K36:N36) -> 1
D37: STAFF ACCOUNTING | I37: =SUM(E37:H37) -> 0 | O37: =SUM(K37:N37) -> 0
D38: KEUANGAN | G38: 1 | I38: =SUM(E38:H38) -> 1 | M38: 1 | O38: =SUM(K38:N38) -> 1
D39: KASIR | E39: 1 | F39: 1 | I39: =SUM(E39:H39) -> 2 | K39: 1 | O39: =SUM(K39:N39) -> 1
D40: KARU PIUTANG | I40: =SUM(E40:H40) -> 0 | O40: =SUM(K40:N40) -> 0
D41: STAFF PIUTANG | G41: 1 | I41: =SUM(E41:H41) -> 1 | M41: 1 | O41: =SUM(K41:N41) -> 1
D42: PENAGIHAN | I42: =SUM(E42:H42) -> 0 | O42: =SUM(K42:N42) -> 0
D43: INVOICING | G43: 1 | I43: =SUM(E43:H43) -> 1 | M43: 1 | O43: =SUM(K43:N43) -> 1
C44: PEMBELIAN | D44: PEMBELIAN | I44: =SUM(E44:H44) -> 0 | O44: =SUM(K44:N44) -> 0
C45: QC | D45: KADIV QC | I45: =SUM(E45:H45) -> 0 | O45: =SUM(K45:N45) -> 0
D46: KARU QC | E46: 1 | I46: =SUM(E46:H46) -> 1 | K46: 1 | O46: =SUM(K46:N46) -> 1
D47: QC | G47: 6 | I47: =SUM(E47:H47) -> 6 | M47: 6 | O47: =SUM(K47:N47) -> 6
C48: D&D | D48: KADIV D&D | I48: =SUM(E48:H48) -> 0 | O48: =SUM(K48:N48) -> 0
D49: KARU D&D | I49: =SUM(E49:H49) -> 0 | O49: =SUM(K49:N49) -> 0
D50: STAFF D&D | E50: 1 | F50: 1 | I50: =SUM(E50:H50) -> 2 | K50: 1 | L50: 1 | O50: =SUM(K50:N50) -> 2
D51: PRODUCT ENGINEERING | F51: 1 | I51: =SUM(E51:H51) -> 1 | O51: =SUM(K51:N51) -> 0
C52: PRODUKSI | D52: KADIV/ WAKADIV PRODUKSI | I52: =SUM(E52:H52) -> 0 | O52: =SUM(K52:N52) -> 0
D53: KARU/WAKARU PRODUKSI | E53: 2 | F53: 1 | I53: =SUM(E53:H53) -> 3 | K53: 2 | L53: 1 | O53: =SUM(K53:N53) -> 3
D54: ADM PRODUKSI | G54: 1 | I54: =SUM(E54:H54) -> 1 | M54: 1 | O54: =SUM(K54:N54) -> 1
D55: MESIN POTONG NAGAI | G55: 1 | I55: =SUM(E55:H55) -> 1 | M55: 1 | O55: =SUM(K55:N55) -> 1
D56: SQUARE BOTTOM 1 (FJ14) | F56: 2 | G56: 12 | I56: =SUM(E56:H56) -> 14 | L56: 2 | M56: 12 | O56: =SUM(K56:N56) -> 14
D57: SQUARE BOTTOM 2 (FJ13) | I57: =SUM(E57:H57) -> 0 | O57: =SUM(K57:N57) -> 0
D58: J08 | E58: 1 | F58: 3 | G58: 8 | I58: =SUM(E58:H58) -> 12 | K58: 1 | L58: 3 | M58: 8 | O58: =SUM(K58:N58) -> 12
D59: J13 | E59: 1 | F59: 1 | G59: 4 | I59: =SUM(E59:H59) -> 6 | K59: 1 | L59: 1 | M59: 4 | O59: =SUM(K59:N59) -> 6
D60: RUIZI (SEWA) | F60: 3 | G60: 9 | I60: =SUM(E60:H60) -> 12 | L60: 3 | M60: 9 | O60: =SUM(K60:N60) -> 12
D61: SHEETER | G61: 2 | I61: =SUM(E61:H61) -> 2 | M61: 2 | O61: =SUM(K61:N61) -> 2
D62: SLITING | E62: 1 | G62: 2 | I62: =SUM(E62:H62) -> 3 | K62: 1 | M62: 2 | O62: =SUM(K62:N62) -> 3
D63: HANDLE (JUMLAH MESIN ADA 3) | E63: 1 | F63: 1 | G63: 4 | H63: 6 | I63: =SUM(E63:H63) -> 12 | K63: 1 | L63: 1 | M63: 4 | N63: 6 | O63: =SUM(K63:N63) -> 12
D64: PACKING & KUPAS | G64: 8 | H64: 72 | I64: =SUM(E64:H64) -> 80 | M64: 8 | N64: 72 | O64: =SUM(K64:N64) -> 80
D65: SORTIR HANDLE | H65: 24 | I65: =SUM(E65:H65) -> 24 | N65: 24 | O65: =SUM(K65:N65) -> 24
D66: TWIST ROOP | G66: 6 | I66: =SUM(E66:H66) -> 6 | M66: 6 | O66: =SUM(K66:N66) -> 6
D67: FLEXO | F67: 4 | G67: 5 | I67: =SUM(E67:H67) -> 9 | L67: 4 | M67: 5 | O67: =SUM(K67:N67) -> 9
D68: LABELING & DELIVERY | I68: =SUM(E68:H68) -> 0 | O68: =SUM(K68:N68) -> 0
C69: TEKNIK | D69: KADIV/WAKADIV TEKNIK | I69: =SUM(E69:H69) -> 0 | O69: =SUM(K69:N69) -> 0
D70: KARU/WAKARU TEKNIK | E70: 1 | I70: =SUM(E70:H70) -> 1 | K70: 1 | O70: =SUM(K70:N70) -> 1
D71: MEKANIK | G71: 1 | I71: =SUM(E71:H71) -> 1 | O71: =SUM(K71:N71) -> 0
D72: ELEKTRIK | E72: 1 | I72: =SUM(E72:H72) -> 1 | K72: 1 | O72: =SUM(K72:N72) -> 1
C73: TOTAL SDM | E73: =SUM(E8:E72) -> 18 | F73: =SUM(F8:F72) -> 25 | G73: =SUM(G8:G72) -> 93 | H73: =SUM(H8:H72) -> 102 | I73: =SUM(E73:H73) -> 238 | K73: =SUM(K8:K72) -> 18 | L73: =SUM(L8:L72) -> 21 | M73: =SUM(M8:M72) -> 92 | N73: =SUM(N8:N72) -> 102 | O73: =SUM(K73:N73) -> 233
I74: SELISIH | J74: =I73-O73 -> 5
F75: PERMOHONAN UNTUK MARKETING RETAIL (KONTRAK) | M75: TOTAL | N75: =M73+N73 -> 194
N76: =N75-72 -> 122
C101: DATA TAHUN 2023
C102: DEPARTEMEN | D102: POSISI | E102: SHP BAG
E103: KEBUTUHAN | K103: TETAP | L103: KONTRAK | M103: PHL TETAP | N103: PHL TIDAK TETAP | O103: TOTAL
C106: GM | D106: GM | O106: =SUM(K106:N106) -> 0
C107: BM | D107: OM | O107: =SUM(K107:N107) -> 0
C108: HRD UMUM | D108: STAFF HRD | O108: =SUM(K108:N108) -> 0
D109: UMUM | E109: 2 | M109: 2 | N109: 2 | O109: =SUM(K109:N109) -> 4
D110: SECURITY | E110: 4 | M110: 4 | O110: =SUM(K110:N110) -> 4
C111: PEMASARAN | D111: MARKETING | E111: 3 | L111: 3 | O111: =SUM(K111:N111) -> 3
D112: ADMIN MKT | E112: 1 | M112: 1 | O112: =SUM(K112:N112) -> 1
C113: IT | D113: IT
C114: PPIC | D114: STAFF PPIC | O114: =SUM(K114:N114) -> 0
D115: KADIV PPIC | O115: =SUM(K115:N115) -> 0
D116: ADM PPIC | E116: 1 | M116: 1 | O116: =SUM(K116:N116) -> 1
D117: STAFF GBB | O117: =SUM(K117:N117) -> 0
A118: N | D118: EKSPEDISI | N118: 3 | O118: =SUM(K118:N118) -> 3
D119: STAFF GBJ | E119: 1 | L119: 1 | N119: 1 | O119: =SUM(K119:N119) -> 2
C120: ACC & FINANCE | D120: KADIV/STAFF ACC | O120: =SUM(K120:N120) -> 0
D121: KEUANGAN KASIR | O121: =SUM(K121:N121) -> 0
D122: ADMIN PIUTANG | O122: =SUM(K122:N122) -> 0
D123: PENAGIHAN | O123: =SUM(K123:N123) -> 0
C124: PEMBELIAN | D124: PEMBELIAN | O124: =SUM(K124:N124) -> 0
C125: QC | D125: QC | E125: 1 | M125: 1 | N125: 1 | O125: =SUM(K125:N125) -> 2
C126: D&D | D126: KARU D&D | O126: =SUM(K126:N126) -> 0
D127: STAFF D&D | O127: =SUM(K127:N127) -> 0
C128: PRACETAK | D128: STAFF PRACETAK | O128: =SUM(K128:N128) -> 0
C129: PRODUKSI | D129: KADIV PRODUKSI | O129: =SUM(K129:N129) -> 0
D130: WAKADIV PRODUKSI | E130: 1 | K130: 1 | O130: =SUM(K130:N130) -> 1
...

Sheet 2025. RESUME PLAN
A1: PEMETAAN SDM SBU PACKAGING
A2: PERIODE TAHUN 2025
A4: CABANG | B4: KEBUTUHAN SDM | H4: EXISTING SDM | M4: SELISIH
B5: TETAP | C5: KONTRAK | D5: OS FIX | E5: OS VARIABEL | F5: JUMLAH | G5: KETERANGAN | H5: TETAP | I5: KONTRAK | J5: OS FIX | K5: OS VARIABEL | L5: JUMLAH
A6: PACKAGING SURABAYA | B6: ='10.24 MAPPING KARAH'!E55 -> 23 | C6: ='10.24 MAPPING KARAH'!F55 -> 22 | D6: ='10.24 MAPPING KARAH'!G55 -> 84 | E6: ='10.24 MAPPING KARAH'!H55 -> 38 | F6: =SUM(B6:E6) -> 167 | G6: Op. KBA, QC, Prepress, Gluer | H6: ='10.24 MAPPING KARAH'!K55 -> 22 | I6: ='10.24 MAPPING KARAH'!L55 -> 19 | J6: ='10.24 MAPPING KARAH'!M55 -> 71 | K6: ='10.24 MAPPING KARAH'!N55 -> 38 | L6: =SUM(H6:K6) -> 150 | M6: =F6-L6 -> 17
A7: PACKAGING BEKASI | B7: ='10.24 MAPPING PACK BEKASI'!E73 -> 20 | C7: ='10.24 MAPPING PACK BEKASI'!F73 -> 15 | D7: ='10.24 MAPPING PACK BEKASI'!G73 -> 50 | E7: ='10.24 MAPPING PACK BEKASI'!H73 -> 55 | F7: ='10.24 MAPPING PACK BEKASI'!I73 -> 140 | G7: Mekanik, Marketing | H7: ='10.24 MAPPING PACK BEKASI'!K73 -> 20 | I7: ='10.24 MAPPING PACK BEKASI'!L73 -> 12 | J7: ='10.24 MAPPING PACK BEKASI'!M73 -> 51 | K7: ='10.24 MAPPING PACK BEKASI'!N73 -> 55 | L7: =SUM(H7:K7) -> 138 | M7: =F7-L7 -> 2
A8: SHOPPINGBAG | B8: ='10.24 MAPPING SHOPPINGBAG'!E73 -> 18 | C8: ='10.24 MAPPING SHOPPINGBAG'!F73 -> 25 | D8: ='10.24 MAPPING SHOPPINGBAG'!G73 -> 93 | E8: ='10.24 MAPPING SHOPPINGBAG'!H73 -> 102 | F8: =SUM(B8:E8) -> 238 | G8: Product Engineering, MKT, 2 operator, Kasir | H8: ='10.24 MAPPING SHOPPINGBAG'!K73 -> 18 | I8: ='10.24 MAPPING SHOPPINGBAG'!L73 -> 21 | J8: ='10.24 MAPPING SHOPPINGBAG'!M73 -> 92 | K8: ='10.24 MAPPING SHOPPINGBAG'!N73 -> 102 | L8: =SUM(H8:K8) -> 233 | M8: =F8-L8 -> 5
A9: TWL | B9: ='10.24 MAPPING TWL'!E52 -> 25 | C9: ='10.24 MAPPING TWL'!F52 -> 2 | D9: ='10.24 MAPPING TWL'!G52 -> 52 | E9: ='10.24 MAPPING TWL'!H52 -> 74 | F9: =SUM(B9:E9) -> 153 | G9: Diajukan kry tetap 2 karyawan (PHL tambah 22 orang untuk mesin die cut baru) | H9: ='10.24 MAPPING TWL'!K52 -> 23 | I9: ='10.24 MAPPING TWL'!L52 -> 4 | J9: ='10.24 MAPPING TWL'!M52 -> 48 | K9: ='10.24 MAPPING TWL'!N52 -> 56 | L9: =SUM(H9:K9) -> 131 | M9: =F9-L9 -> 22
A10: TOTAL SBU PACKAGING | B10: =SUM(B6:B9) -> 86 | C10: =SUM(C6:C9) -> 64 | D10: =SUM(D6:D9) -> 279 | E10: =SUM(E6:E9) -> 269 | F10: =SUM(F6:F9) -> 698 | H10: =SUM(H6:H9) -> 83 | I10: =SUM(I6:I9) -> 56 | J10: =SUM(J6:J9) -> 262 | K10: =SUM(K6:K9) -> 251 | L10: =SUM(L6:L9) -> 652 | M10: =SUM(M6:M9) -> 46
A12: BIAYA GAJI PER BULAN SDM SBU PACKAGING
A13: CABANG | B13: KEBUTUHAN SDM | H13: EXISTING SDM | M13: SELISIH | N13: PLAN OMZET | O13: % BIAYA SDM KEBUTUHAN | P13: % BIAYA SDM EXISTING | Q13: GAJI T/K SAJA 2025 | R13: THR 2025 | S13: BPJS (Perusahaan) 2025 | T13: Rawat Jalan 2025 | U13: Rawat Inap 2025
B14: TETAP | C14: KONTRAK | D14: OS FIX | E14: OS VARIABEL | F14: JUMLAH | G14: KETERANGAN | H14: TETAP | I14: KONTRAK | J14: OS FIX | K14: OS VARIABEL | L14: JUMLAH | Q14: Per Bulan | R14: Per Bulan | S14: Per Bulan | T14: Per Bulan | U14: Per Bulan
A15: PACKAGING SURABAYA | B15: =(5%*H15)+H15 -> 1.4270609e+08 | C15: =(5%*I15)+I15+(2*5000000) -> 1.3064057e+08 | D15: =(5%*J15)+J15+(2*100000) -> 183293750 | E15: =(5%*K15)+K15 -> 74812500 | F15: =SUM(B15:E15) -> 5.3145291e+08 | H15: =133160562+2750000 -> 135910562 | I15: =112095782+2800000 -> 114895782 | J15: =(30*130000*25)+(41*75000*25) -> 174375000 | K15: =(38*75000*25) -> 71250000 | L15: =SUM(H15:K15) -> 496431344 | M15: =F15-L15 -> 35021567 | N15: 3000000000 | O15: =F15/N15 -> 0.17715097 | P15: =L15/N15 -> 0.16547711 | Q15: 257519161 | R15: =(Q15/12)+(D15/12)+(E15/12) -> 42968784 | S15: =(10.89%*Q15)+(2%*D15)+(2%*E15) -> 33205962 | T15: =1%*Q15 -> 2575191.6 | U15: =1.5%*Q15 -> 3862787.4
A16: PACKAGING BEKASI | B16: =(5%*H16)+H16 -> 1.3104297e+08 | C16: =(5%*I16)+I16+(3*5500000) -> 98112650 | D16: =(5%*J16)+J16 -> 137812500 | E16: =(5%*K16)+K16 -> 101062500 | F16: =SUM(B16:E16) -> 4.6803062e+08 | H16: =122902833+1900000 -> 124802833 | I16: =76176333+1550000 -> 77726333 | J16: =(22*140000*25)+(31*70000*25) -> 131250000 | K16: =70000*55*25 -> 96250000 | L16: =SUM(H16:K16) -> 430029166 | M16: =F16-L16 -> 38001458 | N16: 2700000000 | O16: =F16/N16 -> 0.17334468 | P16: =L16/N16 -> 0.15927006 | Q16: 209033124 | R16: =(Q16/12)+(D16/12)+(E16/12) -> 37325677 | S16: =(10.89%*Q16)+(2%*D16)+(2%*E16) -> 27541207 | T16: =1%*Q16 -> 2090331.2 | U16: =1.5%*Q16 -> 3135496.9
A17: SHOPPINGBAG | B17: =(5%*H17)+H17 -> 1.3582093e+08 | C17: =(5%*I17)+I17+(4*5500000) -> 1.4037568e+08 | D17: =(5%*J17)+J17 -> 187031250 | E17: =(5%*K17)+K17 -> 174037500 | F17: =SUM(B17:E17) -> 6.3726536e+08 | H17: =126203267+3150000 -> 129353267 | I17: =111938745+800000 -> 112738745 | J17: =(125000*15*25)+(70000*75*25) -> 178125000 | K17: =65000*102*25 -> 165750000 | L17: =SUM(H17:K17) -> 585967012 | M17: =F17-L17 -> 51298351 | N17: 2500000000 | O17: =F17/N17 -> 0.25490614 | P17: =L17/N17 -> 0.2343868 | Q17: 250049113 | R17: =(Q17/12)+(D17/12)+(E17/12) -> 50926489 | S17: =(10.89%*Q17)+(2%*D17)+(2%*E17) -> 34451723 | T17: =1%*Q17 -> 2500491.1 | U17: =1.5%*Q17 -> 3750736.7
A18: TWL | B18: =(5%*H18)+H18 -> 1.1668357e+08 | C18: =(5%*I18)+I18 -> 19218255 | D18: =(5%*J18)+J18+6000000 -> 95617500 | E18: =(5%*K18)+K18+27000000 -> 115423125 | F18: =SUM(B18:E18) -> 3.4694245e+08 | G18: - | H18: =107877207+3250000 -> 111127207 | I18: 18303100 | J18: 85350000 | K18: 84212500 | L18: =SUM(H18:K18) -> 298992807 | M18: =F18-L18 -> 47949640 | N18: 4000000000 | O18: =F18/N18 -> 0.086735612 | P18: =L18/N18 -> 0.074748202 | Q18: 132489322 | R18: =(Q18/12)+(D18/12)+(E18/12) -> 28627496 | S18: =(10.89%*Q18)+(2%*D18)+(2%*E18) -> 18648900 | T18: =1%*Q18 -> 1324893.2 | U18: =1.5%*Q18 -> 1987339.8
A19: TOTAL SBU PACKAGING | B19: =SUM(B15:B18) -> 5.2625356e+08 | C19: =SUM(C15:C18) -> 388347158 | D19: =SUM(D15:D18) -> 603755000 | E19: =SUM(E15:E18) -> 465335625 | F19: =SUM(F15:F18) -> 1983691345 | H19: =SUM(H15:H18) -> 501193869 | I19: =SUM(I15:I18) -> 323663960 | J19: =SUM(J15:J18) -> 569100000 | K19: =SUM(K15:K18) -> 417462500 | L19: =SUM(L15:L18) -> 1811420329 | M19: =F19-L19 -> 1.7227102e+08 | Q19: =SUM(Q15:Q18) -> 849090720 | R19: =SUM(R15:R18) -> 1.5984845e+08 | S19: =SUM(S15:S18) -> 1.1384779e+08 | T19: =SUM(T15:T18) -> 8490907.2 | U19: =SUM(U15:U18) -> 12736361
A23: RESUME JUMLAH TENAGA KERJA 2025
A24: KEBUTUHAN VS EXISTING
A25: Cabang | B25: Kebutuhan tetap/kontrak | C25: Kebutuhan os | D25: Total kebutuhan Keseluruhan | E25: Existing tetap/kontrak | F25: Existing os | G25: Total existing keseluruhan | H25: Rasio kebutuhan/existing karyawan | I25: Rasio kebutuhan/existing os | J25: DEVIASI
J26: Jumlah All | K26: Rasio All
A27: Packaging Surabaya | B27: =B6+C6 -> 45 | C27: =D6+E6 -> 122 | D27: =SUM(B27:C27) -> 167 | E27: =H6+I6 -> 41 | F27: =J6+K6 -> 109 | G27: =SUM(E27:F27) -> 150 | H27: =(E27-B27)/B27 -> -0.088888889 | I27: =(F27-C27)/C27 -> -0.10655738 | J27: =G27-D27 -> -17 | K27: =(G27-D27)/D27 -> -0.10179641
A28: Packaging Bekasi | B28: =B7+C7 -> 35 | C28: =D7+E7 -> 105 | D28: =SUM(B28:C28) -> 140 | E28: =H7+I7 -> 32 | F28: =J7+K7 -> 106 | G28: =SUM(E28:F28) -> 138 | H28: =(E28-B28)/B28 -> -0.085714286 | I28: =(F28-C28)/C28 -> 0.0095238095 | J28: =G28-D28 -> -2 | K28: =(G28-D28)/D28 -> -0.014285714
A29: Shoppingbag | B29: =B8+C8 -> 43 | C29: =D8+E8 -> 195 | D29: =SUM(B29:C29) -> 238 | E29: =H8+I8 -> 39 | F29: =J8+K8 -> 194 | G29: =SUM(E29:F29) -> 233 | H29: =(E29-B29)/B29 -> -0.093023256 | I29: =(F29-C29)/C29 -> -0.0051282051 | J29: =G29-D29 -> -5 | K29: =(G29-D29)/D29 -> -0.021008403
A30: TWL | B30: =B9+C9 -> 27 | C30: =D9+E9 -> 126 | D30: =SUM(B30:C30) -> 153 | E30: =H9+I9 -> 27 | F30: =J9+K9 -> 104 | G30: =SUM(E30:F30) -> 131 | H30: =(E30-B30)/B30 -> 0 | I30: =(F30-C30)/C30 -> -0.17460317 | J30: =G30-D30 -> -22 | K30: =(G30-D30)/D30 -> -0.14379085
A31: SBU PACKAGING | B31: =SUM(B27:B30) -> 150 | C31: =SUM(C27:C30) -> 548 | D31: =SUM(D27:D30) -> 698 | E31: =SUM(E27:E30) -> 139 | F31: =SUM(F27:F30) -> 513 | G31: =SUM(G27:G30) -> 652 | H31: =(E31-B31)/B31 -> -0.073333333 | I31: =(F31-C31)/C31 -> -0.063868613 | J31: =SUM(J26:J30) -> -46 | K31: =(G31-D31)/D31 -> -0.065902579
A33: BIAYA SDM
A34: Cabang | B34: Kebutuhan Fix cost karyawan | C34: Kebutuhan Fix cost OS | D34: Total Kebutuhan Biaya | E34: Existing Fix Cost Karyawan | F34: Existing Fix Cost PHL | G34: Total Biaya Existing | H34: rasio fix cost karyawan | I34: rasio fix cost OS | J34: Omset/bulan | K34: Biaya/Omset
A35: Packaging Surabaya | B35: =B15+C15 -> 2.7334666e+08 | C35: =D15+E15 -> 258106250 | D35: =$B$35+C35 -> 5.3145291e+08 | E35: =H15+I15 -> 250806344 | F35: =J15+K15 -> 245625000 | G35: =E35+F35 -> 496431344 | H35: =(E35-B35)/B35 -> -0.082460554 | I35: =(F35-C35)/C35 -> -0.048357024 | J35: 3000000000 | K35: =G35/J35 -> 0.16547711
A36: Packaging Bekasi | B36: =B16+C16 -> 2.2915562e+08 | C36: =D16+E16 -> 238875000 | D36: =B36+C36 -> 4.6803062e+08 | E36: =H16+I16 -> 202529166 | F36: =J16+K16 -> 227500000 | G36: =E36+F36 -> 430029166 | H36: =(E36-B36)/B36 -> -0.11619378 | I36: =(F36-C36)/C36 -> -0.047619048 | J36: 2700000000 | K36: =G36/J36 -> 0.15927006
A37: Shoppingbag | B37: =B17+C17 -> 2.7619661e+08 | C37: =D17+E17 -> 361068750 | D37: =B37+C37 -> 6.3726536e+08 | E37: =H17+I17 -> 242092012 | F37: =J17+K17 -> 343875000 | G37: =E37+F37 -> 585967012 | H37: =(E37-B37)/B37 -> -0.12347943 | I37: =(F37-C37)/C37 -> -0.047619048 | J37: 2500000000 | K37: =G37/J37 -> 0.2343868
A38: TWL | B38: =B18+C18 -> 1.3590182e+08 | C38: =D18+E18 -> 211040625 | D38: =B38+C38 -> 3.4694245e+08 | E38: =H18+I18 -> 129430307 | F38: =J18+K18 -> 169562500 | G38: =E38+F38 -> 298992807 | H38: =(E38-B38)/B38 -> -0.047619048 | I38: =(F38-C38)/C38 -> -0.19654095 | J38: 4000000000 | K38: =G38/J38 -> 0.074748202
A39: SBU PACKAGING | B39: =SUM(B35:B38) -> 9.1460072e+08 | C39: =SUM(C35:C38) -> 1069090625 | D39: =SUM(D35:D38) -> 1983691345 | E39: =SUM(E35:E38) -> 824857829 | F39: =SUM(F35:F38) -> 986562500 | G39: =SUM(G35:G38) -> 1811420329 | H39: =(E39-B39)/B39 -> -0.098122481 | I39: =(F39-C39)/C39 -> -0.077194695 | J39: =SUM(J34:J38) -> 12200000000 | K39: =(G39-D39)/D39 -> -0.08684366
A52: JUMLAH DATA OS SBU PACKAGING AKTIF
A53: CABANG | B53: JUMLAH | C53: Plan
A54: PACKAGING SURABAYA | B54: ='MAPPING ALL CABANG'!M92+'MAPPING ALL CABANG'!N92 -> 127
A55: PACKAGING BEKASI | B55: ='MAPPING ALL CABANG'!Y92+'MAPPING ALL CABANG'!Z92 -> 100
A56: SHOPPINGBAG | B56: ='MAPPING ALL CABANG'!AK92+'MAPPING ALL CABANG'!AL92 -> 135
A57: TEMAPACK | B57: ='MAPPING ALL CABANG'!AW92+'MAPPING ALL CABANG'!AX92 -> 0
A58: TWL | B58: ='SDM TWL 2024'!F136 -> 98 | C58: -
A59: TOTAL SBU PACK | B59: =SUM(B54:B58) -> 460
A61: TOTAL SDM KARYAWAN & PHL S/D FEBRUARI 2024
A62: CABANG | B62: TETAP | C62: KONTRAK | D62: OS | E62: JUMLAH
A63: PACKAGING SURABAYA | B63: =H6 -> 22 | C63: =I6 -> 19 | D63: =B54 -> 127 | E63: =B63+C63+D63 -> 168
A64: PACKAGING BEKASI | B64: =H7 -> 20 | C64: =I7 -> 12 | D64: =B55 -> 100 | E64: =B64+C64+D64 -> 132
A65: SHOPPINGBAG | B65: =H8 -> 18 | C65: =I8 -> 21 | D65: =B56 -> 135 | E65: =B65+C65+D65 -> 174
A66: TEMAPACK | B66: =#REF! -> #REF! | C66: =#REF! -> #REF! | D66: =B57 -> 0 | E66: =B66+C66+D66 -> #REF!
A67: TWL | B67: =H9 -> 23 | C67: =I9 -> 4 | D67: =B58 -> 98 | E67: =B67+C67+D67 -> 125
A68: TOTAL SBU PACK | B68: =SUM(B63:B67) -> #REF! | C68: =SUM(C63:C67) -> #REF! | D68: =SUM(D63:D67) -> 460 | E68: =SUM(E63:E67) -> #REF!
A73: UPDATE 10/03/2022
A74: JUMLAH SDM KARYAWAN SBU PACKAGING
A76: CABANG | B76: TETAP | C76: KONTRAK | D76: JUMLAH | E76: Plan
A77: PACKAGING SURABAYA | B77: 20 | C77: 19 | D77: =B77+C77 -> 39 | E77: Penambahan 1 karyawan mesin CD 5 & 1 posisi Kadiv Teknik
A78: PACKAGING BEKASI | B78: 18 | C78: 17 | D78: =B78+C78 -> 35 | E78: Penambahan 1 karyawan purchasing & 1 karyawan piutang
A79: SHOPPINGBAG | B79: 2 | C79: 12 | D79: =B79+C79 -> 14 | E79: -
A80: TEMAPACK | B80: 11 | C80: 7 | D80: =B80+C80 -> 18 | E80: Penambahan 1 Leader Marketing & 1 karyawan design
A81: JO MALANG | B81: 24 | C81: 4 | D81: =B81+C81 -> 28 | E81: -
A82: TOTAL SBU PACK | B82: =SUM(B77:B81) -> 75 | C82: =SUM(C77:C81) -> 59 | D82: =B82+C82 -> 134
A84: JUMLAH DATA KBM SBU PACKAGING AKTIF
A85: CABANG | B85: JUMLAH | C85: Plan
A86: PACKAGING SURABAYA | B86: 82 | C86: Penambahan 3 HL mesin CD 5
A87: PACKAGING BEKASI | B87: 72 | C87: Penambahan 2 HL mesin Lem
A88: SHOPPINGBAG | B88: 18 | C88: -
A89: TEMAPACK | B89: 9 | C89: Penambahan 2 HL mesin Molding J08 Line 1
A90: JO MALANG | B90: 87 | C90: -
A91: TOTAL SBU PACK | B91: =SUM(B86:B90) -> 268
A94: TOTAL SDM KARYAWAN & PHL S/D MARET 2022
A95: CABANG | B95: TETAP | C95: KONTRAK | D95: KBM | E95: JUMLAH
A96: PACKAGING SURABAYA | B96: =B77 -> 20 | C96: =C77 -> 19 | D96: =B86 -> 82 | E96: =B96+C96+D96 -> 121
A97: PACKAGING BEKASI | B97: =B78 -> 18 | C97: =C78 -> 17 | D97: =B87 -> 72 | E97: =B97+C97+D97 -> 107
A98: SHOPPINGBAG | B98: =B77 -> 20 | C98: =C77 -> 19 | D98: =#REF! -> #REF! | E98: =B98+C98+D98 -> #REF!
A99: TEMAPACK | B99: =B80 -> 11 | C99: =C80 -> 7 | D99: =B89 -> 9 | E99: =B99+C99+D99 -> 27
A100: JO MALANG | B100: 24 | C100: 4 | D100: 87 | E100: =B100+C100+D100 -> 115
A101: TOTAL SBU PACK | B101: =SUM(B96:B100) -> 93 | C101: =SUM(C96:C100) -> 66 | D101: =SUM(D96:D100) -> #REF! | E101: =SUM(E96:E100) -> #REF!

Sheet KRY 2024
A1: Page 8 | B1: DATA KARYAWAN TMG - PACKAGING
J2: Status Karyawan | K2: AwalMasuk | L2: Awal/Periode | M2: Akhir/Sd | N2: TahunPengangkatan
D3: Nama Pegawai | E3: No Registrasi | F3: Jabatan | G3: Level | H3: Departemen | I3: Cost Center | O3: AwalDiangkat | S3: TanggalLahir
B4: No | C4: NIP | P4: Status | Q4: Pendidikan | R4: L/P
B5: 1 | C5: 0800773 | D5: ERI SURYA WATI | E5: 0108143 | F5: Kadiv Accounting | G5: Kasi/Wakasi/Kadiv/W akadiv/Koordinator | H5: Accounting/Finan ce | I5: Akuntansi | J5: Tetap | K5: 11-JAN-08 | L5: 01-JAN-12 | N5: 01-JAN-12 | O5: 2012 | P5: TK / 1 | Q5: S1 | R5: P | S5: 05-FEB-86
B6: 2 | C6: 1914410 | D6: RIANISKA_KARAH | E6: 011900364 | F6: Staff HRD | G6: Staff/Operator | H6: HRD & Umum | I6: HRD | J6: Tetap | K6: 01-JAN-19 | L6: 01-JAN-19 | N6: 01-JAN-19 | O6: 2019 | P6: TK / 0 | R6: L
B7: 3 | C7: 1701339 | D7: AHMAD ALAND ANANTA | E7: 011700210 | F7: Operational Manager | G7: Manager | H7: Manager/Branch Manager | I7: Branch Manager | J7: Tetap | K7: 25-JUL-17 | L7: 01-JAN-19 | N7: 01-JAN-19 | O7: 2019 | P7: K / 2 | Q7: MM | R7: L | S7: 03-NOV-92
B8: 4 | C8: 1701333 | D8: YISKA AVIYANTI | E8: 011700181 | F8: Kadiv Marketing | G8: Kasi/Wakasi/Kadiv/W akadiv/Koordinator | H8: Pemasaran | I8: Pemasaran | J8: Tetap | K8: 05-JUN-17 | L8: 01-JUL-19 | N8: 01-JUL-19 | O8: 2019 | P8: TK / 2 | Q8: D3 | R8: P | S8: 19-DEC-79
B9: 5 | C9: 1914272 | D9: SUPRIYATIN | E9: 011900002 | F9: Marketing | G9: Staff/Operator | H9: Pemasaran | I9: Pemasaran | J9: Tetap | K9: 01-JUL-19 | L9: 01-SEP-20 | N9: 01-SEP-20 | O9: 2020 | P9: TK / 2 | Q9: S1 | R9: P | S9: 24-NOV-87
B10: 6 | C10: 2214702 | D10: YONGKI INDRA LESMANA | E10: 012200015 | F10: Marketing | G10: Staff/Operator | H10: Pemasaran | I10: Pemasaran | J10: Tetap | K10: 01-JAN-22 | L10: 01-JAN-22 | N10: 01-JAN-22 | O10: 2022 | P10: K / 2 | Q10: S1 | R10: L | S10: 04-JUN-92
B11: 7 | C11: 0600912 | D11: JUMADI ADI WIJAYA | E11: 1106600 | F11: Gudang Barang Jadi | G11: Staff/Operator | H11: Product Planning Control | I11: Gudang B.Jadi | J11: Tetap | K11: 26-JAN-06 | L11: 01-JAN-12 | N11: 01-JAN-12 | O11: 2012 | P11: K / 2 | Q11: SMKN | R11: L | S11: 23-OCT-86
B12: 8 | C12: 2114683 | D12: INDRA VIRONIKE | E12: 012100269 | F12: Kadiv PPIC | G12: Kasi/Wakasi/Kadiv/W akadiv/Koordinator | H12: Product Planning Control | I12: PPIC | J12: Tetap | K12: 22-DEC-21 | L12: 01-JAN-23 | N12: 01-JAN-23 | O12: 2023 | P12: K / 3 | Q12: S1 | R12: L | S12: 08-FEB-87
B13: 9 | C13: 0700609 | D13: BUDI DWI SETIONO | E13: 0107024 | F13: Staff PPIC | G13: Staff/Operator | H13: Product Planning Control | I13: PPIC | J13: Tetap | K13: 08-JAN-07 | L13: 01-JAN-10 | N13: 01-JAN-10 | O13: 2010 | P13: K / 2 | Q13: SMK-GF | R13: L | S13: 01-AUG-88
B14: 10 | C14: 2214701 | D14: WILDAN FIRMANSYAH | E14: 012200016 | F14: Desain Grafis | G14: Staff/Operator | H14: Produksi | I14: Pra Cetak | J14: Tetap | K14: 01-JAN-22 | L14: 01-JAN-22 | N14: 01-JAN-22 | O14: 2022 | P14: TK / 1 | Q14: S1 | R14: L | S14: 19-OCT-93
B15: 11 | C15: 2114518 | D15: FAJAR KRISWANTO | E15: 012100031 | F15: Finishing | G15: Staff/Operator | H15: Produksi | I15: Finishing | J15: Tetap | K15: 01-JAN-21 | L15: 01-JAN-24 | N15: 01-JAN-24 | O15: 2024 | P15: K / 1 | Q15: SMK | R15: L | S15: 10-MAR-88
B16: 12 | C16: 1501252 | D16: HENDRO BASUKI | E16: 011500508 | F16: Finishing | G16: Staff/Operator | H16: Produksi | I16: Finishing | J16: Tetap | K16: 22-JUL-15 | L16: 25-JUL-19 | N16: 25-JUL-19 | O16: 2019 | P16: TK / 0 | Q16: SMK | R16: L | S16: 28-JUN-80
B17: 13 | C17: HL60061 | D17: IRFAN MAHMUDI | E17: 1106569 | F17: Finishing | G17: Staff/Operator | H17: Produksi | I17: Finishing | J17: Tetap | K17: 20-JUN-05 | L17: 01-JUL-15 | N17: 01-JUL-15 | O17: 2015 | P17: TK / 2 | Q17: SMK | R17: L | S17: 18-JUL-85
B18: 14 | C18: 0700710 | D18: MUKHAMAD FAHZRI | E18: 1207005 | F18: Finishing | G18: Staff/Operator | H18: Produksi | I18: Finishing | J18: Tetap | K18: 13-DEC-07 | L18: 01-JAN-10 | N18: 01-JAN-10 | O18: 2010 | P18: K / 2 | Q18: SMK-GF | R18: L | S18: 21-APR-88
B19: 15 | C19: 0801018 | D19: HAFID ZAINUDIN | E19: 0108213 | F19: Karu Finishing | G19: Karu/Wakaru | H19: Produksi | I19: Finishing | J19: Tetap | K19: 01-JAN-08 | L19: 01-JUN-14 | N19: 01-JUN-14 | O19: 2014 | P19: K / 2 | Q19: SMK | R19: L | S19: 20-JAN-84
B20: 16 | C20: 1501249 | D20: DIDIK SANTOSO | E20: 011500320 | F20: Karu Produksi | G20: Karu/Wakaru | H20: Produksi | I20: Sheet | J20: Tetap | K20: 25-MAY-15 | L20: 01-AUG-17 | N20: 01-AUG-17 | O20: 2017 | P20: TK / 2 | Q20: SMK-GF | R20: L | S20: 06-FEB-78
B21: 17 | C21: 0500668 | D21: AGUS SUPIADI | E21: 1106559 | F21: Op. Cetak Sheet | G21: Staff/Operator | H21: Produksi | I21: Sheet | J21: Tetap | K21: 19-MAY-05 | L21: 01-JAN-11 | N21: 01-JAN-11 | O21: 2011 | P21: K / 3 | Q21: SLTA | R21: L | S21: 16-AUG-83
B22: 18 | C22: 1501261 | D22: KURNIAWAN HARIADI | E22: 011500674 | F22: Op. Cetak Sheet | G22: Staff/Operator | H22: Produksi | I22: Sheet | J22: Tetap | K22: 02-NOV-15 | L22: 01-JAN-21 | N22: 01-JAN-21 | O22: 2021 | P22: K / 1 | Q22: SMKN | R22: L | S22: 03-APR-92 | T22: RESIGN
B23: 19 | C23: 2114519 | D23: PUSPITA RIZKI ANDININGRUM | E23: 012100032 | F23: Staff D&D | G23: Staff/Operator | H23: Produksi | I23: Pra Cetak | J23: Tetap | K23: 01-JAN-21 | L23: 01-JAN-24 | N23: 01-JAN-24 | O23: 2024 | P23: TK / 0 | Q23: S1 | R23: P | S23: 02-JUN-94
B24: 20 | C24: 0500519 | D24: DARYANTO | E24: 1106188 | F24: Kadiv R&D QC | G24: Kasi/Wakasi/Kadiv/W akadiv/Koordinator | H24: Q C | I24: QC | J24: Tetap | K24: 15-DEC-05 | L24: 01-JAN-08 | N24: 01-JAN-08 | O24: 2008 | P24: K / 2 | Q24: D3 | R24: L | S24: 08-SEP-83
B25: 21 | C25: 0700719 | D25: FERIK MURDIANTO | E25: 1207007 | F25: Staff R&D dan QC | G25: Staff/Operator | H25: Q C | I25: QC | J25: Tetap | K25: 17-DEC-07 | L25: 01-JAN-10 | N25: 01-JAN-10 | O25: 2010 | P25: K / 2 | Q25: SMK-GF | R25: L | S25: 13-NOV-87
B26: 22 | C26: 1501251 | D26: BIMAS IRVAN ADE PRASETIA | E26: 011500499 | F26: Elektrik | G26: Staff/Operator | H26: Teknik | I26: Elektrik | J26: Tetap | K26: 01-JUL-15 | L26: 01-JAN-19 | N26: 01-JAN-19 | O26: 2019 | P26: TK / 0 | Q26: SMK | R26: L | S26: 11-DEC-94
B27: 23 | C27: 2114654 | D27: RACHMAD WAHYU ALAMSAH | E27: 012100237 | F27: Karu Elektrik | G27: Karu/Wakaru | H27: Teknik | I27: Elektrik | J27: Tetap | K27: 01-AUG-21 | L27: 01-JAN-23 | N27: 01-JAN-23 | O27: 2023 | P27: K / 2 | Q27: D3 | R27: L | S27: 22-FEB-78
B28: 24 | C28: 0800680 | D28: FEBRI SUGIARTO | E28: 0108135 | F28: Mekanik | G28: Staff/Operator | H28: Teknik | I28: Mekanik | J28: Tetap | K28: 01-JAN-08 | L28: 01-JAN-11 | N28: 01-JAN-11 | O28: 2011 | P28: K / 1 | Q28: SMK | R28: L | S28: 26-FEB-88
B29: 25 | C29: 0800917 | D29: MUHAMMAD YUNUS | E29: 0108154 | F29: Mekanik | G29: Staff/Operator | H29: Teknik | I29: Mekanik | J29: Tetap | K29: 01-JAN-08 | L29: 01-JAN-14 | N29: 01-JAN-14 | O29: 2014 | P29: K / 1 | Q29: SMK | R29: L | S29: 21-NOV-87
D30: Jumlah | K30: 25 Orang
B31: 1 | C31: 2114591 | D31: EDI SUWIGNYO HASYIM | E31: 012100170 | F31: General Manager Packaging | G31: General Manager | H31: General Manager | I31: General Manager | J31: Kontrak pasca pensiun | K31: 01-AUG-21 | L31: 01-JAN-24 | M31: 31-DEC-24 | P31: K / 2 | Q31: SMU | R31: L | S31: 23-MAR-73
B32: 2 | C32: 2314858 | D32: STELLA GABRIELLE HARNAS | E32: 012300202 | F32: Staff HRD | G32: Staff/Operator | H32: HRD & Umum | I32: HRD | J32: Kontrak 1 | K32: 18-DEC-23 | L32: 18-DEC-23 | M32: 30-JUN-24 | P32: TK / 0 | Q32: MM | R32: P | S32: 04-MAY-91
B33: 3 | C33: 2314814 | D33: PRAMESWARI CHRISNAMURTI | E33: 012300088 | F33: Marketing Support | G33: Staff/Operator | H33: Pemasaran | I33: Administrasi Pemasaran | J33: Kontrak 2 | K33: 01-JUL-23 | L33: 01-JAN-24 | M33: 30-JUN-24 | P33: TK / 0 | Q33: S1 | R33: P | S33: 21-JUL-94
B34: 4 | C34: 2314808 | D34: EKO NUR KHAFID | E34: 012300068 | F34: Staff Purchasing | G34: Staff/Operator | H34: Pembelian | I34: Pembelian | J34: Kontrak 2 | K34: 19-JUN-23 | L34: 01-JAN-24 | M34: 31-DEC-24 | P34: K / 1 | Q34: S1 | R34: L | S34: 04-APR-89
B35: 5 | C35: 2214784 | D35: ADI JAYA | E35: 012300017 | F35: Gudang Bahan Baku | G35: Staff/Operator | H35: Product Planning Control | I35: Gudang B.Baku | J35: Kontrak 2 | K35: 01-APR-22 | L35: 01-JAN-24 | M35: 31-DEC-24 | P35: TK / 0 | Q35: S1 | R35: L | S35: 03-MAR-94
B36: 6 | C36: 2214710 | D36: JEFFRY PRASETYO | E36: 012200029 | F36: Desain Grafis | G36: Staff/Operator | H36: Produksi | I36: Pra Cetak | J36: Kontrak 3 | K36: 16-FEB-22 | L36: 01-SEP-23 | M36: 31-AUG-24 | P36: TK / 0 | Q36: SMK | R36: L | S36: 08-MAY-95
B37: 7 | C37: 2314800 | D37: SALVIAN ILHAM PRAYOGA | E37: 012300039 | F37: Desain Grafis | G37: Staff/Operator | H37: Produksi | I37: Pra Cetak | J37: Kontrak 2 | K37: 10-MAY-23 | L37: 01-JAN-24 | M37: 31-DEC-24 | P37: TK / 0 | Q37: S1 | R37: L | S37: 29-OCT-92
B38: 8 | C38: 2114554 | D38: WAHYU SAPTO ADHI | E38: 012100075 | F38: Desain Grafis | G38: Staff/Operator | H38: Produksi | I38: Pra Cetak | J38: Kontrak 4 | K38: 19-APR-21 | L38: 01-JAN-24 | M38: 31-DEC-24 | P38: TK / 1 | Q38: D3 | R38: L | S38: 26-MAR-76
A39: Page 9 | B39: DATA KARYAWAN TMG - PACKAGING
J40: Status Karyawan | K40: AwalMasuk | L40: Awal/Periode | M40: Akhir/Sd | N40: TahunPengangkatan
D41: Nama Pegawai | E41: No Registrasi | F41: Jabatan | G41: Level | H41: Departemen | I41: Cost Center | O41: AwalDiangkat | S41: TanggalLahir
B42: No | C42: NIP | P42: Status | Q42: Pendidikan | R42: L/P
B43: 9 | C43: 2114553 | D43: ANDRIS WIDIASTANTO | E43: 012100074 | F43: Finishing | G43: Staff/Operator | H43: Produksi | I43: Finishing | J43: Kontrak 4 | K43: 12-APR-21 | L43: 01-JAN-24 | M43: 31-DEC-24 | P43: TK / 0 | Q43: SMKN | R43: L | S43: 29-NOV-94
B44: 10 | C44: 2114650 | D44: HAZYZUL HUDOYO | E44: 012100233 | F44: Finishing | G44: Staff/Operator | H44: Produksi | I44: Finishing | J44: Kontrak pasca pensiun | K44: 01-AUG-21 | L44: 01-JAN-24 | M44: 31-DEC-24 | P44: K / 2 | Q44: SMK | R44: L | S44: 06-AUG-80
B45: 11 | C45: 2314790 | D45: BENI SASMITA | E45: 012300026 | F45: Kadiv Produksi | G45: Kasi/Wakasi/Kadiv/W akadiv/Koordinator | H45: Produksi | I45: Sheet | J45: Kontrak 2 | K45: 01-MAR-23 | L45: 01-JAN-24 | M45: 31-DEC-24 | P45: TK / 2 | Q45: D3 | R45: L | S45: 07-APR-86
B46: 12 | C46: 2214756 | D46: GAMA CHRISTIAWAN | E46: 012200116 | F46: Karu Finishing | G46: Karu/Wakaru | H46: Produksi | I46: Finishing | J46: Kontrak 3 | K46: 01-AUG-22 | L46: 01-JAN-24 | M46: 31-DEC-24 | P46: TK / 1 | Q46: SLTA | R46: L | S46: 19-JUN-82
B47: 13 | C47: 2214785 | D47: ASEP HIDAYAT | E47: 012300018 | F47: Op. Cetak Sheet | G47: Staff/Operator | H47: Produksi | I47: Sheet | J47: Kontrak 2 | K47: 01-APR-22 | L47: 01-JAN-24 | M47: 31-DEC-24 | P47: TK / 0 | Q47: SMK-GF | R47: L | S47: 23-NOV-88
B48: 14 | C48: 2114652 | D48: KURNIADI | E48: 012100235 | F48: Op. Cetak Sheet | G48: Staff/Operator | H48: Produksi | I48: Sheet | J48: Kontrak pasca pensiun | K48: 01-AUG-21 | L48: 01-JAN-24 | M48: 31-DEC-24 | P48: K / 3 | Q48: SMK-GF | R48: L | S48: 11-OCT-78
B49: 15 | C49: 2114674 | D49: HANAFI MIFTAKHUL ULUM | E49: 012100253 | F49: Staff QC | G49: Staff/Operator | H49: Q C | I49: QC | J49: Kontrak 4 | K49: 01-OCT-21 | L49: 01-JAN-24 | M49: 31-DEC-24 | P49: K / 1 | Q49: S1 | R49: L | S49: 25-MAY-88
B50: 16 | C50: 2214738 | D50: JONI KURNIANTO | E50: 012200088 | F50: Staff QC | G50: Staff/Operator | H50: Q C | I50: QC | J50: Kontrak 5 | K50: 01-APR-22 | L50: 01-JAN-24 | M50: 31-DEC-24 | P50: TK / 0 | Q50: S1 | R50: L | S50: 27-JUN-76
B51: 17 | C51: 1914399 | D51: EKO WIDIYANTO | E51: 011900336 | F51: Staff R&D dan QC | G51: Staff/Operator | H51: Q C | I51: QC | J51: Kontrak 5 | K51: 07-OCT-19 | L51: 01-JAN-24 | M51: 31-DEC-24 | P51: TK / 0 | Q51: D1 | R51: L | S51: 18-JUN-85
B52: 18 | C52: 2414871 | D52: RIZAL ROSADI | E52: 012400010 | F52: Supervisor QC | G52: Kasi/Wakasi/Kadiv/W akadiv/Koordinator | H52: Q C | I52: QC | J52: Kontrak 1 | K52: 16-JAN-24 | L52: 16-JAN-24 | M52: 30-JUN-24 | P52: K / 0 | Q52: S1 | R52: L | S52: 24-NOV-94
D53: Jumlah | K53: 18 Orang
A54: Page 11 | B54: DATA KARYAWAN TMG - PACKAGING BEKASI
J55: Status Karyawan | K55: AwalMasuk | L55: Awal/Periode | M55: Akhir/Sd | N55: TahunPengangkatan
D56: Nama Pegawai | E56: No Registrasi | F56: Jabatan | G56: Level | H56: Departemen | I56: Cost Center | O56: AwalDiangkat | S56: TanggalLahir
B57: No | C57: NIP | P57: Status | Q57: Pendidikan | R57: L/P
B58: 1 | C58: 1301138 | D58: AGUSTINA RIANI | E58: 011300955 | F58: Karu GA | G58: Karu/Wakaru | H58: HRD & Umum | I58: Umum | J58: Tetap | K58: 01-JUL-13 | L58: 01-JAN-14 | N58: 01-JAN-14 | O58: 2014 | P58: TK / 2 | Q58: SMU | R58: P | S58: 25-AUG-83
B59: 2 | C59: 2314817 | D59: RIANISKA PACK BEKASI | E59: 012300095 | F59: Staff HC | G59: Staff/Operator | H59: HRD & Umum | I59: HRD | J59: Tetap | K59: 01-JAN-23 | L59: 01-JAN-23 | N59: 01-JAN-23 | O59: 2023 | P59: TK / 0 | R59: L
B60: 3 | C60: 1701348 | D60: FRANS DWI SAPUTRA ATMANAGARA | E60: 011700323 | F60: Assisten Manager | G60: Manager | H60: Manager/Branch Manager | I60: Manager Produksi | J60: Tetap | K60: 01-NOV-17 | L60: 01-JAN-19 | N60: 01-JAN-19 | O60: 2019 | P60: K / 1 | Q60: S1 | R60: L | S60: 14-NOV-94
B61: 4 | C61: 1814215 | D61: ABDUL RODJAK | E61: 011800143 | F61: Staff Admin Marketing | G61: Staff/Operator | H61: Pemasaran | I61: Administrasi Pemasaran | J61: Tetap | K61: 01-MAY-18 | L61: 01-JAN-19 | N61: 01-JAN-19 | O61: 2019 | P61: TK / 2 | Q61: D3 | R61: L | S61: 12-SEP-77
B62: 5 | C62: 1301159 | D62: SUNARTO | E62: 011301386 | F62: Staff Purchasing | G62: Staff/Operator | H62: Pembelian | I62: Pembelian | J62: Tetap | K62: 01-DEC-13 | L62: 01-JAN-16 | N62: 01-JAN-16 | O62: 2016 | P62: TK / 0 | Q62: SMA | R62: L | S62: 28-JUN-94
B63: 6 | C63: 0901275 | D63: LUKMAN | E63: 010803290 | F63: Ekspedisi | G63: Staff/Operator | H63: Produksi | I63: Ekspedisi | J63: Tetap | K63: 01-JAN-09 | L63: 01-JAN-15 | N63: 01-JAN-15 | O63: 2015 | P63: K / 2 | Q63: SMA | R63: L | S63: 27-JUL-90
B64: 7 | C64: 1814209 | D64: NOVERTA ARIA CHANDRA | E64: 011800170 | F64: Karu Pracetak & DD | G64: Karu/Wakaru | H64: Produksi | I64: Pra Cetak | J64: Tetap | K64: 01-MAY-18 | L64: 01-JAN-19 | N64: 01-JAN-19 | O64: 2019 | P64: TK / 2 | Q64: S1 | R64: L | S64: 11-JUL-87
B65: 8 | C65: 1814186 | D65: PAMBUDI | E65: 011800131 | F65: Karu Produksi | G65: Karu/Wakaru | H65: Produksi | I65: Sheet | J65: Tetap | K65: 01-MAY-18 | L65: 01-JAN-19 | N65: 01-JAN-19 | O65: 2019 | P65: TK / 2 | Q65: SMA | R65: L | S65: 11-JAN-77
B66: 9 | C66: 1814196 | D66: HENDRI | E66: 011800126 | F66: Operator Finishing | G66: Staff/Operator | H66: Produksi | I66: Finishing | J66: Tetap | K66: 01-MAY-18 | L66: 01-JAN-19 | N66: 01-JAN-19 | O66: 2019 | P66: TK / 2 | Q66: SMU | R66: L | S66: 12-MAR-85
B67: 10 | C67: 1814208 | D67: KAMALUDIN | E67: 011800117 | F67: Operator Finishing | G67: Staff/Operator | H67: Produksi | I67: Finishing | J67: Tetap | K67: 01-MAY-18 | L67: 01-JAN-20 | N67: 01-JAN-20 | O67: 2020 | P67: TK / 2 | Q67: STM | R67: L | S67: 14-APR-77
B68: 11 | C68: 1814159 | D68: KARDISA | E68: 011800130 | F68: Operator Finishing | G68: Staff/Operator | H68: Produksi | I68: Finishing | J68: Tetap | K68: 01-MAY-18 | L68: 01-JAN-20 | N68: 01-JAN-20 | O68: 2020 | P68: TK / 2 | Q68: SMP | R68: L | S68: 08-AUG-80
B69: 12 | C69: 1814199 | D69: ROMI MAHA RISKY | E69: 011800158 | F69: Operator Finishing | G69: Staff/Operator | H69: Produksi | I69: Finishing | J69: Tetap | K69: 01-MAY-18 | L69: 01-JAN-20 | N69: 01-JAN-20 | O69: 2020 | P69: TK / 1 | Q69: SMK | R69: L | S69: 04-JAN-95
B70: 13 | C70: 1814214 | D70: WIWIK SAPARDI | E70: 011800169 | F70: Operator Finishing | G70: Staff/Operator | H70: Produksi | I70: Finishing | J70: Tetap | K70: 01-MAY-18 | L70: 01-JAN-19 | N70: 01-JAN-19 | O70: 2019 | P70: TK / 2 | Q70: SMP | R70: L | S70: 27-SEP-82
B71: 14 | C71: 1814192 | D71: AGUNG SETIAJI | E71: 011800174 | F71: Operator Sheet | G71: Staff/Operator | H71: Produksi | I71: Sheet | J71: Tetap | K71: 01-MAY-18 | L71: 01-JAN-20 | N71: 01-JAN-20 | O71: 2020 | P71: TK / 2 | Q71: STM | R71: L | S71: 19-DEC-77
B72: 15 | C72: 0500423 | D72: TEGUH SANTOSO | E72: 1106343 | F72: Operator Sheet | G72: Staff/Operator | H72: Produksi | I72: Sheet | J72: Tetap | K72: 20-DEC-04 | L72: 01-JAN-07 | N72: 01-JAN-07 | O72: 2007 | P72: K / 2 | Q72: SMK-GF | R72: L | S72: 14-MAR-85
B73: 16 | C73: 0500425 | D73: ROCHMAN | E73: 1106344 | F73: Karu QC | G73: Karu/Wakaru | H73: Q C | I73: QC | J73: Tetap | K73: 20-DEC-04 | L73: 01-JAN-07 | N73: 01-JAN-07 | O73: 2007 | P73: K / 1 | Q73: SMK-GF | R73: L | S73: 05-MAY-85
B74: 17 | C74: 1814211 | D74: SAMTO | E74: 011800137 | F74: Karu QC | G74: Karu/Wakaru | H74: Q C | I74: QC | J74: Tetap | K74: 01-MAY-18 | L74: 01-JAN-19 | N74: 01-JAN-19 | O74: 2019 | P74: TK / 2 | Q74: SMA | R74: L | S74: 28-DEC-70
B75: 18 | C75: 1814176 | D75: SUGENG PRIYONO | E75: 011800122 | F75: Quality Control | G75: Staff/Operator | H75: Q C | I75: QC | J75: Tetap | K75: 01-MAY-18 | L75: 01-JAN-19 | N75: 01-JAN-19 | O75: 2019 | P75: TK / 2 | Q75: SMA | R75: L | S75: 29-MAY-71
B76: 19 | C76: 1814182 | D76: HARYADI BIN ASMAWI | E76: 011800119 | F76: Staff QC | G76: Staff/Operator | H76: Q C | I76: QC | J76: Tetap | K76: 01-MAY-18 | L76: 01-JAN-20 | N76: 01-JAN-20 | O76: 2020 | P76: TK / 2 | Q76: SMK | R76: L | S76: 08-NOV-72
B77: 20 | C77: 1814152 | D77: TIRSON PARDOSI | E77: 011800157 | F77: Kadiv Teknik | G77: Kasi/Wakasi/Kadiv/W akadiv/Koordinator | H77: Teknik | I77: Mekanik | J77: Tetap | K77: 01-MAY-18 | L77: 01-JAN-19 | N77: 01-JAN-19 | O77: 2019 | P77: TK / 2 | Q77: SMA | R77: L | S77: 28-JUL-80
D78: Jumlah | K78: 20 Orang
B79: 1 | C79: 2314857 | D79: FATHIA RAHMANIA DINUL PUTRI | E79: 012300201 | F79: Staff HC | G79: Staff/Operator | H79: HRD & Umum | I79: HRD | J79: Kontrak 1 | K79: 01-DEC-23 | L79: 01-DEC-23 | M79: 31-DEC-24 | P79: TK / 0 | Q79: S1 | R79: P | S79: 29-SEP-97
B80: 2 | C80: 2014412 | D80: ANGGORO PUTUT SUSILO | E80: 012000011 | F80: Umum | G80: Staff/Operator | H80: HRD & Umum | I80: Umum | J80: Kontrak 5 | K80: 06-JAN-20 | L80: 01-JAN-24 | M80: 31-DEC-24 | P80: K / 1 | Q80: SMA | R80: L | S80: 28-JUN-87
B81: 3 | C81: 2114505 | D81: DIAN TAMARA WANTANIA | E81: 012100013 | F81: Kadiv Marketing | G81: Kasi/Wakasi/Kadiv/W akadiv/Koordinator | H81: Pemasaran | I81: Pemasaran | J81: Kontrak pasca pensiun | K81: 01-JAN-21 | L81: 01-JAN-24 | M81: 31-DEC-24 | P81: TK / 2 | Q81: S1 | R81: P | S81: 17-OCT-65
B82: 4 | C82: 2214752 | D82: GHEA GIOVANNI LIANTO | E82: 012200108 | F82: Marketing | G82: Staff/Operator | H82: Pemasaran | I82: Pemasaran | J82: Kontrak 3 | K82: 01-JUL-22 | L82: 01-JAN-24 | M82: 30-JUN-24 | P82: TK / 2 | Q82: S1 | R82: P | S82: 28-AUG-91
B83: 5 | C83: 2314782 | D83: HERU CAHYONO | E83: 012300015 | F83: Staff Gudang Bahan Baku | G83: Staff/Operator | H83: Product Planning Control | I83: Gudang B.Baku | J83: Kontrak 2 | K83: 11-JAN-23 | L83: 01-JAN-24 | M83: 31-MAR-24 | P83: TK / 0 | R83: L | S83: 11-JAN-92
B84: 6 | C84: 2114634 | D84: MOCHAMMAD SYAIFUL UBAIDI | E84: 012100217 | F84: Staff Gudang Sparepart | G84: Staff/Operator | H84: Product Planning Control | I84: Gudang B.Baku | J84: Kontrak pasca pensiun | K84: 01-AUG-21 | L84: 01-JAN-24 | M84: 31-DEC-24 | P84: K / 2 | Q84: SMK-GF | R84: L | S84: 06-FEB-78
B85: 7 | C85: 2114677 | D85: WARTOYO | E85: 012100262 | F85: Staff PPIC | G85: Staff/Operator | H85: Product Planning Control | I85: PPIC | J85: Kontrak 4 | K85: 01-NOV-21 | L85: 01-JAN-24 | M85: 31-DEC-24 | P85: K / 0 | Q85: S1 | R85: L | S85: 26-OCT-90
B86: 8 | C86: 2114635 | D86: MUNARI | E86: 012100218 | F86: Karu Pracetak & DD | G86: Karu/Wakaru | H86: Produksi | I86: Pra Cetak | J86: Kontrak pasca pensiun | K86: 01-AUG-21 | L86: 01-JAN-24 | M86: 31-DEC-24 | P86: K / 1 | Q86: SMU | R86: L | S86: 02-AUG-76
B87: 9 | C87: 2114675 | D87: AGUNG TRI HARTANTO | E87: 012100258 | F87: Operator Sheet | G87: Staff/Operator | H87: Produksi | I87: Sheet | J87: Kontrak 4 | K87: 21-OCT-21 | L87: 01-JAN-24 | M87: 31-DEC-24 | P87: TK / 2 | Q87: SMK-GF | R87: L | S87: 08-AUG-86
B88: 10 | C88: 2014418 | D88: BENI ADAM | E88: 012000017 | F88: Operator Sheet | G88: Staff/Operator | H88: Produksi | I88: Sheet | J88: Kontrak 1 | K88: 06-JAN-20 | L88: 01-JAN-24 | M88: 31-DEC-24 | P88: K / 1 | Q88: SMK | R88: L | S88: 14-SEP-93
B89: 11 | C89: 2114539 | D89: EDI SISWANTO | E89: 012100054 | F89: Operator Sheet | G89: Staff/Operator | H89: Produksi | I89: Sheet | J89: Kontrak 4 | K89: 01-FEB-21 | L89: 01-JAN-24 | M89: 31-DEC-24 | P89: K / 2 | Q89: SMK-GF | R89: L | S89: 11-JUN-83
B90: 12 | C90: 2014430 | D90: MAMAN KURNIAWAN | E90: 012000029 | F90: Operator Sheet | G90: Staff/Operator | H90: Produksi | I90: Sheet | J90: Kontrak 2 | K90: 01-JAN-21 | L90: 01-JAN-24 | M90: 31-DEC-24 | P90: TK / 0 | Q90: SMK | R90: L | S90: 24-FEB-95
B91: 13 | C91: 2314781 | D91: MUHAMMAD FADLI | E91: 012300011 | F91: Operator Sheet | G91: Staff/Operator | H91: Produksi | I91: Sheet | J91: Kontrak 2 | K91: 09-JAN-23 | L91: 01-JAN-24 | M91: 31-DEC-24 | P91: K / 1 | Q91: SMK | R91: L | S91: 21-OCT-96
B92: 14 | C92: 2314787 | D92: ANSHORI AHMAD | E92: 012300022 | F92: Staff Pracetak & DD | G92: Staff/Operator | H92: Produksi | I92: Pra Cetak | J92: Kontrak 2 | K92: 20-JAN-23 | L92: 01-JAN-24 | M92: 31-DEC-24 | P92: TK / 0 | Q92: D3 | R92: L | S92: 12-AUG-00
A93: Page 12 | B93: DATA KARYAWAN TMG - PACKAGING BEKASI
J94: Status Karyawan | K94: AwalMasuk | L94: Awal/Periode | M94: Akhir/Sd | N94: TahunPengangkatan
D95: Nama Pegawai | E95: No Registrasi | F95: Jabatan | G95: Level | H95: Departemen | I95: Cost Center | O95: AwalDiangkat | S95: TanggalLahir
B96: No | C96: NIP | P96: Status | Q96: Pendidikan | R96: L/P
D97: FAIZAN
B98: 15 | C98: 2214711 | D98: MOCHAMMAD RIZKI GRATA DWIUTOMO | E98: 012200030 | F98: Mekanik | G98: Staff/Operator | H98: Teknik | I98: Mekanik | J98: Kontrak 4 | K98: 18-FEB-22 | L98: 01-JAN-24 | M98: 31-DEC-24 | P98: TK / 0 | Q98: D3 | R98: L | S98: 06-FEB-99
D99: Jumlah | K99: 15 Orang
A100: Page 13 | B100: DATA KARYAWAN TMG - TEMAPACK
...

Sheet MAPPING ALL CABANG
C3: DATA TAHUN 2024 | E3: PACK KARAH | Q3: PACKAGING BEKASI | AC3: SHOPPING BAG | AO3: TEMAPACK | BA3: TEMA WADAH LESTARI | BM3: PACKAGING KOMERSIAL (PACK KARAH + PACK BEKASI) | BY3: SHOPPINGBAG & TEMAPACK | CK3: SBU PACKAGING
C4: DEPARTEMEN | D4: POSISI | E4: KEBUTUHAN | K4: EXISTING | Q4: KEBUTUHAN | W4: EXISTING | AC4: KEBUTUHAN | AI4: EXISTING | AO4: KEBUTUHAN | AU4: EXISTING | BA4: KEBUTUHAN | BG4: EXISTING | BM4: KEBUTUHAN | BS4: EXISTING | CE4: EXISTING | CK4: KEBUTUHAN | CQ4: EXISTING
E5: Tetap Fix | F5: Kontrak Fix | G5: OS Fix | H5: OS Variabel | I5: TOTAL KEBUTUHAN (Jumlah) | J5: TOTAL KEBUTUHAN (Nominal) | K5: Tetap Fix | L5: Kontrak Fix | M5: OS Fix | N5: OS Variabel | O5: TOTAL EXISTING (Jumlah) | P5: TOTAL EXISTING (Nominal) | Q5: Tetap Fix | R5: Kontrak Fix | S5: OS Fix | T5: OS Variabel | U5: TOTAL KEBUTUHAN (Jumlah) | V5: TOTAL KEBUTUHAN (Nominal) | W5: Tetap Fix | X5: Kontrak Fix | Y5: OS Fix | Z5: OS Variabel | AA5: TOTAL EXISTING (Jumlah) | AB5: TOTAL EXISTING (Nominal) | AC5: Tetap Fix | AD5: Kontrak Fix | AE5: OS Fix | AF5: OS Variabel | AG5: TOTAL KEBUTUHAN (Jumlah) | AH5: TOTAL KEBUTUHAN (Nominal) | AI5: Tetap Fix | AJ5: Kontrak Fix | AK5: OS Fix | AL5: OS Variabel | AM5: TOTAL EXISTING (Jumlah) | AN5: TOTAL EXISTING (Nominal) | AO5: Tetap Fix | AP5: Kontrak Fix | AQ5: OS Fix | AR5: OS Variabel | AS5: TOTAL KEBUTUHAN (Jumlah) | AT5: TOTAL KEBUTUHAN (Nominal) | AU5: Tetap Fix | AV5: Kontrak Fix | AW5: OS Fix | AX5: OS Variabel | AY5: TOTAL EXISTING (Jumlah) | AZ5: TOTAL EXISTING (Nominal) | BA5: Tetap Fix | BB5: Kontrak Fix | BC5: OS Fix | BD5: OS Variabel | BE5: TOTAL KEBUTUHAN (Jumlah) | BF5: TOTAL KEBUTUHAN (Nominal) | BG5: Tetap Fix | BH5: Kontrak Fix | BI5: OS Fix | BJ5: OS Variabel | BK5: TOTAL EXISTING (Jumlah) | BL5: TOTAL EXISTING (Nominal) | BM5: Tetap Fix | BN5: Kontrak Fix | BO5: OS Fix | BP5: OS Variabel | BQ5: TOTAL KEBUTUHAN (Jumlah) | BR5: TOTAL KEBUTUHAN (Nominal) | BS5: Tetap Fix | BT5: Kontrak Fix | BU5: OS Fix | BV5: OS Variabel | BW5: TOTAL EXISTING (Jumlah) | BX5: TOTAL EXISTING (Nominal) | BY5: Tetap Fix | BZ5: Kontrak Fix | CA5: OS Fix | CB5: OS Variabel | CC5: TOTAL KEBUTUHAN (Jumlah) | CD5: TOTAL KEBUTUHAN (Nominal) | CE5: Tetap Fix | CF5: Kontrak Fix | CG5: OS Fix | CH5: OS Variabel | CI5: TOTAL EXISTING (Jumlah) | CJ5: TOTAL EXISTING (Nominal) | CK5: Tetap Fix | CL5: Kontrak Fix | CM5: OS Fix | CN5: OS Variabel | CO5: TOTAL KEBUTUHAN (Jumlah) | CP5: TOTAL KEBUTUHAN (Nominal) | CQ5: Tetap Fix | CR5: Kontrak Fix | CS5: OS Fix | CT5: OS Variabel | CU5: TOTAL EXISTING (Jumlah) | CV5: TOTAL EXISTING (Nominal)
C8: GM | D8: GM | F8: 1 | I8: =SUM(E8:H8) -> 1 | L8: 1 | O8: =SUM(K8:N8) -> 1 | U8: =SUM(Q8:T8) -> 0 | AA8: =SUM(W8:Z8) -> 0 | AG8: =SUM(AC8:AF8) -> 0 | AM8: =SUM(AI8:AL8) -> 0 | AS8: =SUM(AO8:AR8) -> 0 | AY8: =SUM(AU8:AX8) -> 0 | BE8: =SUM(BA8:BD8) -> 0 | BK8: =SUM(BG8:BJ8) -> 0 | BM8: =E8+Q8 -> 0 | BN8: =F8+R8 -> 1 | BO8: =G8+S8 -> 0 | BP8: =H8+T8 -> 0 | BQ8: =I8+U8 -> 1 | BR8: =J8+V8 -> 0 | BS8: =K8+W8 -> 0 | BT8: =L8+X8 -> 1 | ... BX8: =P8+AB8 -> 0 | BY8: =AC8+AO8 -> 0 | BZ8: =AD8+AP8 -> 0 | CA8: =AE8+AQ8 -> 0 | CB8: =AF8+AR8 -> 0 | CC8: =AG8+AS8 -> 0 | CD8: =AH8+AT8 -> 0 | CE8: =AI8+AU8 -> 0 | CF8: =AJ8+AV8 -> 0 | ... CJ8: =AN8+AZ8 -> 0 | CK8: =BA8+BM8+BY8 -> 0 | CL8: =BB8+BN8+BZ8 -> 1 | CM8: =BC8+BO8+CA8 -> 0 | CN8: =BD8+BP8+CB8 -> 0 | CO8: =SUM(CK8:CN8) -> 1 | CP8: =BF8+BR8+CD8 -> 0 | CQ8: =BG8+BS8+CE8 -> 0 | CR8: =BH8+BT8+CF8 -> 1 | CS8: =BI8+BU8+CG8 -> 0 | CT8: =BJ8+BV8+CH8 -> 0 | CU8: =SUM(CQ8:CT8) -> 1 | CV8: =BL8+BX8+CJ8 -> 0
C9: Manager/BM/OM | D9: OM | E9: 1 | I9: =SUM(E9:H9) -> 1 | K9: 1 | O9: =SUM(K9:N9) -> 1 | U9: =SUM(Q9:T9) -> 0 | AA9: =SUM(W9:Z9) -> 0 | AC9: 1 | AG9: =SUM(AC9:AF9) -> 1 | AI9: 1 | AM9: =SUM(AI9:AL9) -> 1 | AS9: =SUM(AO9:AR9) -> 0 | AY9: =SUM(AU9:AX9) -> 0 | BA9: 1 | BE9: =SUM(BA9:BD9) -> 1 | BG9: 1 | BK9: =SUM(BG9:BJ9) -> 1 | BM9: =E9+Q9 -> 1 | BN9: =F9+R9 -> 0 | BO9: =G9+S9 -> 0 | BP9: =H9+T9 -> 0 | BQ9: =I9+U9 -> 1 | BR9: =J9+V9 -> 0 | BS9: =K9+W9 -> 1 | BT9: =L9+X9 -> 0 | ... BX9: =P9+AB9 -> 0 | BY9: =AC9+AO9 -> 1 | BZ9: =AD9+AP9 -> 0 | CA9: =AE9+AQ9 -> 0 | CB9: =AF9+AR9 -> 0 | CC9: =AG9+AS9 -> 1 | CD9: =AH9+AT9 -> 0 | CE9: =AI9+AU9 -> 1 | CF9: =AJ9+AV9 -> 0 | ... CJ9: =AN9+AZ9 -> 0 | CK9: =BA9+BM9+BY9 -> 3 | CL9: =BB9+BN9+BZ9 -> 0 | CM9: =BC9+BO9+CA9 -> 0 | CN9: =BD9+BP9+CB9 -> 0 | CO9: =SUM(CK9:CN9) -> 3 | CP9: =BF9+BR9+CD9 -> 0 | CQ9: =BG9+BS9+CE9 -> 3 | CR9: =BH9+BT9+CF9 -> 0 | CS9: =BI9+BU9+CG9 -> 0 | CT9: =BJ9+BV9+CH9 -> 0 | CU9: =SUM(CQ9:CT9) -> 3 | CV9: =BL9+BX9+CJ9 -> 0
D10: ASMEN | I10: =SUM(E10:H10) -> 0 | O10: =SUM(K10:N10) -> 0 | Q10: 1 | U10: =SUM(Q10:T10) -> 1 | W10: 1 | AA10: =SUM(W10:Z10) -> 1 | AG10: =SUM(AC10:AF10) -> 0 | AM10: =SUM(AI10:AL10) -> 0 | AS10: =SUM(AO10:AR10) -> 0 | AY10: =SUM(AU10:AX10) -> 0 | BE10: =SUM(BA10:BD10) -> 0 | BK10: =SUM(BG10:BJ10) -> 0 | BM10: =E10+Q10 -> 1 | BN10: =F10+R10 -> 0 | BO10: =G10+S10 -> 0 | BP10: =H10+T10 -> 0 | BQ10: =I10+U10 -> 1 | BR10: =J10+V10 -> 0 | BS10: =K10+W10 -> 1 | BT10: =L10+X10 -> 0 | ... BX10: =P10+AB10 -> 0 | BY10: =AC10+AO10 -> 0 | BZ10: =AD10+AP10 -> 0 | CA10: =AE10+AQ10 -> 0 | CB10: =AF10+AR10 -> 0 | CC10: =AG10+AS10 -> 0 | CD10: =AH10+AT10 -> 0 | CE10: =AI10+AU10 -> 0 | CF10: =AJ10+AV10 -> 0 | ... CJ10: =AN10+AZ10 -> 0 | CK10: =BA10+BM10+BY10 -> 1 | CL10: =BB10+BN10+BZ10 -> 0 | CM10: =BC10+BO10+CA10 -> 0 | CN10: =BD10+BP10+CB10 -> 0 | CO10: =SUM(CK10:CN10) -> 1 | CP10: =BF10+BR10+CD10 -> 0 | CQ10: =BG10+BS10+CE10 -> 1 | CR10: =BH10+BT10+CF10 -> 0 | CS10: =BI10+BU10+CG10 -> 0 | CT10: =BJ10+BV10+CH10 -> 0 | CU10: =SUM(CQ10:CT10) -> 1 | CV10: =BL10+BX10+CJ10 -> 0
C11: HRD UMUM | D11: KARU HRD | I11: =SUM(E11:H11) -> 0 | O11: =SUM(K11:N11) -> 0 | U11: =SUM(Q11:T11) -> 0 | AA11: =SUM(W11:Z11) -> 0 | AG11: =SUM(AC11:AF11) -> 0 | AM11: =SUM(AI11:AL11) -> 0 | AS11: =SUM(AO11:AR11) -> 0 | AY11: =SUM(AU11:AX11) -> 0 | BA11: 1 | BE11: =SUM(BA11:BD11) -> 1 | BG11: 1 | BK11: =SUM(BG11:BJ11) -> 1 | BM11: =E11+Q11 -> 0 | BN11: =F11+R11 -> 0 | BO11: =G11+S11 -> 0 | BP11: =H11+T11 -> 0 | BQ11: =I11+U11 -> 0 | BR11: =J11+V11 -> 0 | BS11: =K11+W11 -> 0 | BT11: =L11+X11 -> 0 | ... BX11: =P11+AB11 -> 0 | BY11: =AC11+AO11 -> 0 | BZ11: =AD11+AP11 -> 0 | CA11: =AE11+AQ11 -> 0 | CB11: =AF11+AR11 -> 0 | CC11: =AG11+AS11 -> 0 | CD11: =AH11+AT11 -> 0 | CE11: =AI11+AU11 -> 0 | CF11: =AJ11+AV11 -> 0 | ... CJ11: =AN11+AZ11 -> 0 | CK11: =BA11+BM11+BY11 -> 1 | CL11: =BB11+BN11+BZ11 -> 0 | CM11: =BC11+BO11+CA11 -> 0 | CN11: =BD11+BP11+CB11 -> 0 | CO11: =SUM(CK11:CN11) -> 1 | CP11: =BF11+BR11+CD11 -> 0 | CQ11: =BG11+BS11+CE11 -> 1 | CR11: =BH11+BT11+CF11 -> 0 | CS11: =BI11+BU11+CG11 -> 0 | CT11: =BJ11+BV11+CH11 -> 0 | CU11: =SUM(CQ11:CT11) -> 1 | CV11: =BL11+BX11+CJ11 -> 0
D12: STAFF HRD | F12: 1 | I12: =SUM(E12:H12) -> 1 | L12: 1 | O12: =SUM(K12:N12) -> 1 | R12: 1 | U12: =SUM(Q12:T12) -> 1 | X12: 1 | AA12: =SUM(W12:Z12) -> 1 | AG12: =SUM(AC12:AF12) -> 0 | AM12: =SUM(AI12:AL12) -> 0 | AS12: =SUM(AO12:AR12) -> 0 | AY12: =SUM(AU12:AX12) -> 0 | BE12: =SUM(BA12:BD12) -> 0 | BK12: =SUM(BG12:BJ12) -> 0 | BM12: =E12+Q12 -> 0 | BN12: =F12+R12 -> 2 | BO12: =G12+S12 -> 0 | BP12: =H12+T12 -> 0 | BQ12: =I12+U12 -> 2 | BR12: =J12+V12 -> 0 | BS12: =K12+W12 -> 0 | BT12: =L12+X12 -> 2 | ... BX12: =P12+AB12 -> 0 | BY12: =AC12+AO12 -> 0 | BZ12: =AD12+AP12 -> 0 | CA12: =AE12+AQ12 -> 0 | CB12: =AF12+AR12 -> 0 | CC12: =AG12+AS12 -> 0 | CD12: =AH12+AT12 -> 0 | CE12: =AI12+AU12 -> 0 | CF12: =AJ12+AV12 -> 0 | ... CJ12: =AN12+AZ12 -> 0 | CK12: =BA12+BM12+BY12 -> 0 | CL12: =BB12+BN12+BZ12 -> 2 | CM12: =BC12+BO12+CA12 -> 0 | CN12: =BD12+BP12+CB12 -> 0 | CO12: =SUM(CK12:CN12) -> 2 | CP12: =BF12+BR12+CD12 -> 0 | CQ12: =BG12+BS12+CE12 -> 0 | CR12: =BH12+BT12+CF12 -> 2 | CS12: =BI12+BU12+CG12 -> 0 | CT12: =BJ12+BV12+CH12 -> 0 | CU12: =SUM(CQ12:CT12) -> 2 | CV12: =BL12+BX12+CJ12 -> 0
D13: KARU GA | I13: =SUM(E13:H13) -> 0 | O13: =SUM(K13:N13) -> 0 | Q13: 1 | U13: =SUM(Q13:T13) -> 1 | W13: 1 | AA13: =SUM(W13:Z13) -> 1 | AG13: =SUM(AC13:AF13) -> 0 | AM13: =SUM(AI13:AL13) -> 0 | AS13: =SUM(AO13:AR13) -> 0 | AY13: =SUM(AU13:AX13) -> 0 | BA13: 1 | BE13: =SUM(BA13:BD13) -> 1 | BG13: 1 | BK13: =SUM(BG13:BJ13) -> 1 | BM13: =E13+Q13 -> 1 | BN13: =F13+R13 -> 0 | BO13: =G13+S13 -> 0 | BP13: =H13+T13 -> 0 | BQ13: =I13+U13 -> 1 | BR13: =J13+V13 -> 0 | BS13: =K13+W13 -> 1 | BT13: =L13+X13 -> 0 | ... BX13: =P13+AB13 -> 0 | BY13: =AC13+AO13 -> 0 | BZ13: =AD13+AP13 -> 0 | CA13: =AE13+AQ13 -> 0 | CB13: =AF13+AR13 -> 0 | CC13: =AG13+AS13 -> 0 | CD13: =AH13+AT13 -> 0 | CE13: =AI13+AU13 -> 0 | CF13: =AJ13+AV13 -> 0 | ... CJ13: =AN13+AZ13 -> 0 | CK13: =BA13+BM13+BY13 -> 2 | CL13: =BB13+BN13+BZ13 -> 0 | CM13: =BC13+BO13+CA13 -> 0 | CN13: =BD13+BP13+CB13 -> 0 | CO13: =SUM(CK13:CN13) -> 2 | CP13: =BF13+BR13+CD13 -> 0 | CQ13: =BG13+BS13+CE13 -> 2 | CR13: =BH13+BT13+CF13 -> 0 | CS13: =BI13+BU13+CG13 -> 0 | CT13: =BJ13+BV13+CH13 -> 0 | CU13: =SUM(CQ13:CT13) -> 2 | CV13: =BL13+BX13+CJ13 -> 0
D14: UMUM | I14: =SUM(E14:H14) -> 0 | O14: =SUM(K14:N14) -> 0 | R14: 1 | S14: 4 | U14: =SUM(Q14:T14) -> 5 | X14: 1 | Y14: 4 | AA14: =SUM(W14:Z14) -> 5 | AE14: 4 | AG14: =SUM(AC14:AF14) -> 4 | AK14: 4 | AM14: =SUM(AI14:AL14) -> 4 | AS14: =SUM(AO14:AR14) -> 0 | AY14: =SUM(AU14:AX14) -> 0 | BC14: 4 | BE14: =SUM(BA14:BD14) -> 4 | BI14: 4 | BK14: =SUM(BG14:BJ14) -> 4 | BM14: =E14+Q14 -> 0 | BN14: =F14+R14 -> 1 | BO14: =G14+S14 -> 4 | BP14: =H14+T14 -> 0 | BQ14: =I14+U14 -> 5 | BR14: =J14+V14 -> 0 | BS14: =K14+W14 -> 0 | BT14: =L14+X14 -> 1 | ... BX14: =P14+AB14 -> 0 | BY14: =AC14+AO14 -> 0 | BZ14: =AD14+AP14 -> 0 | CA14: =AE14+AQ14 -> 4 | CB14: =AF14+AR14 -> 0 | CC14: =AG14+AS14 -> 4 | CD14: =AH14+AT14 -> 0 | CE14: =AI14+AU14 -> 0 | CF14: =AJ14+AV14 -> 0 | ... CJ14: =AN14+AZ14 -> 0 | CK14: =BA14+BM14+BY14 -> 0 | CL14: =BB14+BN14+BZ14 -> 1 | CM14: =BC14+BO14+CA14 -> 12 | CN14: =BD14+BP14+CB14 -> 0 | CO14: =SUM(CK14:CN14) -> 13 | CP14: =BF14+BR14+CD14 -> 0 | CQ14: =BG14+BS14+CE14 -> 0 | CR14: =BH14+BT14+CF14 -> 1 | CS14: =BI14+BU14+CG14 -> 12 | CT14: =BJ14+BV14+CH14 -> 0 | CU14: =SUM(CQ14:CT14) -> 13 | CV14: =BL14+BX14+CJ14 -> 0
D15: SECURITY | I15: =SUM(E15:H15) -> 0 | O15: =SUM(K15:N15) -> 0 | S15: 2 | U15: =SUM(Q15:T15) -> 2 | Y15: 2 | AA15: =SUM(W15:Z15) -> 2 | AE15: 2 | AG15: =SUM(AC15:AF15) -> 2 | AK15: 2 | AM15: =SUM(AI15:AL15) -> 2 | AS15: =SUM(AO15:AR15) -> 0 | AY15: =SUM(AU15:AX15) -> 0 | BC15: 7 | BE15: =SUM(BA15:BD15) -> 7 | BI15: 7 | BK15: =SUM(BG15:BJ15) -> 7 | BM15: =E15+Q15 -> 0 | BN15: =F15+R15 -> 0 | BO15: =G15+S15 -> 2 | BP15: =H15+T15 -> 0 | BQ15: =I15+U15 -> 2 | BR15: =J15+V15 -> 0 | BS15: =K15+W15 -> 0 | BT15: =L15+X15 -> 0 | ... BX15: =P15+AB15 -> 0 | BY15: =AC15+AO15 -> 0 | BZ15: =AD15+AP15 -> 0 | CA15: =AE15+AQ15 -> 2 | CB15: =AF15+AR15 -> 0 | CC15: =AG15+AS15 -> 2 | CD15: =AH15+AT15 -> 0 | CE15: =AI15+AU15 -> 0 | CF15: =AJ15+AV15 -> 0 | ... CJ15: =AN15+AZ15 -> 0 | CK15: =BA15+BM15+BY15 -> 0 | CL15: =BB15+BN15+BZ15 -> 0 | CM15: =BC15+BO15+CA15 -> 11 | CN15: =BD15+BP15+CB15 -> 0 | CO15: =SUM(CK15:CN15) -> 11 | CP15: =BF15+BR15+CD15 -> 0 | CQ15: =BG15+BS15+CE15 -> 0 | CR15: =BH15+BT15+CF15 -> 0 | CS15: =BI15+BU15+CG15 -> 11 | CT15: =BJ15+BV15+CH15 -> 0 | CU15: =SUM(CQ15:CT15) -> 11 | CV15: =BL15+BX15+CJ15 -> 0
C16: PEMASARAN | D16: KADIV MARKETING | E16: 1 | I16: =SUM(E16:H16) -> 1 | K16: 1 | O16: =SUM(K16:N16) -> 1 | R16: 1 | U16: =SUM(Q16:T16) -> 1 | X16: 1 | AA16: =SUM(W16:Z16) -> 1 | AG16: =SUM(AC16:AF16) -> 0 | AM16: =SUM(AI16:AL16) -> 0 | AS16: =SUM(AO16:AR16) -> 0 | AY16: =SUM(AU16:AX16) -> 0 | BA16: 1 | BE16: =SUM(BA16:BD16) -> 1 | BG16: 1 | BK16: =SUM(BG16:BJ16) -> 1 | BM16: =E16+Q16 -> 1 | BN16: =F16+R16 -> 1 | BO16: =G16+S16 -> 0 | BP16: =H16+T16 -> 0 | BQ16: =I16+U16 -> 2 | BR16: =J16+V16 -> 0 | BS16: =K16+W16 -> 1 | BT16: =L16+X16 -> 1 | ... BX16: =P16+AB16 -> 0 | BY16: =AC16+AO16 -> 0 | BZ16: =AD16+AP16 -> 0 | CA16: =AE16+AQ16 -> 0 | CB16: =AF16+AR16 -> 0 | CC16: =AG16+AS16 -> 0 | CD16: =AH16+AT16 -> 0 | CE16: =AI16+AU16 -> 0 | CF16: =AJ16+AV16 -> 0 | ... CJ16: =AN16+AZ16 -> 0 | CK16: =BA16+BM16+BY16 -> 2 | CL16: =BB16+BN16+BZ16 -> 1 | CM16: =BC16+BO16+CA16 -> 0 | CN16: =BD16+BP16+CB16 -> 0 | CO16: =SUM(CK16:CN16) -> 3 | CP16: =BF16+BR16+CD16 -> 0 | CQ16: =BG16+BS16+CE16 -> 2 | CR16: =BH16+BT16+CF16 -> 1 | CS16: =BI16+BU16+CG16 -> 0 | CT16: =BJ16+BV16+CH16 -> 0 | CU16: =SUM(CQ16:CT16) -> 3 | CV16: =BL16+BX16+CJ16 -> 0
D17: MARKETING | E17: 3 | I17: =SUM(E17:H17) -> 3 | K17: 2 | O17: =SUM(K17:N17) -> 2 | R17: 1 | U17: =SUM(Q17:T17) -> 1 | X17: 1 | AA17: =SUM(W17:Z17) -> 1 | AC17: 1 | AD17: =2+2 -> 4 | AG17: =SUM(AC17:AF17) -> 5 | AI17: 1 | AJ17: 2 | AM17: =SUM(AI17:AL17) -> 3 | AO17: 3 | AS17: =SUM(AO17:AR17) -> 3 | AU17: 2 | AV17: 1 | AY17: =SUM(AU17:AX17) -> 3 | BA17: 4 | BE17: =SUM(BA17:BD17) -> 4 | BG17: 4 | BK17: =SUM(BG17:BJ17) -> 4 | BM17: =E17+Q17 -> 3 | BN17: =F17+R17 -> 1 | BO17: =G17+S17 -> 0 | BP17: =H17+T17 -> 0 | BQ17: =I17+U17 -> 4 | BR17: =J17+V17 -> 0 | BS17: =K17+W17 -> 2 | BT17: =L17+X17 -> 1 | ... BX17: =P17+AB17 -> 0 | BY17: =AC17+AO17 -> 4 | BZ17: =AD17+AP17 -> 4 | CA17: =AE17+AQ17 -> 0 | CB17: =AF17+AR17 -> 0 | CC17: =AG17+AS17 -> 8 | CD17: =AH17+AT17 -> 0 | CE17: =AI17+AU17 -> 3 | CF17: =AJ17+AV17 -> 3 | ... CJ17: =AN17+AZ17 -> 0 | CK17: =BA17+BM17+BY17 -> 11 | CL17: =BB17+BN17+BZ17 -> 5 | CM17: =BC17+BO17+CA17 -> 0 | CN17: =BD17+BP17+CB17 -> 0 | CO17: =SUM(CK17:CN17) -> 16 | CP17: =BF17+BR17+CD17 -> 0 | CQ17: =BG17+BS17+CE17 -> 9 | CR17: =BH17+BT17+CF17 -> 4 | CS17: =BI17+BU17+CG17 -> 0 | CT17: =BJ17+BV17+CH17 -> 0 | CU17: =SUM(CQ17:CT17) -> 13 | CV17: =BL17+BX17+CJ17 -> 0
D18: ADMIN MKT | G18: 1 | I18: =SUM(E18:H18) -> 1 | M18: 1 | O18: =SUM(K18:N18) -> 1 | Q18: 1 | U18: =SUM(Q18:T18) -> 1 | W18: 1 | AA18: =SUM(W18:Z18) -> 1 | AC18: 1 | AE18: 1 | AG18: =SUM(AC18:AF18) -> 2 | AI18: 1 | AK18: 1 | AM18: =SUM(AI18:AL18) -> 2 | AS18: =SUM(AO18:AR18) -> 0 | AY18: =SUM(AU18:AX18) -> 0 | BC18: 1 | BE18: =SUM(BA18:BD18) -> 1 | BI18: 1 | BK18: =SUM(BG18:BJ18) -> 1 | BM18: =E18+Q18 -> 1 | BN18: =F18+R18 -> 0 | BO18: =G18+S18 -> 1 | BP18: =H18+T18 -> 0 | BQ18: =I18+U18 -> 2 | BR18: =J18+V18 -> 0 | BS18: =K18+W18 -> 1 | BT18: =L18+X18 -> 0 | ... BX18: =P18+AB18 -> 0 | BY18: =AC18+AO18 -> 1 | BZ18: =AD18+AP18 -> 0 | CA18: =AE18+AQ18 -> 1 | CB18: =AF18+AR18 -> 0 | CC18: =AG18+AS18 -> 2 | CD18: =AH18+AT18 -> 0 | CE18: =AI18+AU18 -> 1 | CF18: =AJ18+AV18 -> 0 | ... CJ18: =AN18+AZ18 -> 0 | CK18: =BA18+BM18+BY18 -> 2 | CL18: =BB18+BN18+BZ18 -> 0 | CM18: =BC18+BO18+CA18 -> 3 | CN18: =BD18+BP18+CB18 -> 0 | CO18: =SUM(CK18:CN18) -> 5 | CP18: =BF18+BR18+CD18 -> 0 | CQ18: =BG18+BS18+CE18 -> 2 | CR18: =BH18+BT18+CF18 -> 0 | CS18: =BI18+BU18+CG18 -> 3 | CT18: =BJ18+BV18+CH18 -> 0 | CU18: =SUM(CQ18:CT18) -> 5 | CV18: =BL18+BX18+CJ18 -> 0
D19: MARKETING SUPPORT | F19: 1 | I19: =SUM(E19:H19) -> 1 | L19: 1 | O19: =SUM(K19:N19) -> 1 | U19: =SUM(Q19:T19) -> 0 | AA19: =SUM(W19:Z19) -> 0 | AG19: =SUM(AC19:AF19) -> 0 | AM19: =SUM(AI19:AL19) -> 0 | AS19: =SUM(AO19:AR19) -> 0 | AY19: =SUM(AU19:AX19) -> 0 | BC19: 1 | BE19: =SUM(BA19:BD19) -> 1 | BI19: 1 | BK19: =SUM(BG19:BJ19) -> 1 | BM19: =E19+Q19 -> 0 | BN19: =F19+R19 -> 1 | BO19: =G19+S19 -> 0 | BP19: =H19+T19 -> 0 | BQ19: =I19+U19 -> 1 | BR19: =J19+V19 -> 0 | BS19: =K19+W19 -> 0 | BT19: =L19+X19 -> 1 | ... BX19: =P19+AB19 -> 0 | BY19: =AC19+AO19 -> 0 | BZ19: =AD19+AP19 -> 0 | CA19: =AE19+AQ19 -> 0 | CB19: =AF19+AR19 -> 0 | CC19: =AG19+AS19 -> 0 | CD19: =AH19+AT19 -> 0 | CE19: =AI19+AU19 -> 0 | CF19: =AJ19+AV19 -> 0 | ... CJ19: =AN19+AZ19 -> 0 | CK19: =BA19+BM19+BY19 -> 0 | CL19: =BB19+BN19+BZ19 -> 1 | CM19: =BC19+BO19+CA19 -> 1 | CN19: =BD19+BP19+CB19 -> 0 | CO19: =SUM(CK19:CN19) -> 2 | CP19: =BF19+BR19+CD19 -> 0 | CQ19: =BG19+BS19+CE19 -> 0 | CR19: =BH19+BT19+CF19 -> 1 | CS19: =BI19+BU19+CG19 -> 1 | CT19: =BJ19+BV19+CH19 -> 0 | CU19: =SUM(CQ19:CT19) -> 2 | CV19: =BL19+BX19+CJ19 -> 0
C20: IT | D20: STAFF IT | I20: =SUM(E20:H20) -> 0 | O20: =SUM(K20:N20) -> 0 | R20: 1 | U20: =SUM(Q20:T20) -> 1 | AA20: =SUM(W20:Z20) -> 0 | AG20: =SUM(AC20:AF20) -> 0 | AM20: =SUM(AI20:AL20) -> 0 | AS20: =SUM(AO20:AR20) -> 0 | AY20: =SUM(AU20:AX20) -> 0 | BB20: 1 | BE20: =SUM(BA20:BD20) -> 1 | BH20: 1 | BK20: =SUM(BG20:BJ20) -> 1 | BM20: =E20+Q20 -> 0 | BN20: =F20+R20 -> 1 | BO20: =G20+S20 -> 0 | BP20: =H20+T20 -> 0 | BQ20: =I20+U20 -> 1 | BR20: =J20+V20 -> 0 | BS20: =K20+W20 -> 0 | BT20: =L20+X20 -> 0 | ... BX20: =P20+AB20 -> 0 | BY20: =AC20+AO20 -> 0 | BZ20: =AD20+AP20 -> 0 | CA20: =AE20+AQ20 -> 0 | CB20: =AF20+AR20 -> 0 | CC20: =AG20+AS20 -> 0 | CD20: =AH20+AT20 -> 0 | CE20: =AI20+AU20 -> 0 | CF20: =AJ20+AV20 -> 0 | ... CJ20: =AN20+AZ20 -> 0 | CK20: =BA20+BM20+BY20 -> 0 | CL20: =BB20+BN20+BZ20 -> 2 | CM20: =BC20+BO20+CA20 -> 0 | CN20: =BD20+BP20+CB20 -> 0 | CO20: =SUM(CK20:CN20) -> 2 | CP20: =BF20+BR20+CD20 -> 0 | CQ20: =BG20+BS20+CE20 -> 0 | CR20: =BH20+BT20+CF20 -> 1 | CS20: =BI20+BU20+CG20 -> 0 | CT20: =BJ20+BV20+CH20 -> 0 | CU20: =SUM(CQ20:CT20) -> 1 | CV20: =BL20+BX20+CJ20 -> 0
C21: PPIC | D21: KADIV PPIC | E21: 1 | I21: =SUM(E21:H21) -> 1 | K21: 1 | O21: =SUM(K21:N21) -> 1 | U21: =SUM(Q21:T21) -> 0 | AA21: =SUM(W21:Z21) -> 0 | AG21: =SUM(AC21:AF21) -> 0 | AM21: =SUM(AI21:AL21) -> 0 | AS21: =SUM(AO21:AR21) -> 0 | AY21: =SUM(AU21:AX21) -> 0 | BE21: =SUM(BA21:BD21) -> 0 | BK21: =SUM(BG21:BJ21) -> 0 | BM21: =E21+Q21 -> 1 | BN21: =F21+R21 -> 0 | BO21: =G21+S21 -> 0 | BP21: =H21+T21 -> 0 | BQ21: =I21+U21 -> 1 | BR21: =J21+V21 -> 0 | BS21: =K21+W21 -> 1 | BT21: =L21+X21 -> 0 | ... BX21: =P21+AB21 -> 0 | BY21: =AC21+AO21 -> 0 | BZ21: =AD21+AP21 -> 0 | CA21: =AE21+AQ21 -> 0 | CB21: =AF21+AR21 -> 0 | CC21: =AG21+AS21 -> 0 | CD21: =AH21+AT21 -> 0 | CE21: =AI21+AU21 -> 0 | CF21: =AJ21+AV21 -> 0 | ... CJ21: =AN21+AZ21 -> 0 | CK21: =BA21+BM21+BY21 -> 1 | CL21: =BB21+BN21+BZ21 -> 0 | CM21: =BC21+BO21+CA21 -> 0 | CN21: =BD21+BP21+CB21 -> 0 | CO21: =SUM(CK21:CN21) -> 1 | CP21: =BF21+BR21+CD21 -> 0 | CQ21: =BG21+BS21+CE21 -> 1 | CR21: =BH21+BT21+CF21 -> 0 | CS21: =BI21+BU21+CG21 -> 0 | CT21: =BJ21+BV21+CH21 -> 0 | CU21: =SUM(CQ21:CT21) -> 1 | CV21: =BL21+BX21+CJ21 -> 0
D22: KARU PPIC | I22: =SUM(E22:H22) -> 0 | O22: =SUM(K22:N22) -> 0 | U22: =SUM(Q22:T22) -> 0 | AA22: =SUM(W22:Z22) -> 0 | AG22: =SUM(AC22:AF22) -> 0 | AM22: =SUM(AI22:AL22) -> 0 | AS22: =SUM(AO22:AR22) -> 0 | AY22: =SUM(AU22:AX22) -> 0 | BA22: 1 | BE22: =SUM(BA22:BD22) -> 1 | BG22: 1 | BK22: =SUM(BG22:BJ22) -> 1 | BM22: =E22+Q22 -> 0 | BN22: =F22+R22 -> 0 | BO22: =G22+S22 -> 0 | BP22: =H22+T22 -> 0 | BQ22: =I22+U22 -> 0 | BR22: =J22+V22 -> 0 | BS22: =K22+W22 -> 0 | BT22: =L22+X22 -> 0 | ... BX22: =P22+AB22 -> 0 | BY22: =AC22+AO22 -> 0 | BZ22: =AD22+AP22 -> 0 | CA22: =AE22+AQ22 -> 0 | CB22: =AF22+AR22 -> 0 | CC22: =AG22+AS22 -> 0 | CD22: =AH22+AT22 -> 0 | CE22: =AI22+AU22 -> 0 | CF22: =AJ22+AV22 -> 0 | ... CJ22: =AN22+AZ22 -> 0 | CK22: =BA22+BM22+BY22 -> 1 | CL22: =BB22+BN22+BZ22 -> 0 | CM22: =BC22+BO22+CA22 -> 0 | CN22: =BD22+BP22+CB22 -> 0 | CO22: =SUM(CK22:CN22) -> 1 | CP22: =BF22+BR22+CD22 -> 0 | CQ22: =BG22+BS22+CE22 -> 1 | CR22: =BH22+BT22+CF22 -> 0 | CS22: =BI22+BU22+CG22 -> 0 | CT22: =BJ22+BV22+CH22 -> 0 | CU22: =SUM(CQ22:CT22) -> 1 | CV22: =BL22+BX22+CJ22 -> 0
D23: STAFF PPIC | E23: 1 | I23: =SUM(E23:H23) -> 1 | K23: 1 | O23: =SUM(K23:N23) -> 1 | R23: 1 | U23: =SUM(Q23:T23) -> 1 | X23: 1 | AA23: =SUM(W23:Z23) -> 1 | AC23: 1 | AG23: =SUM(AC23:AF23) -> 1 | AI23: 1 | AM23: =SUM(AI23:AL23) -> 1 | AS23: =SUM(AO23:AR23) -> 0 | AY23: =SUM(AU23:AX23) -> 0 | BE23: =SUM(BA23:BD23) -> 0 | BK23: =SUM(BG23:BJ23) -> 0 | BM23: =E23+Q23 -> 1 | BN23: =F23+R23 -> 1 | BO23: =G23+S23 -> 0 | BP23: =H23+T23 -> 0 | BQ23: =I23+U23 -> 2 | BR23: =J23+V23 -> 0 | BS23: =K23+W23 -> 1 | BT23: =L23+X23 -> 1 | ... BX23: =P23+AB23 -> 0 | BY23: =AC23+AO23 -> 1 | BZ23: =AD23+AP23 -> 0 | CA23: =AE23+AQ23 -> 0 | CB23: =AF23+AR23 -> 0 | CC23: =AG23+AS23 -> 1 | CD23: =AH23+AT23 -> 0 | CE23: =AI23+AU23 -> 1 | CF23: =AJ23+AV23 -> 0 | ... CJ23: =AN23+AZ23 -> 0 | CK23: =BA23+BM23+BY23 -> 2 | CL23: =BB23+BN23+BZ23 -> 1 | CM23: =BC23+BO23+CA23 -> 0 | CN23: =BD23+BP23+CB23 -> 0 | CO23: =SUM(CK23:CN23) -> 3 | CP23: =BF23+BR23+CD23 -> 0 | CQ23: =BG23+BS23+CE23 -> 2 | CR23: =BH23+BT23+CF23 -> 1 | CS23: =BI23+BU23+CG23 -> 0 | CT23: =BJ23+BV23+CH23 -> 0 | CU23: =SUM(CQ23:CT23) -> 3 | CV23: =BL23+BX23+CJ23 -> 0
D24: ADM PPIC | G24: 2 | I24: =SUM(E24:H24) -> 2 | M24: 2 | O24: =SUM(K24:N24) -> 2 | U24: =SUM(Q24:T24) -> 0 | AA24: =SUM(W24:Z24) -> 0 | AE24: 1 | AG24: =SUM(AC24:AF24) -> 1 | AK24: 1 | AM24: =SUM(AI24:AL24) -> 1 | AS24: =SUM(AO24:AR24) -> 0 | AY24: =SUM(AU24:AX24) -> 0 | BE24: =SUM(BA24:BD24) -> 0 | BK24: =SUM(BG24:BJ24) -> 0 | BM24: =E24+Q24 -> 0 | BN24: =F24+R24 -> 0 | BO24: =G24+S24 -> 2 | BP24: =H24+T24 -> 0 | BQ24: =I24+U24 -> 2 | BR24: =J24+V24 -> 0 | BS24: =K24+W24 -> 0 | BT24: =L24+X24 -> 0 | ... BX24: =P24+AB24 -> 0 | BY24: =AC24+AO24 -> 0 | BZ24: =AD24+AP24 -> 0 | CA24: =AE24+AQ24 -> 1 | CB24: =AF24+AR24 -> 0 | CC24: =AG24+AS24 -> 1 | CD24: =AH24+AT24 -> 0 | CE24: =AI24+AU24 -> 0 | CF24: =AJ24+AV24 -> 0 | ... CJ24: =AN24+AZ24 -> 0 | CK24: =BA24+BM24+BY24 -> 0 | CL24: =BB24+BN24+BZ24 -> 0 | CM24: =BC24+BO24+CA24 -> 3 | CN24: =BD24+BP24+CB24 -> 0 | CO24: =SUM(CK24:CN24) -> 3 | CP24: =BF24+BR24+CD24 -> 0 | CQ24: =BG24+BS24+CE24 -> 0 | CR24: =BH24+BT24+CF24 -> 0 | CS24: =BI24+BU24+CG24 -> 3 | CT24: =BJ24+BV24+CH24 -> 0 | CU24: =SUM(CQ24:CT24) -> 3 | CV24: =BL24+BX24+CJ24 -> 0
D25: KARU GUDANG | I25: =SUM(E25:H25) -> 0 | O25: =SUM(K25:N25) -> 0 | U25: =SUM(Q25:T25) -> 0 | AA25: =SUM(W25:Z25) -> 0 | AG25: =SUM(AC25:AF25) -> 0 | AM25: =SUM(AI25:AL25) -> 0 | AS25: =SUM(AO25:AR25) -> 0 | AY25: =SUM(AU25:AX25) -> 0 | BA25: 1 | BE25: =SUM(BA25:BD25) -> 1 | BG25: 1 | BK25: =SUM(BG25:BJ25) -> 1 | BM25: =E25+Q25 -> 0 | BN25: =F25+R25 -> 0 | BO25: =G25+S25 -> 0 | BP25: =H25+T25 -> 0 | BQ25: =I25+U25 -> 0 | BR25: =J25+V25 -> 0 | BS25: =K25+W25 -> 0 | BT25: =L25+X25 -> 0 | ... BX25: =P25+AB25 -> 0 | BY25: =AC25+AO25 -> 0 | BZ25: =AD25+AP25 -> 0 | CA25: =AE25+AQ25 -> 0 | CB25: =AF25+AR25 -> 0 | CC25: =AG25+AS25 -> 0 | CD25: =AH25+AT25 -> 0 | CE25: =AI25+AU25 -> 0 | CF25: =AJ25+AV25 -> 0 | ... CJ25: =AN25+AZ25 -> 0 | CK25: =BA25+BM25+BY25 -> 1 | CL25: =BB25+BN25+BZ25 -> 0 | CM25: =BC25+BO25+CA25 -> 0 | CN25: =BD25+BP25+CB25 -> 0 | CO25: =SUM(CK25:CN25) -> 1 | CP25: =BF25+BR25+CD25 -> 0 | CQ25: =BG25+BS25+CE25 -> 1 | CR25: =BH25+BT25+CF25 -> 0 | CS25: =BI25+BU25+CG25 -> 0 | CT25: =BJ25+BV25+CH25 -> 0 | CU25: =SUM(CQ25:CT25) -> 1 | CV25: =BL25+BX25+CJ25 -> 0
D26: STAFF GBB | F26: 1 | I26: =SUM(E26:H26) -> 1 | L26: 1 | O26: =SUM(K26:N26) -> 1 | R26: 1 | U26: =SUM(Q26:T26) -> 1 | X26: 1 | AA26: =SUM(W26:Z26) -> 1 | AG26: =SUM(AC26:AF26) -> 0 | AM26: =SUM(AI26:AL26) -> 0 | AS26: =SUM(AO26:AR26) -> 0 | AY26: =SUM(AU26:AX26) -> 0 | BA26: 1 | BE26: =SUM(BA26:BD26) -> 1 | BG26: 1 | BK26: =SUM(BG26:BJ26) -> 1 | BM26: =E26+Q26 -> 0 | BN26: =F26+R26 -> 2 | BO26: =G26+S26 -> 0 | BP26: =H26+T26 -> 0 | BQ26: =I26+U26 -> 2 | BR26: =J26+V26 -> 0 | BS26: =K26+W26 -> 0 | BT26: =L26+X26 -> 2 | ... BX26: =P26+AB26 -> 0 | BY26: =AC26+AO26 -> 0 | BZ26: =AD26+AP26 -> 0 | CA26: =AE26+AQ26 -> 0 | CB26: =AF26+AR26 -> 0 | CC26: =AG26+AS26 -> 0 | CD26: =AH26+AT26 -> 0 | CE26: =AI26+AU26 -> 0 | CF26: =AJ26+AV26 -> 0 | ... CJ26: =AN26+AZ26 -> 0 | CK26: =BA26+BM26+BY26 -> 1 | CL26: =BB26+BN26+BZ26 -> 2 | CM26: =BC26+BO26+CA26 -> 0 | CN26: =BD26+BP26+CB26 -> 0 | CO26: =SUM(CK26:CN26) -> 3 | CP26: =BF26+BR26+CD26 -> 0 | CQ26: =BG26+BS26+CE26 -> 1 | CR26: =BH26+BT26+CF26 -> 2 | CS26: =BI26+BU26+CG26 -> 0 | CT26: =BJ26+BV26+CH26 -> 0 | CU26: =SUM(CQ26:CT26) -> 3 | CV26: =BL26+BX26+CJ26 -> 0
D27: STAFF GUDANG SPAREPART | I27: =SUM(E27:H27) -> 0 | O27: =SUM(K27:N27) -> 0 | R27: 1 | U27: =SUM(Q27:T27) -> 1 | X27: 1 | AA27: =SUM(W27:Z27) -> 1 | AG27: =SUM(AC27:AF27) -> 0 | AM27: =SUM(AI27:AL27) -> 0 | AS27: =SUM(AO27:AR27) -> 0 | AY27: =SUM(AU27:AX27) -> 0 | BE27: =SUM(BA27:BD27) -> 0 | BK27: =SUM(BG27:BJ27) -> 0 | BM27: =E27+Q27 -> 0 | BN27: =F27+R27 -> 1 | BO27: =G27+S27 -> 0 | BP27: =H27+T27 -> 0 | BQ27: =I27+U27 -> 1 | BR27: =J27+V27 -> 0 | BS27: =K27+W27 -> 0 | BT27: =L27+X27 -> 1 | ... BX27: =P27+AB27 -> 0 | BY27: =AC27+AO27 -> 0 | BZ27: =AD27+AP27 -> 0 | CA27: =AE27+AQ27 -> 0 | CB27: =AF27+AR27 -> 0 | CC27: =AG27+AS27 -> 0 | CD27: =AH27+AT27 -> 0 | CE27: =AI27+AU27 -> 0 | CF27: =AJ27+AV27 -> 0 | ... CJ27: =AN27+AZ27 -> 0 | CK27: =BA27+BM27+BY27 -> 0 | CL27: =BB27+BN27+BZ27 -> 1 | CM27: =BC27+BO27+CA27 -> 0 | CN27: =BD27+BP27+CB27 -> 0 | CO27: =SUM(CK27:CN27) -> 1 | CP27: =BF27+BR27+CD27 -> 0 | CQ27: =BG27+BS27+CE27 -> 0 | CR27: =BH27+BT27+CF27 -> 1 | CS27: =BI27+BU27+CG27 -> 0 | CT27: =BJ27+BV27+CH27 -> 0 | CU27: =SUM(CQ27:CT27) -> 1 | CV27: =BL27+BX27+CJ27 -> 0
D28: STAFF GBJ | E28: 1 | G28: 1 | I28: =SUM(E28:H28) -> 2 | K28: 1 | M28: 1 | O28: =SUM(K28:N28) -> 2 | S28: 1 | U28: =SUM(Q28:T28) -> 1 | Y28: 1 | AA28: =SUM(W28:Z28) -> 1 | AC28: 1 | AD28: 1 | AE28: 2 | AG28: =SUM(AC28:AF28) -> 4 | AI28: 1 | AJ28: 1 | AK28: 2 | AM28: =SUM(AI28:AL28) -> 4 | AS28: =SUM(AO28:AR28) -> 0 | AY28: =SUM(AU28:AX28) -> 0 | BC28: 1 | BE28: =SUM(BA28:BD28) -> 1 | BI28: 1 | BK28: =SUM(BG28:BJ28) -> 1 | BM28: =E28+Q28 -> 1 | BN28: =F28+R28 -> 0 | BO28: =G28+S28 -> 2 | BP28: =H28+T28 -> 0 | BQ28: =I28+U28 -> 3 | BR28: =J28+V28 -> 0 | BS28: =K28+W28 -> 1 | BT28: =L28+X28 -> 0 | ... BX28: =P28+AB28 -> 0 | BY28: =AC28+AO28 -> 1 | BZ28: =AD28+AP28 -> 1 | CA28: =AE28+AQ28 -> 2 | CB28: =AF28+AR28 -> 0 | CC28: =AG28+AS28 -> 4 | CD28: =AH28+AT28 -> 0 | CE28: =AI28+AU28 -> 1 | CF28: =AJ28+AV28 -> 1 | ... CJ28: =AN28+AZ28 -> 0 | CK28: =BA28+BM28+BY28 -> 2 | CL28: =BB28+BN28+BZ28 -> 1 | CM28: =BC28+BO28+CA28 -> 5 | CN28: =BD28+BP28+CB28 -> 0 | CO28: =SUM(CK28:CN28) -> 8 | CP28: =BF28+BR28+CD28 -> 0 | CQ28: =BG28+BS28+CE28 -> 2 | CR28: =BH28+BT28+CF28 -> 1 | CS28: =BI28+BU28+CG28 -> 5 | CT28: =BJ28+BV28+CH28 -> 0 | CU28: =SUM(CQ28:CT28) -> 8 | CV28: =BL28+BX28+CJ28 -> 0
D29: EKSPEDISI | G29: 4 | I29: =SUM(E29:H29) -> 4 | M29: 4 | O29: =SUM(K29:N29) -> 4 | Q29: 1 | S29: =1+5 -> 6 | U29: =SUM(Q29:T29) -> 7 | W29: 1 | Y29: =1+5 -> 6 | AA29: =SUM(W29:Z29) -> 7 | AE29: 3 | AG29: =SUM(AC29:AF29) -> 3 | AK29: 3 | AM29: =SUM(AI29:AL29) -> 3 | AS29: =SUM(AO29:AR29) -> 0 | AY29: =SUM(AU29:AX29) -> 0 | BA29: 1 | BC29: 8 | BE29: =SUM(BA29:BD29) -> 9 | BG29: 1 | BI29: 8 | BK29: =SUM(BG29:BJ29) -> 9 | BM29: =E29+Q29 -> 1 | BN29: =F29+R29 -> 0 | BO29: =G29+S29 -> 10 | BP29: =H29+T29 -> 0 | BQ29: =I29+U29 -> 11 | BR29: =J29+V29 -> 0 | BS29: =K29+W29 -> 1 | BT29: =L29+X29 -> 0 | ... BX29: =P29+AB29 -> 0 | BY29: =AC29+AO29 -> 0 | BZ29: =AD29+AP29 -> 0 | CA29: =AE29+AQ29 -> 3 | CB29: =AF29+AR29 -> 0 | CC29: =AG29+AS29 -> 3 | CD29: =AH29+AT29 -> 0 | CE29: =AI29+AU29 -> 0 | CF29: =AJ29+AV29 -> 0 | ... CJ29: =AN29+AZ29 -> 0 | CK29: =BA29+BM29+BY29 -> 2 | CL29: =BB29+BN29+BZ29 -> 0 | CM29: =BC29+BO29+CA29 -> 21 | CN29: =BD29+BP29+CB29 -> 0 | CO29: =SUM(CK29:CN29) -> 23 | CP29: =BF29+BR29+CD29 -> 0 | CQ29: =BG29+BS29+CE29 -> 2 | CR29: =BH29+BT29+CF29 -> 0 | CS29: =BI29+BU29+CG29 -> 21 | CT29: =BJ29+BV29+CH29 -> 0 | CU29: =SUM(CQ29:CT29) -> 23 | CV29: =BL29+BX29+CJ29 -> 0
D30: MATERIAL HANDLING | I30: =SUM(E30:H30) -> 0 | O30: =SUM(K30:N30) -> 0 | S30: 2 | U30: =SUM(Q30:T30) -> 2 | Y30: 2 | AA30: =SUM(W30:Z30) -> 2 | AG30: =SUM(AC30:AF30) -> 0 | AM30: =SUM(AI30:AL30) -> 0 | AS30: =SUM(AO30:AR30) -> 0 | AY30: =SUM(AU30:AX30) -> 0 | BE30: =SUM(BA30:BD30) -> 0 | BK30: =SUM(BG30:BJ30) -> 0 | BM30: =E30+Q30 -> 0 | BN30: =F30+R30 -> 0 | BO30: =G30+S30 -> 2 | BP30: =H30+T30 -> 0 | BQ30: =I30+U30 -> 2 | BR30: =J30+V30 -> 0 | BS30: =K30+W30 -> 0 | BT30: =L30+X30 -> 0 | ... BX30: =P30+AB30 -> 0 | BY30: =AC30+AO30 -> 0 | BZ30: =AD30+AP30 -> 0 | CA30: =AE30+AQ30 -> 0 | CB30: =AF30+AR30 -> 0 | CC30: =AG30+AS30 -> 0 | CD30: =AH30+AT30 -> 0 | CE30: =AI30+AU30 -> 0 | CF30: =AJ30+AV30 -> 0 | ... CJ30: =AN30+AZ30 -> 0 | CK30: =BA30+BM30+BY30 -> 0 | CL30: =BB30+BN30+BZ30 -> 0 | CM30: =BC30+BO30+CA30 -> 2 | CN30: =BD30+BP30+CB30 -> 0 | CO30: =SUM(CK30:CN30) -> 2 | CP30: =BF30+BR30+CD30 -> 0 | CQ30: =BG30+BS30+CE30 -> 0 | CR30: =BH30+BT30+CF30 -> 0 | CS30: =BI30+BU30+CG30 -> 2 | CT30: =BJ30+BV30+CH30 -> 0 | CU30: =SUM(CQ30:CT30) -> 2 | CV30: =BL30+BX30+CJ30 -> 0
C31: ACC & FINANCE | D31: KADIV ACCOUNTING | E31: 1 | I31: =SUM(E31:H31) -> 1 | K31: 1 | O31: =SUM(K31:N31) -> 1 | U31: =SUM(Q31:T31) -> 0 | AA31: =SUM(W31:Z31) -> 0 | AG31: =SUM(AC31:AF31) -> 0 | AM31: =SUM(AI31:AL31) -> 0 | AO31: 1 | AS31: =SUM(AO31:AR31) -> 1 | AU31: 1 | AY31: =SUM(AU31:AX31) -> 1 | BA31: 1 | BE31: =SUM(BA31:BD31) -> 1 | BG31: 1 | BK31: =SUM(BG31:BJ31) -> 1 | BM31: =E31+Q31 -> 1 | BN31: =F31+R31 -> 0 | BO31: =G31+S31 -> 0 | BP31: =H31+T31 -> 0 | BQ31: =I31+U31 -> 1 | BR31: =J31+V31 -> 0 | BS31: =K31+W31 -> 1 | BT31: =L31+X31 -> 0 | ... BX31: =P31+AB31 -> 0 | BY31: =AC31+AO31 -> 1 | BZ31: =AD31+AP31 -> 0 | CA31: =AE31+AQ31 -> 0 | CB31: =AF31+AR31 -> 0 | CC31: =AG31+AS31 -> 1 | CD31: =AH31+AT31 -> 0 | CE31: =AI31+AU31 -> 1 | CF31: =AJ31+AV31 -> 0 | ... CJ31: =AN31+AZ31 -> 0 | CK31: =BA31+BM31+BY31 -> 3 | CL31: =BB31+BN31+BZ31 -> 0 | CM31: =BC31+BO31+CA31 -> 0 | CN31: =BD31+BP31+CB31 -> 0 | CO31: =SUM(CK31:CN31) -> 3 | CP31: =BF31+BR31+CD31 -> 0 | CQ31: =BG31+BS31+CE31 -> 3 | CR31: =BH31+BT31+CF31 -> 0 | CS31: =BI31+BU31+CG31 -> 0 | CT31: =BJ31+BV31+CH31 -> 0 | CU31: =SUM(CQ31:CT31) -> 3 | CV31: =BL31+BX31+CJ31 -> 0
D32: STAFF ACCOUNTING | I32: =SUM(E32:H32) -> 0 | O32: =SUM(K32:N32) -> 0 | R32: 1 | S32: 1 | U32: =SUM(Q32:T32) -> 2 | Y32: 1 | AA32: =SUM(W32:Z32) -> 1 | AG32: =SUM(AC32:AF32) -> 0 | AM32: =SUM(AI32:AL32) -> 0 | AS32: =SUM(AO32:AR32) -> 0 | AY32: =SUM(AU32:AX32) -> 0 | BE32: =SUM(BA32:BD32) -> 0 | BK32: =SUM(BG32:BJ32) -> 0 | BM32: =E32+Q32 -> 0 | BN32: =F32+R32 -> 1 | BO32: =G32+S32 -> 1 | BP32: =H32+T32 -> 0 | BQ32: =I32+U32 -> 2 | BR32: =J32+V32 -> 0 | BS32: =K32+W32 -> 0 | BT32: =L32+X32 -> 0 | ... BX32: =P32+AB32 -> 0 | BY32: =AC32+AO32 -> 0 | BZ32: =AD32+AP32 -> 0 | CA32: =AE32+AQ32 -> 0 | CB32: =AF32+AR32 -> 0 | CC32: =AG32+AS32 -> 0 | CD32: =AH32+AT32 -> 0 | CE32: =AI32+AU32 -> 0 | CF32: =AJ32+AV32 -> 0 | ... CJ32: =AN32+AZ32 -> 0 | CK32: =BA32+BM32+BY32 -> 0 | CL32: =BB32+BN32+BZ32 -> 1 | CM32: =BC32+BO32+CA32 -> 1 | CN32: =BD32+BP32+CB32 -> 0 | CO32: =SUM(CK32:CN32) -> 2 | CP32: =BF32+BR32+CD32 -> 0 | CQ32: =BG32+BS32+CE32 -> 0 | CR32: =BH32+BT32+CF32 -> 0 | CS32: =BI32+BU32+CG32 -> 1 | CT32: =BJ32+BV32+CH32 -> 0 | CU32: =SUM(CQ32:CT32) -> 1 | CV32: =BL32+BX32+CJ32 -> 0
D33: KEUANGAN KASIR | G33: 1 | I33: =SUM(E33:H33) -> 1 | M33: 1 | O33: =SUM(K33:N33) -> 1 | R33: 1 | S33: 1 | U33: =SUM(Q33:T33) -> 2 | Y33: 1 | AA33: =SUM(W33:Z33) -> 1 | AD33: 1 | AE33: 1 | AG33: =SUM(AC33:AF33) -> 2 | AJ33: 1 | AK33: 1 | AM33: =SUM(AI33:AL33) -> 2 | AO33: 1 | AS33: =SUM(AO33:AR33) -> 1 | AU33: 1 | AY33: =SUM(AU33:AX33) -> 1 | BA33: 1 | BE33: =SUM(BA33:BD33) -> 1 | BG33: 1 | BK33: =SUM(BG33:BJ33) -> 1 | BM33: =E33+Q33 -> 0 | BN33: =F33+R33 -> 1 | BO33: =G33+S33 -> 2 | BP33: =H33+T33 -> 0 | BQ33: =I33+U33 -> 3 | BR33: =J33+V33 -> 0 | BS33: =K33+W33 -> 0 | BT33: =L33+X33 -> 0 | ... BX33: =P33+AB33 -> 0 | BY33: =AC33+AO33 -> 1 | BZ33: =AD33+AP33 -> 1 | CA33: =AE33+AQ33 -> 1 | CB33: =AF33+AR33 -> 0 | CC33: =AG33+AS33 -> 3 | CD33: =AH33+AT33 -> 0 | CE33: =AI33+AU33 -> 1 | CF33: =AJ33+AV33 -> 1 | ... CJ33: =AN33+AZ33 -> 0 | CK33: =BA33+BM33+BY33 -> 2 | CL33: =BB33+BN33+BZ33 -> 2 | CM33: =BC33+BO33+CA33 -> 3 | CN33: =BD33+BP33+CB33 -> 0 | CO33: =SUM(CK33:CN33) -> 7 | CP33: =BF33+BR33+CD33 -> 0 | CQ33: =BG33+BS33+CE33 -> 2 | CR33: =BH33+BT33+CF33 -> 1 | CS33: =BI33+BU33+CG33 -> 3 | CT33: =BJ33+BV33+CH33 -> 0 | CU33: =SUM(CQ33:CT33) -> 6 | CV33: =BL33+BX33+CJ33 -> 0
D34: KARU PIUTANG | I34: =SUM(E34:H34) -> 0 | O34: =SUM(K34:N34) -> 0 | U34: =SUM(Q34:T34) -> 0 | AA34: =SUM(W34:Z34) -> 0 | AG34: =SUM(AC34:AF34) -> 0 | AM34: =SUM(AI34:AL34) -> 0 | AS34: =SUM(AO34:AR34) -> 0 | AY34: =SUM(AU34:AX34) -> 0 | BA34: 1 | BE34: =SUM(BA34:BD34) -> 1 | BG34: 1 | BK34: =SUM(BG34:BJ34) -> 1 | BM34: =E34+Q34 -> 0 | BN34: =F34+R34 -> 0 | BO34: =G34+S34 -> 0 | BP34: =H34+T34 -> 0 | BQ34: =I34+U34 -> 0 | BR34: =J34+V34 -> 0 | BS34: =K34+W34 -> 0 | BT34: =L34+X34 -> 0 | ... BX34: =P34+AB34 -> 0 | BY34: =AC34+AO34 -> 0 | BZ34: =AD34+AP34 -> 0 | CA34: =AE34+AQ34 -> 0 | CB34: =AF34+AR34 -> 0 | CC34: =AG34+AS34 -> 0 | CD34: =AH34+AT34 -> 0 | CE34: =AI34+AU34 -> 0 | CF34: =AJ34+AV34 -> 0 | ... CJ34: =AN34+AZ34 -> 0 | CK34: =BA34+BM34+BY34 -> 1 | CL34: =BB34+BN34+BZ34 -> 0 | CM34: =BC34+BO34+CA34 -> 0 | CN34: =BD34+BP34+CB34 -> 0 | CO34: =SUM(CK34:CN34) -> 1 | CP34: =BF34+BR34+CD34 -> 0 | CQ34: =BG34+BS34+CE34 -> 1 | CR34: =BH34+BT34+CF34 -> 0 | CS34: =BI34+BU34+CG34 -> 0 | CT34: =BJ34+BV34+CH34 -> 0 | CU34: =SUM(CQ34:CT34) -> 1 | CV34: =BL34+BX34+CJ34 -> 0
D35: STAFF PIUTANG | I35: =SUM(E35:H35) -> 0 | O35: =SUM(K35:N35) -> 0 | R35: 1 | U35: =SUM(Q35:T35) -> 1 | AA35: =SUM(W35:Z35) -> 0 | AG35: =SUM(AC35:AF35) -> 0 | AM35: =SUM(AI35:AL35) -> 0 | AS35: =SUM(AO35:AR35) -> 0 | AY35: =SUM(AU35:AX35) -> 0 | BE35: =SUM(BA35:BD35) -> 0 | BK35: =SUM(BG35:BJ35) -> 0 | BM35: =E35+Q35 -> 0 | BN35: =F35+R35 -> 1 | BO35: =G35+S35 -> 0 | BP35: =H35+T35 -> 0 | BQ35: =I35+U35 -> 1 | BR35: =J35+V35 -> 0 | BS35: =K35+W35 -> 0 | BT35: =L35+X35 -> 0 | ... BX35: =P35+AB35 -> 0 | BY35: =AC35+AO35 -> 0 | BZ35: =AD35+AP35 -> 0 | CA35: =AE35+AQ35 -> 0 | CB35: =AF35+AR35 -> 0 | CC35: =AG35+AS35 -> 0 | CD35: =AH35+AT35 -> 0 | CE35: =AI35+AU35 -> 0 | CF35: =AJ35+AV35 -> 0 | ... CJ35: =AN35+AZ35 -> 0 | CK35: =BA35+BM35+BY35 -> 0 | CL35: =BB35+BN35+BZ35 -> 1 | CM35: =BC35+BO35+CA35 -> 0 | CN35: =BD35+BP35+CB35 -> 0 | CO35: =SUM(CK35:CN35) -> 1 | CP35: =BF35+BR35+CD35 -> 0 | CQ35: =BG35+BS35+CE35 -> 0 | CR35: =BH35+BT35+CF35 -> 0 | CS35: =BI35+BU35+CG35 -> 0 | CT35: =BJ35+BV35+CH35 -> 0 | CU35: =SUM(CQ35:CT35) -> 0 | CV35: =BL35+BX35+CJ35 -> 0
D36: PENAGIHAN | I36: =SUM(E36:H36) -> 0 | O36: =SUM(K36:N36) -> 0 | U36: =SUM(Q36:T36) -> 0 | AA36: =SUM(W36:Z36) -> 0 | AG36: =SUM(AC36:AF36) -> 0 | AM36: =SUM(AI36:AL36) -> 0 | AS36: =SUM(AO36:AR36) -> 0 | AY36: =SUM(AU36:AX36) -> 0 | BE36: =SUM(BA36:BD36) -> 0 | BK36: =SUM(BG36:BJ36) -> 0 | BM36: =E36+Q36 -> 0 | BN36: =F36+R36 -> 0 | BO36: =G36+S36 -> 0 | BP36: =H36+T36 -> 0 | BQ36: =I36+U36 -> 0 | BR36: =J36+V36 -> 0 | BS36: =K36+W36 -> 0 | BT36: =L36+X36 -> 0 | ... BX36: =P36+AB36 -> 0 | BY36: =AC36+AO36 -> 0 | BZ36: =AD36+AP36 -> 0 | CA36: =AE36+AQ36 -> 0 | CB36: =AF36+AR36 -> 0 | CC36: =AG36+AS36 -> 0 | CD36: =AH36+AT36 -> 0 | CE36: =AI36+AU36 -> 0 | CF36: =AJ36+AV36 -> 0 | ... CJ36: =AN36+AZ36 -> 0 | CK36: =BA36+BM36+BY36 -> 0 | CL36: =BB36+BN36+BZ36 -> 0 | CM36: =BC36+BO36+CA36 -> 0 | CN36: =BD36+BP36+CB36 -> 0 | CO36: =SUM(CK36:CN36) -> 0 | CP36: =BF36+BR36+CD36 -> 0 | CQ36: =BG36+BS36+CE36 -> 0 | CR36: =BH36+BT36+CF36 -> 0 | CS36: =BI36+BU36+CG36 -> 0 | CT36: =BJ36+BV36+CH36 -> 0 | CU36: =SUM(CQ36:CT36) -> 0 | CV36: =BL36+BX36+CJ36 -> 0
D37: INVOICING | I37: =SUM(E37:H37) -> 0 | O37: =SUM(K37:N37) -> 0 | R37: 1 | S37: 1 | U37: =SUM(Q37:T37) -> 2 | Y37: 1 | AA37: =SUM(W37:Z37) -> 1 | AG37: =SUM(AC37:AF37) -> 0 | AM37: =SUM(AI37:AL37) -> 0 | AS37: =SUM(AO37:AR37) -> 0 | AY37: =SUM(AU37:AX37) -> 0 | BE37: =SUM(BA37:BD37) -> 0 | BK37: =SUM(BG37:BJ37) -> 0 | BM37: =E37+Q37 -> 0 | BN37: =F37+R37 -> 1 | BO37: =G37+S37 -> 1 | BP37: =H37+T37 -> 0 | BQ37: =I37+U37 -> 2 | BR37: =J37+V37 -> 0 | BS37: =K37+W37 -> 0 | BT37: =L37+X37 -> 0 | ... BX37: =P37+AB37 -> 0 | BY37: =AC37+AO37 -> 0 | BZ37: =AD37+AP37 -> 0 | CA37: =AE37+AQ37 -> 0 | CB37: =AF37+AR37 -> 0 | CC37: =AG37+AS37 -> 0 | CD37: =AH37+AT37 -> 0 | CE37: =AI37+AU37 -> 0 | CF37: =AJ37+AV37 -> 0 | ... CJ37: =AN37+AZ37 -> 0 | CK37: =BA37+BM37+BY37 -> 0 | CL37: =BB37+BN37+BZ37 -> 1 | CM37: =BC37+BO37+CA37 -> 1 | CN37: =BD37+BP37+CB37 -> 0 | CO37: =SUM(CK37:CN37) -> 2 | CP37: =BF37+BR37+CD37 -> 0 | CQ37: =BG37+BS37+CE37 -> 0 | CR37: =BH37+BT37+CF37 -> 0 | CS37: =BI37+BU37+CG37 -> 1 | CT37: =BJ37+BV37+CH37 -> 0 | CU37: =SUM(CQ37:CT37) -> 1 | CV37: =BL37+BX37+CJ37 -> 0
C38: PEMBELIAN | D38: PEMBELIAN | F38: 1 | I38: =SUM(E38:H38) -> 1 | L38: 1 | O38: =SUM(K38:N38) -> 1 | Q38: 1 | S38: 1 | U38: =SUM(Q38:T38) -> 2 | W38: 1 | Y38: 1 | AA38: =SUM(W38:Z38) -> 2 | AG38: =SUM(AC38:AF38) -> 0 | AM38: =SUM(AI38:AL38) -> 0 | AS38: =SUM(AO38:AR38) -> 0 | AY38: =SUM(AU38:AX38) -> 0 | BE38: =SUM(BA38:BD38) -> 0 | BK38: =SUM(BG38:BJ38) -> 0 | BM38: =E38+Q38 -> 1 | BN38: =F38+R38 -> 1 | BO38: =G38+S38 -> 1 | BP38: =H38+T38 -> 0 | BQ38: =I38+U38 -> 3 | BR38: =J38+V38 -> 0 | BS38: =K38+W38 -> 1 | BT38: =L38+X38 -> 1 | ... BX38: =P38+AB38 -> 0 | BY38: =AC38+AO38 -> 0 | BZ38: =AD38+AP38 -> 0 | CA38: =AE38+AQ38 -> 0 | CB38: =AF38+AR38 -> 0 | CC38: =AG38+AS38 -> 0 | CD38: =AH38+AT38 -> 0 | CE38: =AI38+AU38 -> 0 | CF38: =AJ38+AV38 -> 0 | ... CJ38: =AN38+AZ38 -> 0 | CK38: =BA38+BM38+BY38 -> 1 | CL38: =BB38+BN38+BZ38 -> 1 | CM38: =BC38+BO38+CA38 -> 1 | CN38: =BD38+BP38+CB38 -> 0 | CO38: =SUM(CK38:CN38) -> 3 | CP38: =BF38+BR38+CD38 -> 0 | CQ38: =BG38+BS38+CE38 -> 1 | CR38: =BH38+BT38+CF38 -> 1 | CS38: =BI38+BU38+CG38 -> 1 | CT38: =BJ38+BV38+CH38 -> 0 | CU38: =SUM(CQ38:CT38) -> 3 | CV38: =BL38+BX38+CJ38 -> 0
C39: QC | D39: KADIV QC | F39: 1 | I39: =SUM(E39:H39) -> 1 | L39: 1 | O39: =SUM(K39:N39) -> 1 | U39: =SUM(Q39:T39) -> 0 | AA39: =SUM(W39:Z39) -> 0 | AG39: =SUM(AC39:AF39) -> 0 | AM39: =SUM(AI39:AL39) -> 0 | AS39: =SUM(AO39:AR39) -> 0 | AY39: =SUM(AU39:AX39) -> 0 | BE39: =SUM(BA39:BD39) -> 0 | BK39: =SUM(BG39:BJ39) -> 0 | BM39: =E39+Q39 -> 0 | BN39: =F39+R39 -> 1 | BO39: =G39+S39 -> 0 | BP39: =H39+T39 -> 0 | BQ39: =I39+U39 -> 1 | BR39: =J39+V39 -> 0 | BS39: =K39+W39 -> 0 | BT39: =L39+X39 -> 1 | ... BX39: =P39+AB39 -> 0 | BY39: =AC39+AO39 -> 0 | BZ39: =AD39+AP39 -> 0 | CA39: =AE39+AQ39 -> 0 | CB39: =AF39+AR39 -> 0 | CC39: =AG39+AS39 -> 0 | CD39: =AH39+AT39 -> 0 | CE39: =AI39+AU39 -> 0 | CF39: =AJ39+AV39 -> 0 | ... CJ39: =AN39+AZ39 -> 0 | CK39: =BA39+BM39+BY39 -> 0 | CL39: =BB39+BN39+BZ39 -> 1 | CM39: =BC39+BO39+CA39 -> 0 | CN39: =BD39+BP39+CB39 -> 0 | CO39: =SUM(CK39:CN39) -> 1 | CP39: =BF39+BR39+CD39 -> 0 | CQ39: =BG39+BS39+CE39 -> 0 | CR39: =BH39+BT39+CF39 -> 1 | CS39: =BI39+BU39+CG39 -> 0 | CT39: =BJ39+BV39+CH39 -> 0 | CU39: =SUM(CQ39:CT39) -> 1 | CV39: =BL39+BX39+CJ39 -> 0
D40: KARU QC | I40: =SUM(E40:H40) -> 0 | O40: =SUM(K40:N40) -> 0 | Q40: 1 | U40: =SUM(Q40:T40) -> 1 | W40: 1 | AA40: =SUM(W40:Z40) -> 1 | AC40: 1 | AG40: =SUM(AC40:AF40) -> 1 | AI40: 1 | AM40: =SUM(AI40:AL40) -> 1 | AS40: =SUM(AO40:AR40) -> 0 | AY40: =SUM(AU40:AX40) -> 0 | BE40: =SUM(BA40:BD40) -> 0 | BK40: =SUM(BG40:BJ40) -> 0 | BM40: =E40+Q40 -> 1 | BN40: =F40+R40 -> 0 | BO40: =G40+S40 -> 0 | BP40: =H40+T40 -> 0 | BQ40: =I40+U40 -> 1 | BR40: =J40+V40 -> 0 | BS40: =K40+W40 -> 1 | BT40: =L40+X40 -> 0 | ... BX40: =P40+AB40 -> 0 | BY40: =AC40+AO40 -> 1 | BZ40: =AD40+AP40 -> 0 | CA40: =AE40+AQ40 -> 0 | CB40: =AF40+AR40 -> 0 | CC40: =AG40+AS40 -> 1 | CD40: =AH40+AT40 -> 0 | CE40: =AI40+AU40 -> 1 | CF40: =AJ40+AV40 -> 0 | ... CJ40: =AN40+AZ40 -> 0 | CK40: =BA40+BM40+BY40 -> 2 | CL40: =BB40+BN40+BZ40 -> 0 | CM40: =BC40+BO40+CA40 -> 0 | CN40: =BD40+BP40+CB40 -> 0 | CO40: =SUM(CK40:CN40) -> 2 | CP40: =BF40+BR40+CD40 -> 0 | CQ40: =BG40+BS40+CE40 -> 2 | CR40: =BH40+BT40+CF40 -> 0 | CS40: =BI40+BU40+CG40 -> 0 | CT40: =BJ40+BV40+CH40 -> 0 | CU40: =SUM(CQ40:CT40) -> 2 | CV40: =BL40+BX40+CJ40 -> 0
D41: QC | E41: 1 | F41: 3 | G41: 2 | I41: =SUM(E41:H41) -> 6 | K41: 1 | L41: 3 | O41: =SUM(K41:N41) -> 4 | Q41: 1 | S41: =2+4 -> 6 | U41: =SUM(Q41:T41) -> 7 | W41: 1 | Y41: =2+4 -> 6 | AA41: =SUM(W41:Z41) -> 7 | AE41: 3 | AG41: =SUM(AC41:AF41) -> 3 | AK41: 3 | AM41: =SUM(AI41:AL41) -> 3 | AS41: =SUM(AO41:AR41) -> 0 | AY41: =SUM(AU41:AX41) -> 0 | BA41: 1 | BE41: =SUM(BA41:BD41) -> 1 | BG41: 1 | BK41: =SUM(BG41:BJ41) -> 1 | BM41: =E41+Q41 -> 2 | BN41: =F41+R41 -> 3 | BO41: =G41+S41 -> 8 | BP41: =H41+T41 -> 0 | BQ41: =I41+U41 -> 13 | BR41: =J41+V41 -> 0 | BS41: =K41+W41 -> 2 | BT41: =L41+X41 -> 3 | ... BX41: =P41+AB41 -> 0 | BY41: =AC41+AO41 -> 0 | BZ41: =AD41+AP41 -> 0 | CA41: =AE41+AQ41 -> 3 | CB41: =AF41+AR41 -> 0 | CC41: =AG41+AS41 -> 3 | CD41: =AH41+AT41 -> 0 | CE41: =AI41+AU41 -> 0 | CF41: =AJ41+AV41 -> 0 | ... CJ41: =AN41+AZ41 -> 0 | CK41: =BA41+BM41+BY41 -> 3 | CL41: =BB41+BN41+BZ41 -> 3 | CM41: =BC41+BO41+CA41 -> 11 | CN41: =BD41+BP41+CB41 -> 0 | CO41: =SUM(CK41:CN41) -> 17 | CP41: =BF41+BR41+CD41 -> 0 | CQ41: =BG41+BS41+CE41 -> 3 | CR41: =BH41+BT41+CF41 -> 3 | CS41: =BI41+BU41+CG41 -> 9 | CT41: =BJ41+BV41+CH41 -> 0 | CU41: =SUM(CQ41:CT41) -> 15 | CV41: =BL41+BX41+CJ41 -> 0
C42: D&D | D42: KADIV D&D | E42: 1 | I42: =SUM(E42:H42) -> 1 | K42: 1 | O42: =SUM(K42:N42) -> 1 | U42: =SUM(Q42:T42) -> 0 | AA42: =SUM(W42:Z42) -> 0 | AG42: =SUM(AC42:AF42) -> 0 | AM42: =SUM(AI42:AL42) -> 0 | AS42: =SUM(AO42:AR42) -> 0 | AY42: =SUM(AU42:AX42) -> 0 | BE42: =SUM(BA42:BD42) -> 0 | BK42: =SUM(BG42:BJ42) -> 0 | BM42: =E42+Q42 -> 1 | BN42: =F42+R42 -> 0 | BO42: =G42+S42 -> 0 | BP42: =H42+T42 -> 0 | BQ42: =I42+U42 -> 1 | BR42: =J42+V42 -> 0 | BS42: =K42+W42 -> 1 | BT42: =L42+X42 -> 0 | ... BX42: =P42+AB42 -> 0 | BY42: =AC42+AO42 -> 0 | BZ42: =AD42+AP42 -> 0 | CA42: =AE42+AQ42 -> 0 | CB42: =AF42+AR42 -> 0 | CC42: =AG42+AS42 -> 0 | CD42: =AH42+AT42 -> 0 | CE42: =AI42+AU42 -> 0 | CF42: =AJ42+AV42 -> 0 | ... CJ42: =AN42+AZ42 -> 0 | CK42: =BA42+BM42+BY42 -> 1 | CL42: =BB42+BN42+BZ42 -> 0 | CM42: =BC42+BO42+CA42 -> 0 | CN42: =BD42+BP42+CB42 -> 0 | CO42: =SUM(CK42:CN42) -> 1 | CP42: =BF42+BR42+CD42 -> 0 | CQ42: =BG42+BS42+CE42 -> 1 | CR42: =BH42+BT42+CF42 -> 0 | CS42: =BI42+BU42+CG42 -> 0 | CT42: =BJ42+BV42+CH42 -> 0 | CU42: =SUM(CQ42:CT42) -> 1 | CV42: =BL42+BX42+CJ42 -> 0
D43: KARU D&D | I43: =SUM(E43:H43) -> 0 | O43: =SUM(K43:N43) -> 0 | Q43: 1 | R43: 1 | U43: =SUM(Q43:T43) -> 2 | W43: 1 | X43: 1 | AA43: =SUM(W43:Z43) -> 2 | AG43: =SUM(AC43:AF43) -> 0 | AM43: =SUM(AI43:AL43) -> 0 | AS43: =SUM(AO43:AR43) -> 0 | AY43: =SUM(AU43:AX43) -> 0 | BE43: =SUM(BA43:BD43) -> 0 | BK43: =SUM(BG43:BJ43) -> 0 | BM43: =E43+Q43 -> 1 | BN43: =F43+R43 -> 1 | BO43: =G43+S43 -> 0 | BP43: =H43+T43 -> 0 | BQ43: =I43+U43 -> 2 | BR43: =J43+V43 -> 0 | BS43: =K43+W43 -> 1 | BT43: =L43+X43 -> 1 | ... BX43: =P43+AB43 -> 0 | BY43: =AC43+AO43 -> 0 | BZ43: =AD43+AP43 -> 0 | CA43: =AE43+AQ43 -> 0 | CB43: =AF43+AR43 -> 0 | CC43: =AG43+AS43 -> 0 | CD43: =AH43+AT43 -> 0 | CE43: =AI43+AU43 -> 0 | CF43: =AJ43+AV43 -> 0 | ... CJ43: =AN43+AZ43 -> 0 | CK43: =BA43+BM43+BY43 -> 1 | CL43: =BB43+BN43+BZ43 -> 1 | CM43: =BC43+BO43+CA43 -> 0 | CN43: =BD43+BP43+CB43 -> 0 | CO43: =SUM(CK43:CN43) -> 2 | CP43: =BF43+BR43+CD43 -> 0 | CQ43: =BG43+BS43+CE43 -> 1 | CR43: =BH43+BT43+CF43 -> 1 | CS43: =BI43+BU43+CG43 -> 0 | CT43: =BJ43+BV43+CH43 -> 0 | CU43: =SUM(CQ43:CT43) -> 2 | CV43: =BL43+BX43+CJ43 -> 0
D44: STAFF D&D | E44: 1 | I44: =SUM(E44:H44) -> 1 | K44: 1 | O44: =SUM(K44:N44) -> 1 | R44: 1 | S44: 1 | U44: =SUM(Q44:T44) -> 2 | X44: 1 | Y44: 1 | AA44: =SUM(W44:Z44) -> 2 | AC44: 1 | AG44: =SUM(AC44:AF44) -> 1 | AI44: 1 | AM44: =SUM(AI44:AL44) -> 1 | AS44: =SUM(AO44:AR44) -> 0 | AY44: =SUM(AU44:AX44) -> 0 | BE44: =SUM(BA44:BD44) -> 0 | BK44: =SUM(BG44:BJ44) -> 0 | BM44: =E44+Q44 -> 1 | BN44: =F44+R44 -> 1 | BO44: =G44+S44 -> 1 | BP44: =H44+T44 -> 0 | BQ44: =I44+U44 -> 3 | BR44: =J44+V44 -> 0 | BS44: =K44+W44 -> 1 | BT44: =L44+X44 -> 1 | ... BX44: =P44+AB44 -> 0 | BY44: =AC44+AO44 -> 1 | BZ44: =AD44+AP44 -> 0 | CA44: =AE44+AQ44 -> 0 | CB44: =AF44+AR44 -> 0 | CC44: =AG44+AS44 -> 1 | CD44: =AH44+AT44 -> 0 | CE44: =AI44+AU44 -> 1 | CF44: =AJ44+AV44 -> 0 | ... CJ44: =AN44+AZ44 -> 0 | CK44: =BA44+BM44+BY44 -> 2 | CL44: =BB44+BN44+BZ44 -> 1 | CM44: =BC44+BO44+CA44 -> 1 | CN44: =BD44+BP44+CB44 -> 0 | CO44: =SUM(CK44:CN44) -> 4 | CP44: =BF44+BR44+CD44 -> 0 | CQ44: =BG44+BS44+CE44 -> 2 | CR44: =BH44+BT44+CF44 -> 1 | CS44: =BI44+BU44+CG44 -> 1 | CT44: =BJ44+BV44+CH44 -> 0 | CU44: =SUM(CQ44:CT44) -> 4 | CV44: =BL44+BX44+CJ44 -> 0
C45: PRODUKSI | D45: KADIV/ WAKADIV PRODUKSI | F45: 1 | I45: =SUM(E45:H45) -> 1 | L45: 1 | O45: =SUM(K45:N45) -> 1 | U45: =SUM(Q45:T45) -> 0 | AA45: =SUM(W45:Z45) -> 0 | AC45: 1 | AG45: =SUM(AC45:AF45) -> 1 | AI45: 1 | AM45: =SUM(AI45:AL45) -> 1 | AS45: =SUM(AO45:AR45) -> 0 | AY45: =SUM(AU45:AX45) -> 0 | BA45: 1 | BE45: =SUM(BA45:BD45) -> 1 | BH45: 1 | BK45: =SUM(BG45:BJ45) -> 1 | BM45: =E45+Q45 -> 0 | BN45: =F45+R45 -> 1 | BO45: =G45+S45 -> 0 | BP45: =H45+T45 -> 0 | BQ45: =I45+U45 -> 1 | BR45: =J45+V45 -> 0 | BS45: =K45+W45 -> 0 | BT45: =L45+X45 -> 1 | ... BX45: =P45+AB45 -> 0 | BY45: =AC45+AO45 -> 1 | BZ45: =AD45+AP45 -> 0 | CA45: =AE45+AQ45 -> 0 | CB45: =AF45+AR45 -> 0 | CC45: =AG45+AS45 -> 1 | CD45: =AH45+AT45 -> 0 | CE45: =AI45+AU45 -> 1 | CF45: =AJ45+AV45 -> 0 | ... CJ45: =AN45+AZ45 -> 0 | CK45: =BA45+BM45+BY45 -> 2 | CL45: =BB45+BN45+BZ45 -> 1 | CM45: =BC45+BO45+CA45 -> 0 | CN45: =BD45+BP45+CB45 -> 0 | CO45: =SUM(CK45:CN45) -> 3 | CP45: =BF45+BR45+CD45 -> 0 | CQ45: =BG45+BS45+CE45 -> 1 | CR45: =BH45+BT45+CF45 -> 2 | CS45: =BI45+BU45+CG45 -> 0 | CT45: =BJ45+BV45+CH45 -> 0 | CU45: =SUM(CQ45:CT45) -> 3 | CV45: =BL45+BX45+CJ45 -> 0
D46: KARU/WAKARU PRODUKSI | E46: 2 | F46: 1 | I46: =SUM(E46:H46) -> 3 | K46: 2 | L46: 1 | O46: =SUM(K46:N46) -> 3 | Q46: 1 | U46: =SUM(Q46:T46) -> 1 | W46: 1 | AA46: =SUM(W46:Z46) -> 1 | AD46: 1 | AG46: =SUM(AC46:AF46) -> 1 | AJ46: 1 | AM46: =SUM(AI46:AL46) -> 1 | AS46: =SUM(AO46:AR46) -> 0 | AY46: =SUM(AU46:AX46) -> 0 | BA46: 4 | BE46: =SUM(BA46:BD46) -> 4 | BG46: 4 | BK46: =SUM(BG46:BJ46) -> 4 | BM46: =E46+Q46 -> 3 | BN46: =F46+R46 -> 1 | BO46: =G46+S46 -> 0 | BP46: =H46+T46 -> 0 | BQ46: =I46+U46 -> 4 | BR46: =J46+V46 -> 0 | BS46: =K46+W46 -> 3 | BT46: =L46+X46 -> 1 | ... BX46: =P46+AB46 -> 0 | BY46: =AC46+AO46 -> 0 | BZ46: =AD46+AP46 -> 1 | CA46: =AE46+AQ46 -> 0 | CB46: =AF46+AR46 -> 0 | CC46: =AG46+AS46 -> 1 | CD46: =AH46+AT46 -> 0 | CE46: =AI46+AU46 -> 0 | CF46: =AJ46+AV46 -> 1 | ... CJ46: =AN46+AZ46 -> 0 | CK46: =BA46+BM46+BY46 -> 7 | CL46: =BB46+BN46+BZ46 -> 2 | CM46: =BC46+BO46+CA46 -> 0 | CN46: =BD46+BP46+CB46 -> 0 | CO46: =SUM(CK46:CN46) -> 9 | CP46: =BF46+BR46+CD46 -> 0 | CQ46: =BG46+BS46+CE46 -> 7 | CR46: =BH46+BT46+CF46 -> 2 | CS46: =BI46+BU46+CG46 -> 0 | CT46: =BJ46+BV46+CH46 -> 0 | CU46: =SUM(CQ46:CT46) -> 9 | CV46: =BL46+BX46+CJ46 -> 0
D47: ADM PRODUKSI | G47: 1 | I47: =SUM(E47:H47) -> 1 | M47: 1 | O47: =SUM(K47:N47) -> 1 | S47: 1 | U47: =SUM(Q47:T47) -> 1 | Y47: 1 | AA47: =SUM(W47:Z47) -> 1 | AE47: 1 | AG47: =SUM(AC47:AF47) -> 1 | AK47: 1 | AM47: =SUM(AI47:AL47) -> 1 | AS47: =SUM(AO47:AR47) -> 0 | AY47: =SUM(AU47:AX47) -> 0 | BE47: =SUM(BA47:BD47) -> 0 | BK47: =SUM(BG47:BJ47) -> 0 | BM47: =E47+Q47 -> 0 | BN47: =F47+R47 -> 0 | BO47: =G47+S47 -> 2 | BP47: =H47+T47 -> 0 | BQ47: =I47+U47 -> 2 | BR47: =J47+V47 -> 0 | BS47: =K47+W47 -> 0 | BT47: =L47+X47 -> 0 | ... BX47: =P47+AB47 -> 0 | BY47: =AC47+AO47 -> 0 | BZ47: =AD47+AP47 -> 0 | CA47: =AE47+AQ47 -> 1 | CB47: =AF47+AR47 -> 0 | CC47: =AG47+AS47 -> 1 | CD47: =AH47+AT47 -> 0 | CE47: =AI47+AU47 -> 0 | CF47: =AJ47+AV47 -> 0 | ... CJ47: =AN47+AZ47 -> 0 | CK47: =BA47+BM47+BY47 -> 0 | CL47: =BB47+BN47+BZ47 -> 0 | CM47: =BC47+BO47+CA47 -> 3 | CN47: =BD47+BP47+CB47 -> 0 | CO47: =SUM(CK47:CN47) -> 3 | CP47: =BF47+BR47+CD47 -> 0 | CQ47: =BG47+BS47+CE47 -> 0 | CR47: =BH47+BT47+CF47 -> 0 | CS47: =BI47+BU47+CG47 -> 3 | CT47: =BJ47+BV47+CH47 -> 0 | CU47: =SUM(CQ47:CT47) -> 3 | CV47: =BL47+BX47+CJ47 -> 0
D48: PRE PRESS | E48: 1 | F48: 4 | G48: 1 | I48: =SUM(E48:H48) -> 6 | K48: 1 | L48: 4 | M48: 1 | O48: =SUM(K48:N48) -> 6 | U48: =SUM(Q48:T48) -> 0 | AA48: =SUM(W48:Z48) -> 0 | AG48: =SUM(AC48:AF48) -> 0 | AM48: =SUM(AI48:AL48) -> 0 | AS48: =SUM(AO48:AR48) -> 0 | AY48: =SUM(AU48:AX48) -> 0 | BE48: =SUM(BA48:BD48) -> 0 | BK48: =SUM(BG48:BJ48) -> 0 | BM48: =E48+Q48 -> 1 | BN48: =F48+R48 -> 4 | BO48: =G48+S48 -> 1 | BP48: =H48+T48 -> 0 | BQ48: =I48+U48 -> 6 | BR48: =J48+V48 -> 0 | BS48: =K48+W48 -> 1 | BT48: =L48+X48 -> 4 | ... BX48: =P48+AB48 -> 0 | BY48: =AC48+AO48 -> 0 | BZ48: =AD48+AP48 -> 0 | CA48: =AE48+AQ48 -> 0 | CB48: =AF48+AR48 -> 0 | CC48: =AG48+AS48 -> 0 | CD48: =AH48+AT48 -> 0 | CE48: =AI48+AU48 -> 0 | CF48: =AJ48+AV48 -> 0 | ... CJ48: =AN48+AZ48 -> 0 | CK48: =BA48+BM48+BY48 -> 1 | CL48: =BB48+BN48+BZ48 -> 4 | CM48: =BC48+BO48+CA48 -> 1 | CN48: =BD48+BP48+CB48 -> 0 | CO48: =SUM(CK48:CN48) -> 6 | CP48: =BF48+BR48+CD48 -> 0 | CQ48: =BG48+BS48+CE48 -> 1 | CR48: =BH48+BT48+CF48 -> 4 | CS48: =BI48+BU48+CG48 -> 1 | CT48: =BJ48+BV48+CH48 -> 0 | CU48: =SUM(CQ48:CT48) -> 6 | CV48: =BL48+BX48+CJ48 -> 0
D49: PISAU PUNCH | I49: =SUM(E49:H49) -> 0 | O49: =SUM(K49:N49) -> 0 | U49: =SUM(Q49:T49) -> 0 | AA49: =SUM(W49:Z49) -> 0 | AG49: =SUM(AC49:AF49) -> 0 | AM49: =SUM(AI49:AL49) -> 0 | AS49: =SUM(AO49:AR49) -> 0 | AY49: =SUM(AU49:AX49) -> 0 | BE49: =SUM(BA49:BD49) -> 0 | BK49: =SUM(BG49:BJ49) -> 0 | BM49: =E49+Q49 -> 0 | BN49: =F49+R49 -> 0 | BO49: =G49+S49 -> 0 | BP49: =H49+T49 -> 0 | BQ49: =I49+U49 -> 0 | BR49: =J49+V49 -> 0 | BS49: =K49+W49 -> 0 | BT49: =L49+X49 -> 0 | ... BX49: =P49+AB49 -> 0 | BY49: =AC49+AO49 -> 0 | BZ49: =AD49+AP49 -> 0 | CA49: =AE49+AQ49 -> 0 | CB49: =AF49+AR49 -> 0 | CC49: =AG49+AS49 -> 0 | CD49: =AH49+AT49 -> 0 | CE49: =AI49+AU49 -> 0 | CF49: =AJ49+AV49 -> 0 | ... CJ49: =AN49+AZ49 -> 0 | CK49: =BA49+BM49+BY49 -> 0 | CL49: =BB49+BN49+BZ49 -> 0 | CM49: =BC49+BO49+CA49 -> 0 | CN49: =BD49+BP49+CB49 -> 0 | CO49: =SUM(CK49:CN49) -> 0 | CP49: =BF49+BR49+CD49 -> 0 | CQ49: =BG49+BS49+CE49 -> 0 | CR49: =BH49+BT49+CF49 -> 0 | CS49: =BI49+BU49+CG49 -> 0 | CT49: =BJ49+BV49+CH49 -> 0 | CU49: =SUM(CQ49:CT49) -> 0 | CV49: =BL49+BX49+CJ49 -> 0
D50: TINTA MIXING | I50: =SUM(E50:H50) -> 0 | O50: =SUM(K50:N50) -> 0 | Q50: 1 | U50: =SUM(Q50:T50) -> 1 | W50: 1 | AA50: =SUM(W50:Z50) -> 1 | AG50: =SUM(AC50:AF50) -> 0 | AM50: =SUM(AI50:AL50) -> 0 | AS50: =SUM(AO50:AR50) -> 0 | AY50: =SUM(AU50:AX50) -> 0 | BE50: =SUM(BA50:BD50) -> 0 | BK50: =SUM(BG50:BJ50) -> 0 | BM50: =E50+Q50 -> 1 | BN50: =F50+R50 -> 0 | BO50: =G50+S50 -> 0 | BP50: =H50+T50 -> 0 | BQ50: =I50+U50 -> 1 | BR50: =J50+V50 -> 0 | BS50: =K50+W50 -> 1 | BT50: =L50+X50 -> 0 | ... BX50: =P50+AB50 -> 0 | BY50: =AC50+AO50 -> 0 | BZ50: =AD50+AP50 -> 0 | CA50: =AE50+AQ50 -> 0 | CB50: =AF50+AR50 -> 0 | CC50: =AG50+AS50 -> 0 | CD50: =AH50+AT50 -> 0 | CE50: =AI50+AU50 -> 0 | CF50: =AJ50+AV50 -> 0 | ... CJ50: =AN50+AZ50 -> 0 | CK50: =BA50+BM50+BY50 -> 1 | CL50: =BB50+BN50+BZ50 -> 0 | CM50: =BC50+BO50+CA50 -> 0 | CN50: =BD50+BP50+CB50 -> 0 | CO50: =SUM(CK50:CN50) -> 1 | CP50: =BF50+BR50+CD50 -> 0 | CQ50: =BG50+BS50+CE50 -> 1 | CR50: =BH50+BT50+CF50 -> 0 | CS50: =BI50+BU50+CG50 -> 0 | CT50: =BJ50+BV50+CH50 -> 0 | CU50: =SUM(CQ50:CT50) -> 1 | CV50: =BL50+BX50+CJ50 -> 0
D51: MESIN POTONG 1 | G51: 3 | I51: =SUM(E51:H51) -> 3 | M51: 3 | O51: =SUM(K51:N51) -> 3 | S51: 1 | U51: =SUM(Q51:T51) -> 1 | Y51: 1 | AA51: =SUM(W51:Z51) -> 1 | AE51: 1 | AG51: =SUM(AC51:AF51) -> 1 | AK51: 1 | AM51: =SUM(AI51:AL51) -> 1 | AS51: =SUM(AO51:AR51) -> 0 | AY51: =SUM(AU51:AX51) -> 0 | BD51: 3 | BE51: =SUM(BA51:BD51) -> 3 | BJ51: 3 | BK51: =SUM(BG51:BJ51) -> 3 | BM51: =E51+Q51 -> 0 | BN51: =F51+R51 -> 0 | BO51: =G51+S51 -> 4 | BP51: =H51+T51 -> 0 | BQ51: =I51+U51 -> 4 | BR51: =J51+V51 -> 0 | BS51: =K51+W51 -> 0 | BT51: =L51+X51 -> 0 | ... BX51: =P51+AB51 -> 0 | BY51: =AC51+AO51 -> 0 | BZ51: =AD51+AP51 -> 0 | CA51: =AE51+AQ51 -> 1 | CB51: =AF51+AR51 -> 0 | CC51: =AG51+AS51 -> 1 | CD51: =AH51+AT51 -> 0 | CE51: =AI51+AU51 -> 0 | CF51: =AJ51+AV51 -> 0 | ... CJ51: =AN51+AZ51 -> 0 | CK51: =BA51+BM51+BY51 -> 0 | CL51: =BB51+BN51+BZ51 -> 0 | CM51: =BC51+BO51+CA51 -> 5 | CN51: =BD51+BP51+CB51 -> 3 | CO51: =SUM(CK51:CN51) -> 8 | CP51: =BF51+BR51+CD51 -> 0 | CQ51: =BG51+BS51+CE51 -> 0 | CR51: =BH51+BT51+CF51 -> 0 | CS51: =BI51+BU51+CG51 -> 5 | CT51: =BJ51+BV51+CH51 -> 3 | CU51: =SUM(CQ51:CT51) -> 8 | CV51: =BL51+BX51+CJ51 -> 0
D52: MESIN POTONG 2 | I52: =SUM(E52:H52) -> 0 | O52: =SUM(K52:N52) -> 0 | U52: =SUM(Q52:T52) -> 0 | AA52: =SUM(W52:Z52) -> 0 | AG52: =SUM(AC52:AF52) -> 0 | AM52: =SUM(AI52:AL52) -> 0 | AS52: =SUM(AO52:AR52) -> 0 | AY52: =SUM(AU52:AX52) -> 0 | BD52: 3 | BE52: =SUM(BA52:BD52) -> 3 | BJ52: 3 | BK52: =SUM(BG52:BJ52) -> 3 | BM52: =E52+Q52 -> 0 | BN52: =F52+R52 -> 0 | BO52: =G52+S52 -> 0 | BP52: =H52+T52 -> 0 | BQ52: =I52+U52 -> 0 | BR52: =J52+V52 -> 0 | BS52: =K52+W52 -> 0 | BT52: =L52+X52 -> 0 | ... BX52: =P52+AB52 -> 0 | BY52: =AC52+AO52 -> 0 | BZ52: =AD52+AP52 -> 0 | CA52: =AE52+AQ52 -> 0 | CB52: =AF52+AR52 -> 0 | CC52: =AG52+AS52 -> 0 | CD52: =AH52+AT52 -> 0 | CE52: =AI52+AU52 -> 0 | CF52: =AJ52+AV52 -> 0 | ... CJ52: =AN52+AZ52 -> 0 | CK52: =BA52+BM52+BY52 -> 0 | CL52: =BB52+BN52+BZ52 -> 0 | CM52: =BC52+BO52+CA52 -> 0 | CN52: =BD52+BP52+CB52 -> 3 | CO52: =SUM(CK52:CN52) -> 3 | CP52: =BF52+BR52+CD52 -> 0 | CQ52: =BG52+BS52+CE52 -> 0 | CR52: =BH52+BT52+CF52 -> 0 | CS52: =BI52+BU52+CG52 -> 0 | CT52: =BJ52+BV52+CH52 -> 3 | CU52: =SUM(CQ52:CT52) -> 3 | CV52: =BL52+BX52+CJ52 -> 0
D53: MESIN POTONG 3 | I53: =SUM(E53:H53) -> 0 | O53: =SUM(K53:N53) -> 0 | U53: =SUM(Q53:T53) -> 0 | AA53: =SUM(W53:Z53) -> 0 | AG53: =SUM(AC53:AF53) -> 0 | AM53: =SUM(AI53:AL53) -> 0 | AS53: =SUM(AO53:AR53) -> 0 | AY53: =SUM(AU53:AX53) -> 0 | BD53: 3 | BE53: =SUM(BA53:BD53) -> 3 | BJ53: 3 | BK53: =SUM(BG53:BJ53) -> 3 | BM53: =E53+Q53 -> 0 | BN53: =F53+R53 -> 0 | BO53: =G53+S53 -> 0 | BP53: =H53+T53 -> 0 | BQ53: =I53+U53 -> 0 | BR53: =J53+V53 -> 0 | BS53: =K53+W53 -> 0 | BT53: =L53+X53 -> 0 | ... BX53: =P53+AB53 -> 0 | BY53: =AC53+AO53 -> 0 | BZ53: =AD53+AP53 -> 0 | CA53: =AE53+AQ53 -> 0 | CB53: =AF53+AR53 -> 0 | CC53: =AG53+AS53 -> 0 | CD53: =AH53+AT53 -> 0 | CE53: =AI53+AU53 -> 0 | CF53: =AJ53+AV53 -> 0 | ... CJ53: =AN53+AZ53 -> 0 | CK53: =BA53+BM53+BY53 -> 0 | CL53: =BB53+BN53+BZ53 -> 0 | CM53: =BC53+BO53+CA53 -> 0 | CN53: =BD53+BP53+CB53 -> 3 | CO53: =SUM(CK53:CN53) -> 3 | CP53: =BF53+BR53+CD53 -> 0 | CQ53: =BG53+BS53+CE53 -> 0 | CR53: =BH53+BT53+CF53 -> 0 | CS53: =BI53+BU53+CG53 -> 0 | CT53: =BJ53+BV53+CH53 -> 3 | CU53: =SUM(CQ53:CT53) -> 3 | CV53: =BL53+BX53+CJ53 -> 0
D54: CETAK SHEET 1 (HEIDELBERGH) | G54: 12 | I54: =SUM(E54:H54) -> 12 | M54: 12 | O54: =SUM(K54:N54) -> 12 | Q54: 2 | R54: 5 | S54: =1+1+3 -> 5 | U54: =SUM(Q54:T54) -> 12 | W54: 2 | X54: 5 | Y54: =1+1+3 -> 5 | AA54: =SUM(W54:Z54) -> 12 | AG54: =SUM(AC54:AF54) -> 0 | AM54: =SUM(AI54:AL54) -> 0 | AS54: =SUM(AO54:AR54) -> 0 | AY54: =SUM(AU54:AX54) -> 0 | BE54: =SUM(BA54:BD54) -> 0 | BK54: =SUM(BG54:BJ54) -> 0 | BM54: =E54+Q54 -> 2 | BN54: =F54+R54 -> 5 | BO54: =G54+S54 -> 17 | BP54: =H54+T54 -> 0 | BQ54: =I54+U54 -> 24 | BR54: =J54+V54 -> 0 | BS54: =K54+W54 -> 2 | BT54: =L54+X54 -> 5 | ... BX54: =P54+AB54 -> 0 | BY54: =AC54+AO54 -> 0 | BZ54: =AD54+AP54 -> 0 | CA54: =AE54+AQ54 -> 0 | CB54: =AF54+AR54 -> 0 | CC54: =AG54+AS54 -> 0 | CD54: =AH54+AT54 -> 0 | CE54: =AI54+AU54 -> 0 | CF54: =AJ54+AV54 -> 0 | ... CJ54: =AN54+AZ54 -> 0 | CK54: =BA54+BM54+BY54 -> 2 | CL54: =BB54+BN54+BZ54 -> 5 | CM54: =BC54+BO54+CA54 -> 17 | CN54: =BD54+BP54+CB54 -> 0 | CO54: =SUM(CK54:CN54) -> 24 | CP54: =BF54+BR54+CD54 -> 0 | CQ54: =BG54+BS54+CE54 -> 2 | CR54: =BH54+BT54+CF54 -> 5 | CS54: =BI54+BU54+CG54 -> 17 | CT54: =BJ54+BV54+CH54 -> 0 | CU54: =SUM(CQ54:CT54) -> 24 | CV54: =BL54+BX54+CJ54 -> 0
D55: CETAK SHEET 2 (KOEIG & BAUER) | E55: 1 | F55: 2 | G55: 12 | I55: =SUM(E55:H55) -> 15 | K55: 1 | L55: 2 | M55: 12 | O55: =SUM(K55:N55) -> 15 | U55: =SUM(Q55:T55) -> 0 | AA55: =SUM(W55:Z55) -> 0 | AG55: =SUM(AC55:AF55) -> 0 | AM55: =SUM(AI55:AL55) -> 0 | AS55: =SUM(AO55:AR55) -> 0 | AY55: =SUM(AU55:AX55) -> 0 | BE55: =SUM(BA55:BD55) -> 0 | BK55: =SUM(BG55:BJ55) -> 0 | BM55: =E55+Q55 -> 1 | BN55: =F55+R55 -> 2 | BO55: =G55+S55 -> 12 | BP55: =H55+T55 -> 0 | BQ55: =I55+U55 -> 15 | BR55: =J55+V55 -> 0 | BS55: =K55+W55 -> 1 | BT55: =L55+X55 -> 2 | ... BX55: =P55+AB55 -> 0 | BY55: =AC55+AO55 -> 0 | BZ55: =AD55+AP55 -> 0 | CA55: =AE55+AQ55 -> 0 | CB55: =AF55+AR55 -> 0 | CC55: =AG55+AS55 -> 0 | CD55: =AH55+AT55 -> 0 | CE55: =AI55+AU55 -> 0 | CF55: =AJ55+AV55 -> 0 | ... CJ55: =AN55+AZ55 -> 0 | CK55: =BA55+BM55+BY55 -> 1 | CL55: =BB55+BN55+BZ55 -> 2 | CM55: =BC55+BO55+CA55 -> 12 | CN55: =BD55+BP55+CB55 -> 0 | CO55: =SUM(CK55:CN55) -> 15 | CP55: =BF55+BR55+CD55 -> 0 | CQ55: =BG55+BS55+CE55 -> 1 | CR55: =BH55+BT55+CF55 -> 2 | CS55: =BI55+BU55+CG55 -> 12 | CT55: =BJ55+BV55+CH55 -> 0 | CU55: =SUM(CQ55:CT55) -> 15 | CV55: =BL55+BX55+CJ55 -> 0
D56: DIECUT 1 (ETERNA) | G56: 6 | I56: =SUM(E56:H56) -> 6 | M56: 6 | O56: =SUM(K56:N56) -> 6 | U56: =SUM(Q56:T56) -> 0 | AA56: =SUM(W56:Z56) -> 0 | AG56: =SUM(AC56:AF56) -> 0 | AM56: =SUM(AI56:AL56) -> 0 | AS56: =SUM(AO56:AR56) -> 0 | AY56: =SUM(AU56:AX56) -> 0 | BC56: 6 | BE56: =SUM(BA56:BD56) -> 6 | BI56: 6 | BK56: =SUM(BG56:BJ56) -> 6 | BM56: =E56+Q56 -> 0 | BN56: =F56+R56 -> 0 | BO56: =G56+S56 -> 6 | BP56: =H56+T56 -> 0 | BQ56: =I56+U56 -> 6 | BR56: =J56+V56 -> 0 | BS56: =K56+W56 -> 0 | BT56: =L56+X56 -> 0 | ... BX56: =P56+AB56 -> 0 | BY56: =AC56+AO56 -> 0 | BZ56: =AD56+AP56 -> 0 | CA56: =AE56+AQ56 -> 0 | CB56: =AF56+AR56 -> 0 | CC56: =AG56+AS56 -> 0 | CD56: =AH56+AT56 -> 0 | CE56: =AI56+AU56 -> 0 | CF56: =AJ56+AV56 -> 0 | ... CJ56: =AN56+AZ56 -> 0 | CK56: =BA56+BM56+BY56 -> 0 | CL56: =BB56+BN56+BZ56 -> 0 | CM56: =BC56+BO56+CA56 -> 12 | CN56: =BD56+BP56+CB56 -> 0 | CO56: =SUM(CK56:CN56) -> 12 | CP56: =BF56+BR56+CD56 -> 0 | CQ56: =BG56+BS56+CE56 -> 0 | CR56: =BH56+BT56+CF56 -> 0 | CS56: =BI56+BU56+CG56 -> 12 | CT56: =BJ56+BV56+CH56 -> 0 | CU56: =SUM(CQ56:CT56) -> 12 | CV56: =BL56+BX56+CJ56 -> 0
D57: DIECUT 2 (BRAUSSE)/(JINYEU) | E57: 1 | F57: 1 | G57: 4 | I57: =SUM(E57:H57) -> 6 | K57: 1 | L57: 1 | M57: 4 | O57: =SUM(K57:N57) -> 6 | U57: =SUM(Q57:T57) -> 0 | AA57: =SUM(W57:Z57) -> 0 | AG57: =SUM(AC57:AF57) -> 0 | AM57: =SUM(AI57:AL57) -> 0 | AS57: =SUM(AO57:AR57) -> 0 | AY57: =SUM(AU57:AX57) -> 0 | BE57: =SUM(BA57:BD57) -> 0 | BK57: =SUM(BG57:BJ57) -> 0 | BM57: =E57+Q57 -> 1 | BN57: =F57+R57 -> 1 | BO57: =G57+S57 -> 4 | BP57: =H57+T57 -> 0 | BQ57: =I57+U57 -> 6 | BR57: =J57+V57 -> 0 | BS57: =K57+W57 -> 1 | BT57: =L57+X57 -> 1 | ... BX57: =P57+AB57 -> 0 | BY57: =AC57+AO57 -> 0 | BZ57: =AD57+AP57 -> 0 | CA57: =AE57+AQ57 -> 0 | CB57: =AF57+AR57 -> 0 | CC57: =AG57+AS57 -> 0 | CD57: =AH57+AT57 -> 0 | CE57: =AI57+AU57 -> 0 | CF57: =AJ57+AV57 -> 0 | ... CJ57: =AN57+AZ57 -> 0 | CK57: =BA57+BM57+BY57 -> 1 | CL57: =BB57+BN57+BZ57 -> 1 | CM57: =BC57+BO57+CA57 -> 4 | CN57: =BD57+BP57+CB57 -> 0 | CO57: =SUM(CK57:CN57) -> 6 | CP57: =BF57+BR57+CD57 -> 0 | CQ57: =BG57+BS57+CE57 -> 1 | CR57: =BH57+BT57+CF57 -> 1 | CS57: =BI57+BU57+CG57 -> 4 | CT57: =BJ57+BV57+CH57 -> 0 | CU57: =SUM(CQ57:CT57) -> 6 | CV57: =BL57+BX57+CJ57 -> 0
D58: IJIMA & DEGEL | I58: =SUM(E58:H58) -> 0 | O58: =SUM(K58:N58) -> 0 | S58: 1 | U58: =SUM(Q58:T58) -> 1 | Y58: 1 | AA58: =SUM(W58:Z58) -> 1 | AG58: =SUM(AC58:AF58) -> 0 | AM58: =SUM(AI58:AL58) -> 0 | AS58: =SUM(AO58:AR58) -> 0 | AY58: =SUM(AU58:AX58) -> 0 | BE58: =SUM(BA58:BD58) -> 0 | BK58: =SUM(BG58:BJ58) -> 0 | BM58: =E58+Q58 -> 0 | BN58: =F58+R58 -> 0 | BO58: =G58+S58 -> 1 | BP58: =H58+T58 -> 0 | BQ58: =I58+U58 -> 1 | BR58: =J58+V58 -> 0 | BS58: =K58+W58 -> 0 | BT58: =L58+X58 -> 0 | ... BX58: =P58+AB58 -> 0 | BY58: =AC58+AO58 -> 0 | BZ58: =AD58+AP58 -> 0 | CA58: =AE58+AQ58 -> 0 | CB58: =AF58+AR58 -> 0 | CC58: =AG58+AS58 -> 0 | CD58: =AH58+AT58 -> 0 | CE58: =AI58+AU58 -> 0 | CF58: =AJ58+AV58 -> 0 | ... CJ58: =AN58+AZ58 -> 0 | CK58: =BA58+BM58+BY58 -> 0 | CL58: =BB58+BN58+BZ58 -> 0 | CM58: =BC58+BO58+CA58 -> 1 | CN58: =BD58+BP58+CB58 -> 0 | CO58: =SUM(CK58:CN58) -> 1 | CP58: =BF58+BR58+CD58 -> 0 | CQ58: =BG58+BS58+CE58 -> 0 | CR58: =BH58+BT58+CF58 -> 0 | CS58: =BI58+BU58+CG58 -> 1 | CT58: =BJ58+BV58+CH58 -> 0 | CU58: =SUM(CQ58:CT58) -> 1 | CV58: =BL58+BX58+CJ58 -> 0
D59: VARIMATRIX | I59: =SUM(E59:H59) -> 0 | O59: =SUM(K59:N59) -> 0 | Q59: 3 | S59: 2 | U59: =SUM(Q59:T59) -> 5 | W59: 3 | Y59: 2 | AA59: =SUM(W59:Z59) -> 5 | AG59: =SUM(AC59:AF59) -> 0 | AM59: =SUM(AI59:AL59) -> 0 | AS59: =SUM(AO59:AR59) -> 0 | AY59: =SUM(AU59:AX59) -> 0 | BE59: =SUM(BA59:BD59) -> 0 | BK59: =SUM(BG59:BJ59) -> 0 | BM59: =E59+Q59 -> 3 | BN59: =F59+R59 -> 0 | BO59: =G59+S59 -> 2 | BP59: =H59+T59 -> 0 | BQ59: =I59+U59 -> 5 | BR59: =J59+V59 -> 0 | BS59: =K59+W59 -> 3 | BT59: =L59+X59 -> 0 | ... BX59: =P59+AB59 -> 0 | BY59: =AC59+AO59 -> 0 | BZ59: =AD59+AP59 -> 0 | CA59: =AE59+AQ59 -> 0 | CB59: =AF59+AR59 -> 0 | CC59: =AG59+AS59 -> 0 | CD59: =AH59+AT59 -> 0 | CE59: =AI59+AU59 -> 0 | CF59: =AJ59+AV59 -> 0 | ... CJ59: =AN59+AZ59 -> 0 | CK59: =BA59+BM59+BY59 -> 3 | CL59: =BB59+BN59+BZ59 -> 0 | CM59: =BC59+BO59+CA59 -> 2 | CN59: =BD59+BP59+CB59 -> 0 | CO59: =SUM(CK59:CN59) -> 5 | CP59: =BF59+BR59+CD59 -> 0 | CQ59: =BG59+BS59+CE59 -> 3 | CR59: =BH59+BT59+CF59 -> 0 | CS59: =BI59+BU59+CG59 -> 2 | CT59: =BJ59+BV59+CH59 -> 0 | CU59: =SUM(CQ59:CT59) -> 5 | CV59: =BL59+BX59+CJ59 -> 0
D60: UV | G60: 6 | I60: =SUM(E60:H60) -> 6 | M60: 6 | O60: =SUM(K60:N60) -> 6 | S60: 1 | U60: =SUM(Q60:T60) -> 1 | Y60: 1 | AA60: =SUM(W60:Z60) -> 1 | AG60: =SUM(AC60:AF60) -> 0 | AM60: =SUM(AI60:AL60) -> 0 | AS60: =SUM(AO60:AR60) -> 0 | AY60: =SUM(AU60:AX60) -> 0 | BE60: =SUM(BA60:BD60) -> 0 | BK60: =SUM(BG60:BJ60) -> 0 | BM60: =E60+Q60 -> 0 | BN60: =F60+R60 -> 0 | BO60: =G60+S60 -> 7 | BP60: =H60+T60 -> 0 | BQ60: =I60+U60 -> 7 | BR60: =J60+V60 -> 0 | BS60: =K60+W60 -> 0 | BT60: =L60+X60 -> 0 | ... BX60: =P60+AB60 -> 0 | BY60: =AC60+AO60 -> 0 | BZ60: =AD60+AP60 -> 0 | CA60: =AE60+AQ60 -> 0 | CB60: =AF60+AR60 -> 0 | CC60: =AG60+AS60 -> 0 | CD60: =AH60+AT60 -> 0 | CE60: =AI60+AU60 -> 0 | CF60: =AJ60+AV60 -> 0 | ... CJ60: =AN60+AZ60 -> 0 | CK60: =BA60+BM60+BY60 -> 0 | CL60: =BB60+BN60+BZ60 -> 0 | CM60: =BC60+BO60+CA60 -> 7 | CN60: =BD60+BP60+CB60 -> 0 | CO60: =SUM(CK60:CN60) -> 7 | CP60: =BF60+BR60+CD60 -> 0 | CQ60: =BG60+BS60+CE60 -> 0 | CR60: =BH60+BT60+CF60 -> 0 | CS60: =BI60+BU60+CG60 -> 7 | CT60: =BJ60+BV60+CH60 -> 0 | CU60: =SUM(CQ60:CT60) -> 7 | CV60: =BL60+BX60+CJ60 -> 0
D61: KOPEK | H61: 9 | I61: =SUM(E61:H61) -> 9 | N61: 9 | O61: =SUM(K61:N61) -> 9 | U61: =SUM(Q61:T61) -> 0 | AA61: =SUM(W61:Z61) -> 0 | AG61: =SUM(AC61:AF61) -> 0 | AM61: =SUM(AI61:AL61) -> 0 | AS61: =SUM(AO61:AR61) -> 0 | AY61: =SUM(AU61:AX61) -> 0 | BC61: 14 | BE61: =SUM(BA61:BD61) -> 14 | BI61: 14 | BK61: =SUM(BG61:BJ61) -> 14 | BM61: =E61+Q61 -> 0 | BN61: =F61+R61 -> 0 | BO61: =G61+S61 -> 0 | BP61: =H61+T61 -> 9 | BQ61: =I61+U61 -> 9 | BR61: =J61+V61 -> 0 | BS61: =K61+W61 -> 0 | BT61: =L61+X61 -> 0 | ... BX61: =P61+AB61 -> 0 | BY61: =AC61+AO61 -> 0 | BZ61: =AD61+AP61 -> 0 | CA61: =AE61+AQ61 -> 0 | CB61: =AF61+AR61 -> 0 | CC61: =AG61+AS61 -> 0 | CD61: =AH61+AT61 -> 0 | CE61: =AI61+AU61 -> 0 | CF61: =AJ61+AV61 -> 0 | ... CJ61: =AN61+AZ61 -> 0 | CK61: =BA61+BM61+BY61 -> 0 | CL61: =BB61+BN61+BZ61 -> 0 | CM61: =BC61+BO61+CA61 -> 14 | CN61: =BD61+BP61+CB61 -> 9 | CO61: =SUM(CK61:CN61) -> 23 | CP61: =BF61+BR61+CD61 -> 0 | CQ61: =BG61+BS61+CE61 -> 0 | CR61: =BH61+BT61+CF61 -> 0 | CS61: =BI61+BU61+CG61 -> 14 | CT61: =BJ61+BV61+CH61 -> 9 | CU61: =SUM(CQ61:CT61) -> 23 | CV61: =BL61+BX61+CJ61 -> 0
D62: FOLDER GLUER 1 (JK1000) | E62: 1 | G62: 11 | I62: =SUM(E62:H62) -> 12 | K62: 1 | M62: 11 | O62: =SUM(K62:N62) -> 12 | Q62: 1 | S62: 6 | T62: 11 | U62: =SUM(Q62:T62) -> 18 | W62: 1 | Y62: 6 | Z62: 11 | AA62: =SUM(W62:Z62) -> 18 | AG62: =SUM(AC62:AF62) -> 0 | AM62: =SUM(AI62:AL62) -> 0 | AS62: =SUM(AO62:AR62) -> 0 | AY62: =SUM(AU62:AX62) -> 0 | BE62: =SUM(BA62:BD62) -> 0 | BK62: =SUM(BG62:BJ62) -> 0 | BM62: =E62+Q62 -> 2 | BN62: =F62+R62 -> 0 | BO62: =G62+S62 -> 17 | BP62: =H62+T62 -> 11 | BQ62: =I62+U62 -> 30 | BR62: =J62+V62 -> 0 | BS62: =K62+W62 -> 2 | BT62: =L62+X62 -> 0 | ... BX62: =P62+AB62 -> 0 | BY62: =AC62+AO62 -> 0 | BZ62: =AD62+AP62 -> 0 | CA62: =AE62+AQ62 -> 0 | CB62: =AF62+AR62 -> 0 | CC62: =AG62+AS62 -> 0 | CD62: =AH62+AT62 -> 0 | CE62: =AI62+AU62 -> 0 | CF62: =AJ62+AV62 -> 0 | ... CJ62: =AN62+AZ62 -> 0 | CK62: =BA62+BM62+BY62 -> 2 | CL62: =BB62+BN62+BZ62 -> 0 | CM62: =BC62+BO62+CA62 -> 17 | CN62: =BD62+BP62+CB62 -> 11 | CO62: =SUM(CK62:CN62) -> 30 | CP62: =BF62+BR62+CD62 -> 0 | CQ62: =BG62+BS62+CE62 -> 2 | CR62: =BH62+BT62+CF62 -> 0 | CS62: =BI62+BU62+CG62 -> 17 | CT62: =BJ62+BV62+CH62 -> 11 | CU62: =SUM(CQ62:CT62) -> 30 | CV62: =BL62+BX62+CJ62 -> 0
D63: FOLDER GLUER 2 (JK650) | E63: 1 | G63: 11 | I63: =SUM(E63:H63) -> 12 | K63: 1 | M63: 11 | O63: =SUM(K63:N63) -> 12 | U63: =SUM(Q63:T63) -> 0 | AA63: =SUM(W63:Z63) -> 0 | AG63: =SUM(AC63:AF63) -> 0 | AM63: =SUM(AI63:AL63) -> 0 | AS63: =SUM(AO63:AR63) -> 0 | AY63: =SUM(AU63:AX63) -> 0 | BE63: =SUM(BA63:BD63) -> 0 | BK63: =SUM(BG63:BJ63) -> 0 | BM63: =E63+Q63 -> 1 | BN63: =F63+R63 -> 0 | BO63: =G63+S63 -> 11 | BP63: =H63+T63 -> 0 | BQ63: =I63+U63 -> 12 | BR63: =J63+V63 -> 0 | BS63: =K63+W63 -> 1 | BT63: =L63+X63 -> 0 | ... BX63: =P63+AB63 -> 0 | BY63: =AC63+AO63 -> 0 | BZ63: =AD63+AP63 -> 0 | CA63: =AE63+AQ63 -> 0 | CB63: =AF63+AR63 -> 0 | CC63: =AG63+AS63 -> 0 | CD63: =AH63+AT63 -> 0 | CE63: =AI63+AU63 -> 0 | CF63: =AJ63+AV63 -> 0 | ... CJ63: =AN63+AZ63 -> 0 | CK63: =BA63+BM63+BY63 -> 1 | CL63: =BB63+BN63+BZ63 -> 0 | CM63: =BC63+BO63+CA63 -> 11 | CN63: =BD63+BP63+CB63 -> 0 | CO63: =SUM(CK63:CN63) -> 12 | CP63: =BF63+BR63+CD63 -> 0 | CQ63: =BG63+BS63+CE63 -> 1 | CR63: =BH63+BT63+CF63 -> 0 | CS63: =BI63+BU63+CG63 -> 11 | CT63: =BJ63+BV63+CH63 -> 0 | CU63: =SUM(CQ63:CT63) -> 12 | CV63: =BL63+BX63+CJ63 -> 0
D64: SQUARE BOTTOM 1 (FJ14) | I64: =SUM(E64:H64) -> 0 | O64: =SUM(K64:N64) -> 0 | U64: =SUM(Q64:T64) -> 0 | AA64: =SUM(W64:Z64) -> 0 | AD64: 2 | AE64: 5 | AG64: =SUM(AC64:AF64) -> 7 | AJ64: 2 | AK64: 5 | AM64: =SUM(AI64:AL64) -> 7 | AS64: =SUM(AO64:AR64) -> 0 | AY64: =SUM(AU64:AX64) -> 0 | BE64: =SUM(BA64:BD64) -> 0 | BK64: =SUM(BG64:BJ64) -> 0 | BM64: =E64+Q64 -> 0 | BN64: =F64+R64 -> 0 | BO64: =G64+S64 -> 0 | BP64: =H64+T64 -> 0 | BQ64: =I64+U64 -> 0 | BR64: =J64+V64 -> 0 | BS64: =K64+W64 -> 0 | BT64: =L64+X64 -> 0 | ... BX64: =P64+AB64 -> 0 | BY64: =AC64+AO64 -> 0 | BZ64: =AD64+AP64 -> 2 | CA64: =AE64+AQ64 -> 5 | CB64: =AF64+AR64 -> 0 | CC64: =AG64+AS64 -> 7 | CD64: =AH64+AT64 -> 0 | CE64: =AI64+AU64 -> 0 | CF64: =AJ64+AV64 -> 2 | ... CJ64: =AN64+AZ64 -> 0 | CK64: =BA64+BM64+BY64 -> 0 | CL64: =BB64+BN64+BZ64 -> 2 | CM64: =BC64+BO64+CA64 -> 5 | CN64: =BD64+BP64+CB64 -> 0 | CO64: =SUM(CK64:CN64) -> 7 | CP64: =BF64+BR64+CD64 -> 0 | CQ64: =BG64+BS64+CE64 -> 0 | CR64: =BH64+BT64+CF64 -> 2 | CS64: =BI64+BU64+CG64 -> 5 | CT64: =BJ64+BV64+CH64 -> 0 | CU64: =SUM(CQ64:CT64) -> 7 | CV64: =BL64+BX64+CJ64 -> 0
D65: SQUARE BOTTOM 2 (FJ13) | I65: =SUM(E65:H65) -> 0 | O65: =SUM(K65:N65) -> 0 | U65: =SUM(Q65:T65) -> 0 | AA65: =SUM(W65:Z65) -> 0 | AD65: 2 | AE65: 13 | AG65: =SUM(AC65:AF65) -> 15 | AJ65: 2 | AK65: 13 | AM65: =SUM(AI65:AL65) -> 15 | AS65: =SUM(AO65:AR65) -> 0 | AY65: =SUM(AU65:AX65) -> 0 | BE65: =SUM(BA65:BD65) -> 0 | BK65: =SUM(BG65:BJ65) -> 0 | BM65: =E65+Q65 -> 0 | BN65: =F65+R65 -> 0 | BO65: =G65+S65 -> 0 | BP65: =H65+T65 -> 0 | BQ65: =I65+U65 -> 0 | BR65: =J65+V65 -> 0 | BS65: =K65+W65 -> 0 | BT65: =L65+X65 -> 0 | ... BX65: =P65+AB65 -> 0 | BY65: =AC65+AO65 -> 0 | BZ65: =AD65+AP65 -> 2 | CA65: =AE65+AQ65 -> 13 | CB65: =AF65+AR65 -> 0 | CC65: =AG65+AS65 -> 15 | CD65: =AH65+AT65 -> 0 | CE65: =AI65+AU65 -> 0 | CF65: =AJ65+AV65 -> 2 | ... CJ65: =AN65+AZ65 -> 0 | CK65: =BA65+BM65+BY65 -> 0 | CL65: =BB65+BN65+BZ65 -> 2 | CM65: =BC65+BO65+CA65 -> 13 | CN65: =BD65+BP65+CB65 -> 0 | CO65: =SUM(CK65:CN65) -> 15 | CP65: =BF65+BR65+CD65 -> 0 | CQ65: =BG65+BS65+CE65 -> 0 | CR65: =BH65+BT65+CF65 -> 2 | CS65: =BI65+BU65+CG65 -> 13 | CT65: =BJ65+BV65+CH65 -> 0 | CU65: =SUM(CQ65:CT65) -> 15 | CV65: =BL65+BX65+CJ65 -> 0
D66: J08 SHOPBAG | I66: =SUM(E66:H66) -> 0 | O66: =SUM(K66:N66) -> 0 | U66: =SUM(Q66:T66) -> 0 | AA66: =SUM(W66:Z66) -> 0 | AC66: 1 | AD66: =1+1 -> 2 | AE66: 4 | AG66: =SUM(AC66:AF66) -> 7 | AI66: 1 | AJ66: =1+1 -> 2 | AK66: 4 | AM66: =SUM(AI66:AL66) -> 7 | AS66: =SUM(AO66:AR66) -> 0 | AY66: =SUM(AU66:AX66) -> 0 | BE66: =SUM(BA66:BD66) -> 0 | BK66: =SUM(BG66:BJ66) -> 0 | BM66: =E66+Q66 -> 0 | BN66: =F66+R66 -> 0 | BO66: =G66+S66 -> 0 | BP66: =H66+T66 -> 0 | BQ66: =I66+U66 -> 0 | BR66: =J66+V66 -> 0 | BS66: =K66+W66 -> 0 | BT66: =L66+X66 -> 0 | ... BX66: =P66+AB66 -> 0 | BY66: =AC66+AO66 -> 1 | BZ66: =AD66+AP66 -> 2 | CA66: =AE66+AQ66 -> 4 | CB66: =AF66+AR66 -> 0 | CC66: =AG66+AS66 -> 7 | CD66: =AH66+AT66 -> 0 | CE66: =AI66+AU66 -> 1 | CF66: =AJ66+AV66 -> 2 | ... CJ66: =AN66+AZ66 -> 0 | CK66: =BA66+BM66+BY66 -> 1 | CL66: =BB66+BN66+BZ66 -> 2 | CM66: =BC66+BO66+CA66 -> 4 | CN66: =BD66+BP66+CB66 -> 0 | CO66: =SUM(CK66:CN66) -> 7 | CP66: =BF66+BR66+CD66 -> 0 | CQ66: =BG66+BS66+CE66 -> 1 | CR66: =BH66+BT66+CF66 -> 2 | CS66: =BI66+BU66+CG66 -> 4 | CT66: =BJ66+BV66+CH66 -> 0 | CU66: =SUM(CQ66:CT66) -> 7 | CV66: =BL66+BX66+CJ66 -> 0
D67: J13 | I67: =SUM(E67:H67) -> 0 | O67: =SUM(K67:N67) -> 0 | U67: =SUM(Q67:T67) -> 0 | AA67: =SUM(W67:Z67) -> 0 | AC67: 1 | AD67: 1 | AE67: 6 | AG67: =SUM(AC67:AF67) -> 8 | AI67: 1 | AJ67: 1 | AK67: 6 | AM67: =SUM(AI67:AL67) -> 8 | AS67: =SUM(AO67:AR67) -> 0 | AY67: =SUM(AU67:AX67) -> 0 | BE67: =SUM(BA67:BD67) -> 0 | BK67: =SUM(BG67:BJ67) -> 0 | BM67: =E67+Q67 -> 0 | BN67: =F67+R67 -> 0 | BO67: =G67+S67 -> 0 | BP67: =H67+T67 -> 0 | BQ67: =I67+U67 -> 0 | BR67: =J67+V67 -> 0 | BS67: =K67+W67 -> 0 | BT67: =L67+X67 -> 0 | ... BX67: =P67+AB67 -> 0 | BY67: =AC67+AO67 -> 1 | BZ67: =AD67+AP67 -> 1 | CA67: =AE67+AQ67 -> 6 | CB67: =AF67+AR67 -> 0 | CC67: =AG67+AS67 -> 8 | CD67: =AH67+AT67 -> 0 | CE67: =AI67+AU67 -> 1 | CF67: =AJ67+AV67 -> 1 | ... CJ67: =AN67+AZ67 -> 0 | CK67: =BA67+BM67+BY67 -> 1 | CL67: =BB67+BN67+BZ67 -> 1 | CM67: =BC67+BO67+CA67 -> 6 | CN67: =BD67+BP67+CB67 -> 0 | CO67: =SUM(CK67:CN67) -> 8 | CP67: =BF67+BR67+CD67 -> 0 | CQ67: =BG67+BS67+CE67 -> 1 | CR67: =BH67+BT67+CF67 -> 1 | CS67: =BI67+BU67+CG67 -> 6 | CT67: =BJ67+BV67+CH67 -> 0 | CU67: =SUM(CQ67:CT67) -> 8 | CV67: =BL67+BX67+CJ67 -> 0
D68: RUIZI | I68: =SUM(E68:H68) -> 0 | O68: =SUM(K68:N68) -> 0 | U68: =SUM(Q68:T68) -> 0 | AA68: =SUM(W68:Z68) -> 0 | AD68: 1 | AG68: =SUM(AC68:AF68) -> 1 | AJ68: 1 | AM68: =SUM(AI68:AL68) -> 1 | AS68: =SUM(AO68:AR68) -> 0 | AY68: =SUM(AU68:AX68) -> 0 | BE68: =SUM(BA68:BD68) -> 0 | BK68: =SUM(BG68:BJ68) -> 0 | BM68: =E68+Q68 -> 0 | BN68: =F68+R68 -> 0 | BO68: =G68+S68 -> 0 | BP68: =H68+T68 -> 0 | BQ68: =I68+U68 -> 0 | BR68: =J68+V68 -> 0 | BS68: =K68+W68 -> 0 | BT68: =L68+X68 -> 0 | ... BX68: =P68+AB68 -> 0 | BY68: =AC68+AO68 -> 0 | BZ68: =AD68+AP68 -> 1 | CA68: =AE68+AQ68 -> 0 | CB68: =AF68+AR68 -> 0 | CC68: =AG68+AS68 -> 1 | CD68: =AH68+AT68 -> 0 | CE68: =AI68+AU68 -> 0 | CF68: =AJ68+AV68 -> 1 | ... CJ68: =AN68+AZ68 -> 0 | CK68: =BA68+BM68+BY68 -> 0 | CL68: =BB68+BN68+BZ68 -> 1 | CM68: =BC68+BO68+CA68 -> 0 | CN68: =BD68+BP68+CB68 -> 0 | CO68: =SUM(CK68:CN68) -> 1 | CP68: =BF68+BR68+CD68 -> 0 | CQ68: =BG68+BS68+CE68 -> 0 | CR68: =BH68+BT68+CF68 -> 1 | CS68: =BI68+BU68+CG68 -> 0 | CT68: =BJ68+BV68+CH68 -> 0 | CU68: =SUM(CQ68:CT68) -> 1 | CV68: =BL68+BX68+CJ68 -> 0
D69: SHEETER | I69: =SUM(E69:H69) -> 0 | O69: =SUM(K69:N69) -> 0 | U69: =SUM(Q69:T69) -> 0 | AA69: =SUM(W69:Z69) -> 0 | AE69: 4 | AG69: =SUM(AC69:AF69) -> 4 | AK69: 4 | AM69: =SUM(AI69:AL69) -> 4 | AS69: =SUM(AO69:AR69) -> 0 | AY69: =SUM(AU69:AX69) -> 0 | BC69: 6 | BE69: =SUM(BA69:BD69) -> 6 | BI69: 6 | BK69: =SUM(BG69:BJ69) -> 6 | BM69: =E69+Q69 -> 0 | BN69: =F69+R69 -> 0 | BO69: =G69+S69 -> 0 | BP69: =H69+T69 -> 0 | BQ69: =I69+U69 -> 0 | BR69: =J69+V69 -> 0 | BS69: =K69+W69 -> 0 | BT69: =L69+X69 -> 0 | ... BX69: =P69+AB69 -> 0 | BY69: =AC69+AO69 -> 0 | BZ69: =AD69+AP69 -> 0 | CA69: =AE69+AQ69 -> 4 | CB69: =AF69+AR69 -> 0 | CC69: =AG69+AS69 -> 4 | CD69: =AH69+AT69 -> 0 | CE69: =AI69+AU69 -> 0 | CF69: =AJ69+AV69 -> 0 | ... CJ69: =AN69+AZ69 -> 0 | CK69: =BA69+BM69+BY69 -> 0 | CL69: =BB69+BN69+BZ69 -> 0 | CM69: =BC69+BO69+CA69 -> 10 | CN69: =BD69+BP69+CB69 -> 0 | CO69: =SUM(CK69:CN69) -> 10 | CP69: =BF69+BR69+CD69 -> 0 | CQ69: =BG69+BS69+CE69 -> 0 | CR69: =BH69+BT69+CF69 -> 0 | CS69: =BI69+BU69+CG69 -> 10 | CT69: =BJ69+BV69+CH69 -> 0 | CU69: =SUM(CQ69:CT69) -> 10 | CV69: =BL69+BX69+CJ69 -> 0
D70: SLITING | I70: =SUM(E70:H70) -> 0 | O70: =SUM(K70:N70) -> 0 | U70: =SUM(Q70:T70) -> 0 | AA70: =SUM(W70:Z70) -> 0 | AC70: 1 | AE70: 1 | AG70: =SUM(AC70:AF70) -> 2 | AI70: 1 | AK70: 1 | AM70: =SUM(AI70:AL70) -> 2 | AS70: =SUM(AO70:AR70) -> 0 | AY70: =SUM(AU70:AX70) -> 0 | BE70: =SUM(BA70:BD70) -> 0 | BK70: =SUM(BG70:BJ70) -> 0 | BM70: =E70+Q70 -> 0 | BN70: =F70+R70 -> 0 | BO70: =G70+S70 -> 0 | BP70: =H70+T70 -> 0 | BQ70: =I70+U70 -> 0 | BR70: =J70+V70 -> 0 | BS70: =K70+W70 -> 0 | BT70: =L70+X70 -> 0 | ... BX70: =P70+AB70 -> 0 | BY70: =AC70+AO70 -> 1 | BZ70: =AD70+AP70 -> 0 | CA70: =AE70+AQ70 -> 1 | CB70: =AF70+AR70 -> 0 | CC70: =AG70+AS70 -> 2 | CD70: =AH70+AT70 -> 0 | CE70: =AI70+AU70 -> 1 | CF70: =AJ70+AV70 -> 0 | ... CJ70: =AN70+AZ70 -> 0 | CK70: =BA70+BM70+BY70 -> 1 | CL70: =BB70+BN70+BZ70 -> 0 | CM70: =BC70+BO70+CA70 -> 1 | CN70: =BD70+BP70+CB70 -> 0 | CO70: =SUM(CK70:CN70) -> 2 | CP70: =BF70+BR70+CD70 -> 0 | CQ70: =BG70+BS70+CE70 -> 1 | CR70: =BH70+BT70+CF70 -> 0 | CS70: =BI70+BU70+CG70 -> 1 | CT70: =BJ70+BV70+CH70 -> 0 | CU70: =SUM(CQ70:CT70) -> 2 | CV70: =BL70+BX70+CJ70 -> 0
D71: HANDLE | I71: =SUM(E71:H71) -> 0 | O71: =SUM(K71:N71) -> 0 | U71: =SUM(Q71:T71) -> 0 | AA71: =SUM(W71:Z71) -> 0 | AC71: 1 | AD71: 1 | AE71: 9 | AG71: =SUM(AC71:AF71) -> 11 | AI71: 1 | AJ71: 1 | AK71: 9 | AM71: =SUM(AI71:AL71) -> 11 | AS71: =SUM(AO71:AR71) -> 0 | AY71: =SUM(AU71:AX71) -> 0 | BE71: =SUM(BA71:BD71) -> 0 | BK71: =SUM(BG71:BJ71) -> 0 | BM71: =E71+Q71 -> 0 | BN71: =F71+R71 -> 0 | BO71: =G71+S71 -> 0 | BP71: =H71+T71 -> 0 | BQ71: =I71+U71 -> 0 | BR71: =J71+V71 -> 0 | BS71: =K71+W71 -> 0 | BT71: =L71+X71 -> 0 | ... BX71: =P71+AB71 -> 0 | BY71: =AC71+AO71 -> 1 | BZ71: =AD71+AP71 -> 1 | CA71: =AE71+AQ71 -> 9 | CB71: =AF71+AR71 -> 0 | CC71: =AG71+AS71 -> 11 | CD71: =AH71+AT71 -> 0 | CE71: =AI71+AU71 -> 1 | CF71: =AJ71+AV71 -> 1 | ... CJ71: =AN71+AZ71 -> 0 | CK71: =BA71+BM71+BY71 -> 1 | CL71: =BB71+BN71+BZ71 -> 1 | CM71: =BC71+BO71+CA71 -> 9 | CN71: =BD71+BP71+CB71 -> 0 | CO71: =SUM(CK71:CN71) -> 11 | CP71: =BF71+BR71+CD71 -> 0 | CQ71: =BG71+BS71+CE71 -> 1 | CR71: =BH71+BT71+CF71 -> 1 | CS71: =BI71+BU71+CG71 -> 9 | CT71: =BJ71+BV71+CH71 -> 0 | CU71: =SUM(CQ71:CT71) -> 11 | CV71: =BL71+BX71+CJ71 -> 0
D72: LAMINASI | I72: =SUM(E72:H72) -> 0 | O72: =SUM(K72:N72) -> 0 | S72: =3+2 -> 5 | T72: 2 | U72: =SUM(Q72:T72) -> 7 | Y72: =3+2 -> 5 | Z72: 2 | AA72: =SUM(W72:Z72) -> 7 | AG72: =SUM(AC72:AF72) -> 0 | AM72: =SUM(AI72:AL72) -> 0 | AS72: =SUM(AO72:AR72) -> 0 | AY72: =SUM(AU72:AX72) -> 0 | BA72: 2 | BB72: 1 | BC72: 3 | BE72: =SUM(BA72:BD72) -> 6 | BG72: 2 | BH72: 1 | BI72: 3 | BK72: =SUM(BG72:BJ72) -> 6 | BM72: =E72+Q72 -> 0 | BN72: =F72+R72 -> 0 | BO72: =G72+S72 -> 5 | BP72: =H72+T72 -> 2 | BQ72: =I72+U72 -> 7 | BR72: =J72+V72 -> 0 | BS72: =K72+W72 -> 0 | BT72: =L72+X72 -> 0 | ... BX72: =P72+AB72 -> 0 | BY72: =AC72+AO72 -> 0 | BZ72: =AD72+AP72 -> 0 | CA72: =AE72+AQ72 -> 0 | CB72: =AF72+AR72 -> 0 | CC72: =AG72+AS72 -> 0 | CD72: =AH72+AT72 -> 0 | CE72: =AI72+AU72 -> 0 | CF72: =AJ72+AV72 -> 0 | ... CJ72: =AN72+AZ72 -> 0 | CK72: =BA72+BM72+BY72 -> 2 | CL72: =BB72+BN72+BZ72 -> 1 | CM72: =BC72+BO72+CA72 -> 8 | CN72: =BD72+BP72+CB72 -> 2 | CO72: =SUM(CK72:CN72) -> 13 | CP72: =BF72+BR72+CD72 -> 0 | CQ72: =BG72+BS72+CE72 -> 2 | CR72: =BH72+BT72+CF72 -> 1 | CS72: =BI72+BU72+CG72 -> 8 | CT72: =BJ72+BV72+CH72 -> 2 | CU72: =SUM(CQ72:CT72) -> 13 | CV72: =BL72+BX72+CJ72 -> 0
D73: AUTO PACK 1 | I73: =SUM(E73:H73) -> 0 | O73: =SUM(K73:N73) -> 0 | U73: =SUM(Q73:T73) -> 0 | AA73: =SUM(W73:Z73) -> 0 | AG73: =SUM(AC73:AF73) -> 0 | AM73: =SUM(AI73:AL73) -> 0 | AS73: =SUM(AO73:AR73) -> 0 | AY73: =SUM(AU73:AX73) -> 0 | BC73: 12 | BE73: =SUM(BA73:BD73) -> 12 | BI73: 12 | BK73: =SUM(BG73:BJ73) -> 12 | BM73: =E73+Q73 -> 0 | BN73: =F73+R73 -> 0 | BO73: =G73+S73 -> 0 | BP73: =H73+T73 -> 0 | BQ73: =I73+U73 -> 0 | BR73: =J73+V73 -> 0 | BS73: =K73+W73 -> 0 | BT73: =L73+X73 -> 0 | ... BX73: =P73+AB73 -> 0 | BY73: =AC73+AO73 -> 0 | BZ73: =AD73+AP73 -> 0 | CA73: =AE73+AQ73 -> 0 | CB73: =AF73+AR73 -> 0 | CC73: =AG73+AS73 -> 0 | CD73: =AH73+AT73 -> 0 | CE73: =AI73+AU73 -> 0 | CF73: =AJ73+AV73 -> 0 | ... CJ73: =AN73+AZ73 -> 0 | CK73: =BA73+BM73+BY73 -> 0 | CL73: =BB73+BN73+BZ73 -> 0 | CM73: =BC73+BO73+CA73 -> 12 | CN73: =BD73+BP73+CB73 -> 0 | CO73: =SUM(CK73:CN73) -> 12 | CP73: =BF73+BR73+CD73 -> 0 | CQ73: =BG73+BS73+CE73 -> 0 | CR73: =BH73+BT73+CF73 -> 0 | CS73: =BI73+BU73+CG73 -> 12 | CT73: =BJ73+BV73+CH73 -> 0 | CU73: =SUM(CQ73:CT73) -> 12 | CV73: =BL73+BX73+CJ73 -> 0
D74: AUTO PACK 2 | I74: =SUM(E74:H74) -> 0 | O74: =SUM(K74:N74) -> 0 | U74: =SUM(Q74:T74) -> 0 | AA74: =SUM(W74:Z74) -> 0 | AG74: =SUM(AC74:AF74) -> 0 | AM74: =SUM(AI74:AL74) -> 0 | AS74: =SUM(AO74:AR74) -> 0 | AY74: =SUM(AU74:AX74) -> 0 | BE74: =SUM(BA74:BD74) -> 0 | BK74: =SUM(BG74:BJ74) -> 0 | BM74: =E74+Q74 -> 0 | BN74: =F74+R74 -> 0 | BO74: =G74+S74 -> 0 | BP74: =H74+T74 -> 0 | BQ74: =I74+U74 -> 0 | BR74: =J74+V74 -> 0 | BS74: =K74+W74 -> 0 | BT74: =L74+X74 -> 0 | ... BX74: =P74+AB74 -> 0 | BY74: =AC74+AO74 -> 0 | BZ74: =AD74+AP74 -> 0 | CA74: =AE74+AQ74 -> 0 | CB74: =AF74+AR74 -> 0 | CC74: =AG74+AS74 -> 0 | CD74: =AH74+AT74 -> 0 | CE74: =AI74+AU74 -> 0 | CF74: =AJ74+AV74 -> 0 | ... CJ74: =AN74+AZ74 -> 0 | CK74: =BA74+BM74+BY74 -> 0 | CL74: =BB74+BN74+BZ74 -> 0 | CM74: =BC74+BO74+CA74 -> 0 | CN74: =BD74+BP74+CB74 -> 0 | CO74: =SUM(CK74:CN74) -> 0 | CP74: =BF74+BR74+CD74 -> 0 | CQ74: =BG74+BS74+CE74 -> 0 | CR74: =BH74+BT74+CF74 -> 0 | CS74: =BI74+BU74+CG74 -> 0 | CT74: =BJ74+BV74+CH74 -> 0 | CU74: =SUM(CQ74:CT74) -> 0 | CV74: =BL74+BX74+CJ74 -> 0
D75: PACKING | H75: 12 | I75: =SUM(E75:H75) -> 12 | N75: 12 | O75: =SUM(K75:N75) -> 12 | U75: =SUM(Q75:T75) -> 0 | AA75: =SUM(W75:Z75) -> 0 | AE75: 7 | AG75: =SUM(AC75:AF75) -> 7 | AK75: 7 | AM75: =SUM(AI75:AL75) -> 7 | AS75: =SUM(AO75:AR75) -> 0 | AY75: =SUM(AU75:AX75) -> 0 | BC75: 3 | BE75: =SUM(BA75:BD75) -> 3 | BI75: 3 | BK75: =SUM(BG75:BJ75) -> 3 | BM75: =E75+Q75 -> 0 | BN75: =F75+R75 -> 0 | BO75: =G75+S75 -> 0 | BP75: =H75+T75 -> 12 | BQ75: =I75+U75 -> 12 | BR75: =J75+V75 -> 0 | BS75: =K75+W75 -> 0 | BT75: =L75+X75 -> 0 | ... BX75: =P75+AB75 -> 0 | BY75: =AC75+AO75 -> 0 | BZ75: =AD75+AP75 -> 0 | CA75: =AE75+AQ75 -> 7 | CB75: =AF75+AR75 -> 0 | CC75: =AG75+AS75 -> 7 | CD75: =AH75+AT75 -> 0 | CE75: =AI75+AU75 -> 0 | CF75: =AJ75+AV75 -> 0 | ... CJ75: =AN75+AZ75 -> 0 | CK75: =BA75+BM75+BY75 -> 0 | CL75: =BB75+BN75+BZ75 -> 0 | CM75: =BC75+BO75+CA75 -> 10 | CN75: =BD75+BP75+CB75 -> 12 | CO75: =SUM(CK75:CN75) -> 22 | CP75: =BF75+BR75+CD75 -> 0 | CQ75: =BG75+BS75+CE75 -> 0 | CR75: =BH75+BT75+CF75 -> 0 | CS75: =BI75+BU75+CG75 -> 10 | CT75: =BJ75+BV75+CH75 -> 12 | CU75: =SUM(CQ75:CT75) -> 22 | CV75: =BL75+BX75+CJ75 -> 0
D76: SORTIR | E76: 1 | G76: 22 | I76: =SUM(E76:H76) -> 23 | K76: 1 | M76: 22 | O76: =SUM(K76:N76) -> 23 | S76: 24 | U76: =SUM(Q76:T76) -> 24 | Y76: 24 | AA76: =SUM(W76:Z76) -> 24 | AE76: 19 | AG76: =SUM(AC76:AF76) -> 19 | AK76: 19 | AM76: =SUM(AI76:AL76) -> 19 | AS76: =SUM(AO76:AR76) -> 0 | AY76: =SUM(AU76:AX76) -> 0 | BE76: =SUM(BA76:BD76) -> 0 | BK76: =SUM(BG76:BJ76) -> 0 | BM76: =E76+Q76 -> 1 | BN76: =F76+R76 -> 0 | BO76: =G76+S76 -> 46 | BP76: =H76+T76 -> 0 | BQ76: =I76+U76 -> 47 | BR76: =J76+V76 -> 0 | BS76: =K76+W76 -> 1 | BT76: =L76+X76 -> 0 | ... BX76: =P76+AB76 -> 0 | BY76: =AC76+AO76 -> 0 | BZ76: =AD76+AP76 -> 0 | CA76: =AE76+AQ76 -> 19 | CB76: =AF76+AR76 -> 0 | CC76: =AG76+AS76 -> 19 | CD76: =AH76+AT76 -> 0 | CE76: =AI76+AU76 -> 0 | CF76: =AJ76+AV76 -> 0 | ... CJ76: =AN76+AZ76 -> 0 | CK76: =BA76+BM76+BY76 -> 1 | CL76: =BB76+BN76+BZ76 -> 0 | CM76: =BC76+BO76+CA76 -> 65 | CN76: =BD76+BP76+CB76 -> 0 | CO76: =SUM(CK76:CN76) -> 66 | CP76: =BF76+BR76+CD76 -> 0 | CQ76: =BG76+BS76+CE76 -> 1 | CR76: =BH76+BT76+CF76 -> 0 | CS76: =BI76+BU76+CG76 -> 65 | CT76: =BJ76+BV76+CH76 -> 0 | CU76: =SUM(CQ76:CT76) -> 66 | CV76: =BL76+BX76+CJ76 -> 0
D77: TWIST ROOP | I77: =SUM(E77:H77) -> 0 | O77: =SUM(K77:N77) -> 0 | U77: =SUM(Q77:T77) -> 0 | AA77: =SUM(W77:Z77) -> 0 | AE77: 3 | AG77: =SUM(AC77:AF77) -> 3 | AK77: 3 | AM77: =SUM(AI77:AL77) -> 3 | AS77: =SUM(AO77:AR77) -> 0 | AY77: =SUM(AU77:AX77) -> 0 | BE77: =SUM(BA77:BD77) -> 0 | BK77: =SUM(BG77:BJ77) -> 0 | BM77: =E77+Q77 -> 0 | BN77: =F77+R77 -> 0 | BO77: =G77+S77 -> 0 | BP77: =H77+T77 -> 0 | BQ77: =I77+U77 -> 0 | BR77: =J77+V77 -> 0 | BS77: =K77+W77 -> 0 | BT77: =L77+X77 -> 0 | ... BX77: =P77+AB77 -> 0 | BY77: =AC77+AO77 -> 0 | BZ77: =AD77+AP77 -> 0 | CA77: =AE77+AQ77 -> 3 | CB77: =AF77+AR77 -> 0 | CC77: =AG77+AS77 -> 3 | CD77: =AH77+AT77 -> 0 | CE77: =AI77+AU77 -> 0 | CF77: =AJ77+AV77 -> 0 | ... CJ77: =AN77+AZ77 -> 0 | CK77: =BA77+BM77+BY77 -> 0 | CL77: =BB77+BN77+BZ77 -> 0 | CM77: =BC77+BO77+CA77 -> 3 | CN77: =BD77+BP77+CB77 -> 0 | CO77: =SUM(CK77:CN77) -> 3 | CP77: =BF77+BR77+CD77 -> 0 | CQ77: =BG77+BS77+CE77 -> 0 | CR77: =BH77+BT77+CF77 -> 0 | CS77: =BI77+BU77+CG77 -> 3 | CT77: =BJ77+BV77+CH77 -> 0 | CU77: =SUM(CQ77:CT77) -> 3 | CV77: =BL77+BX77+CJ77 -> 0
D78: TIMBANG | I78: =SUM(E78:H78) -> 0 | O78: =SUM(K78:N78) -> 0 | U78: =SUM(Q78:T78) -> 0 | AA78: =SUM(W78:Z78) -> 0 | AG78: =SUM(AC78:AF78) -> 0 | AM78: =SUM(AI78:AL78) -> 0 | AS78: =SUM(AO78:AR78) -> 0 | AY78: =SUM(AU78:AX78) -> 0 | BC78: 15 | BE78: =SUM(BA78:BD78) -> 15 | BI78: 15 | BK78: =SUM(BG78:BJ78) -> 15 | BM78: =E78+Q78 -> 0 | BN78: =F78+R78 -> 0 | BO78: =G78+S78 -> 0 | BP78: =H78+T78 -> 0 | BQ78: =I78+U78 -> 0 | BR78: =J78+V78 -> 0 | BS78: =K78+W78 -> 0 | BT78: =L78+X78 -> 0 | ... BX78: =P78+AB78 -> 0 | BY78: =AC78+AO78 -> 0 | BZ78: =AD78+AP78 -> 0 | CA78: =AE78+AQ78 -> 0 | CB78: =AF78+AR78 -> 0 | CC78: =AG78+AS78 -> 0 | CD78: =AH78+AT78 -> 0 | CE78: =AI78+AU78 -> 0 | CF78: =AJ78+AV78 -> 0 | ... CJ78: =AN78+AZ78 -> 0 | CK78: =BA78+BM78+BY78 -> 0 | CL78: =BB78+BN78+BZ78 -> 0 | CM78: =BC78+BO78+CA78 -> 15 | CN78: =BD78+BP78+CB78 -> 0 | CO78: =SUM(CK78:CN78) -> 15 | CP78: =BF78+BR78+CD78 -> 0 | CQ78: =BG78+BS78+CE78 -> 0 | CR78: =BH78+BT78+CF78 -> 0 | CS78: =BI78+BU78+CG78 -> 15 | CT78: =BJ78+BV78+CH78 -> 0 | CU78: =SUM(CQ78:CT78) -> 15 | CV78: =BL78+BX78+CJ78 -> 0
D79: MESIN PLONG | I79: =SUM(E79:H79) -> 0 | O79: =SUM(K79:N79) -> 0 | U79: =SUM(Q79:T79) -> 0 | AA79: =SUM(W79:Z79) -> 0 | AG79: =SUM(AC79:AF79) -> 0 | AM79: =SUM(AI79:AL79) -> 0 | AS79: =SUM(AO79:AR79) -> 0 | AY79: =SUM(AU79:AX79) -> 0 | BC79: 6 | BE79: =SUM(BA79:BD79) -> 6 | BI79: 6 | BK79: =SUM(BG79:BJ79) -> 6 | BM79: =E79+Q79 -> 0 | BN79: =F79+R79 -> 0 | BO79: =G79+S79 -> 0 | BP79: =H79+T79 -> 0 | BQ79: =I79+U79 -> 0 | BR79: =J79+V79 -> 0 | BS79: =K79+W79 -> 0 | BT79: =L79+X79 -> 0 | ... BX79: =P79+AB79 -> 0 | BY79: =AC79+AO79 -> 0 | BZ79: =AD79+AP79 -> 0 | CA79: =AE79+AQ79 -> 0 | CB79: =AF79+AR79 -> 0 | CC79: =AG79+AS79 -> 0 | CD79: =AH79+AT79 -> 0 | CE79: =AI79+AU79 -> 0 | CF79: =AJ79+AV79 -> 0 | ... CJ79: =AN79+AZ79 -> 0 | CK79: =BA79+BM79+BY79 -> 0 | CL79: =BB79+BN79+BZ79 -> 0 | CM79: =BC79+BO79+CA79 -> 6 | CN79: =BD79+BP79+CB79 -> 0 | CO79: =SUM(CK79:CN79) -> 6 | CP79: =BF79+BR79+CD79 -> 0 | CQ79: =BG79+BS79+CE79 -> 0 | CR79: =BH79+BT79+CF79 -> 0 | CS79: =BI79+BU79+CG79 -> 6 | CT79: =BJ79+BV79+CH79 -> 0 | CU79: =SUM(CQ79:CT79) -> 6 | CV79: =BL79+BX79+CJ79 -> 0
D80: SABLON | I80: =SUM(E80:H80) -> 0 | O80: =SUM(K80:N80) -> 0 | U80: =SUM(Q80:T80) -> 0 | AA80: =SUM(W80:Z80) -> 0 | AG80: =SUM(AC80:AF80) -> 0 | AM80: =SUM(AI80:AL80) -> 0 | AS80: =SUM(AO80:AR80) -> 0 | AY80: =SUM(AU80:AX80) -> 0 | BE80: =SUM(BA80:BD80) -> 0 | BK80: =SUM(BG80:BJ80) -> 0 | BM80: =E80+Q80 -> 0 | BN80: =F80+R80 -> 0 | BO80: =G80+S80 -> 0 | BP80: =H80+T80 -> 0 | BQ80: =I80+U80 -> 0 | BR80: =J80+V80 -> 0 | BS80: =K80+W80 -> 0 | BT80: =L80+X80 -> 0 | ... BX80: =P80+AB80 -> 0 | BY80: =AC80+AO80 -> 0 | BZ80: =AD80+AP80 -> 0 | CA80: =AE80+AQ80 -> 0 | CB80: =AF80+AR80 -> 0 | CC80: =AG80+AS80 -> 0 | CD80: =AH80+AT80 -> 0 | CE80: =AI80+AU80 -> 0 | CF80: =AJ80+AV80 -> 0 | ... CJ80: =AN80+AZ80 -> 0 | CK80: =BA80+BM80+BY80 -> 0 | CL80: =BB80+BN80+BZ80 -> 0 | CM80: =BC80+BO80+CA80 -> 0 | CN80: =BD80+BP80+CB80 -> 0 | CO80: =SUM(CK80:CN80) -> 0 | CP80: =BF80+BR80+CD80 -> 0 | CQ80: =BG80+BS80+CE80 -> 0 | CR80: =BH80+BT80+CF80 -> 0 | CS80: =BI80+BU80+CG80 -> 0 | CT80: =BJ80+BV80+CH80 -> 0 | CU80: =SUM(CQ80:CT80) -> 0 | CV80: =BL80+BX80+CJ80 -> 0
D81: KUPAS | I81: =SUM(E81:H81) -> 0 | O81: =SUM(K81:N81) -> 0 | S81: 12 | T81: 1 | U81: =SUM(Q81:T81) -> 13 | Y81: 12 | Z81: 1 | AA81: =SUM(W81:Z81) -> 13 | AE81: 2 | AF81: 36 | AG81: =SUM(AC81:AF81) -> 38 | AK81: 2 | AL81: 36 | AM81: =SUM(AI81:AL81) -> 38 | AS81: =SUM(AO81:AR81) -> 0 | AY81: =SUM(AU81:AX81) -> 0 | BE81: =SUM(BA81:BD81) -> 0 | BK81: =SUM(BG81:BJ81) -> 0 | BM81: =E81+Q81 -> 0 | BN81: =F81+R81 -> 0 | BO81: =G81+S81 -> 12 | BP81: =H81+T81 -> 1 | BQ81: =I81+U81 -> 13 | BR81: =J81+V81 -> 0 | BS81: =K81+W81 -> 0 | BT81: =L81+X81 -> 0 | ... BX81: =P81+AB81 -> 0 | BY81: =AC81+AO81 -> 0 | BZ81: =AD81+AP81 -> 0 | CA81: =AE81+AQ81 -> 2 | CB81: =AF81+AR81 -> 36 | CC81: =AG81+AS81 -> 38 | CD81: =AH81+AT81 -> 0 | CE81: =AI81+AU81 -> 0 | CF81: =AJ81+AV81 -> 0 | ... CJ81: =AN81+AZ81 -> 0 | CK81: =BA81+BM81+BY81 -> 0 | CL81: =BB81+BN81+BZ81 -> 0 | CM81: =BC81+BO81+CA81 -> 14 | CN81: =BD81+BP81+CB81 -> 37 | CO81: =SUM(CK81:CN81) -> 51 | CP81: =BF81+BR81+CD81 -> 0 | CQ81: =BG81+BS81+CE81 -> 0 | CR81: =BH81+BT81+CF81 -> 0 | CS81: =BI81+BU81+CG81 -> 14 | CT81: =BJ81+BV81+CH81 -> 37 | CU81: =SUM(CQ81:CT81) -> 51 | CV81: =BL81+BX81+CJ81 -> 0
D82: FLEXO | I82: =SUM(E82:H82) -> 0 | O82: =SUM(K82:N82) -> 0 | U82: =SUM(Q82:T82) -> 0 | AA82: =SUM(W82:Z82) -> 0 | AC82: =1 -> 1 | AD82: 4 | AE82: 5 | AG82: =SUM(AC82:AF82) -> 10 | AI82: =1 -> 1 | AJ82: 4 | AK82: 5 | AM82: =SUM(AI82:AL82) -> 10 | AS82: =SUM(AO82:AR82) -> 0 | AY82: =SUM(AU82:AX82) -> 0 | BE82: =SUM(BA82:BD82) -> 0 | BK82: =SUM(BG82:BJ82) -> 0 | BM82: =E82+Q82 -> 0 | BN82: =F82+R82 -> 0 | BO82: =G82+S82 -> 0 | BP82: =H82+T82 -> 0 | BQ82: =I82+U82 -> 0 | BR82: =J82+V82 -> 0 | BS82: =K82+W82 -> 0 | BT82: =L82+X82 -> 0 | ... BX82: =P82+AB82 -> 0 | BY82: =AC82+AO82 -> 1 | BZ82: =AD82+AP82 -> 4 | CA82: =AE82+AQ82 -> 5 | CB82: =AF82+AR82 -> 0 | CC82: =AG82+AS82 -> 10 | CD82: =AH82+AT82 -> 0 | CE82: =AI82+AU82 -> 1 | CF82: =AJ82+AV82 -> 4 | ... CJ82: =AN82+AZ82 -> 0 | CK82: =BA82+BM82+BY82 -> 1 | CL82: =BB82+BN82+BZ82 -> 4 | CM82: =BC82+BO82+CA82 -> 5 | CN82: =BD82+BP82+CB82 -> 0 | CO82: =SUM(CK82:CN82) -> 10 | CP82: =BF82+BR82+CD82 -> 0 | CQ82: =BG82+BS82+CE82 -> 1 | CR82: =BH82+BT82+CF82 -> 4 | CS82: =BI82+BU82+CG82 -> 5 | CT82: =BJ82+BV82+CH82 -> 0 | CU82: =SUM(CQ82:CT82) -> 10 | CV82: =BL82+BX82+CJ82 -> 0
D83: LAMINATING 1 (WINDOW) | G83: 6 | I83: =SUM(E83:H83) -> 6 | M83: 6 | O83: =SUM(K83:N83) -> 6 | U83: =SUM(Q83:T83) -> 0 | AA83: =SUM(W83:Z83) -> 0 | AG83: =SUM(AC83:AF83) -> 0 | AM83: =SUM(AI83:AL83) -> 0 | AS83: =SUM(AO83:AR83) -> 0 | AY83: =SUM(AU83:AX83) -> 0 | BE83: =SUM(BA83:BD83) -> 0 | BK83: =SUM(BG83:BJ83) -> 0 | BM83: =E83+Q83 -> 0 | BN83: =F83+R83 -> 0 | BO83: =G83+S83 -> 6 | BP83: =H83+T83 -> 0 | BQ83: =I83+U83 -> 6 | BR83: =J83+V83 -> 0 | BS83: =K83+W83 -> 0 | BT83: =L83+X83 -> 0 | ... BX83: =P83+AB83 -> 0 | BY83: =AC83+AO83 -> 0 | BZ83: =AD83+AP83 -> 0 | CA83: =AE83+AQ83 -> 0 | CB83: =AF83+AR83 -> 0 | CC83: =AG83+AS83 -> 0 | CD83: =AH83+AT83 -> 0 | CE83: =AI83+AU83 -> 0 | CF83: =AJ83+AV83 -> 0 | ... CJ83: =AN83+AZ83 -> 0 | CK83: =BA83+BM83+BY83 -> 0 | CL83: =BB83+BN83+BZ83 -> 0 | CM83: =BC83+BO83+CA83 -> 6 | CN83: =BD83+BP83+CB83 -> 0 | CO83: =SUM(CK83:CN83) -> 6 | CP83: =BF83+BR83+CD83 -> 0 | CQ83: =BG83+BS83+CE83 -> 0 | CR83: =BH83+BT83+CF83 -> 0 | CS83: =BI83+BU83+CG83 -> 6 | CT83: =BJ83+BV83+CH83 -> 0 | CU83: =SUM(CQ83:CT83) -> 6 | CV83: =BL83+BX83+CJ83 -> 0
D84: LAMINATING 2 (HUAWEI) | I84: =SUM(E84:H84) -> 0 | O84: =SUM(K84:N84) -> 0 | U84: =SUM(Q84:T84) -> 0 | AA84: =SUM(W84:Z84) -> 0 | AG84: =SUM(AC84:AF84) -> 0 | AM84: =SUM(AI84:AL84) -> 0 | AS84: =SUM(AO84:AR84) -> 0 | AY84: =SUM(AU84:AX84) -> 0 | BE84: =SUM(BA84:BD84) -> 0 | BK84: =SUM(BG84:BJ84) -> 0 | BM84: =E84+Q84 -> 0 | BN84: =F84+R84 -> 0 | BO84: =G84+S84 -> 0 | BP84: =H84+T84 -> 0 | BQ84: =I84+U84 -> 0 | BR84: =J84+V84 -> 0 | BS84: =K84+W84 -> 0 | BT84: =L84+X84 -> 0 | ... BX84: =P84+AB84 -> 0 | BY84: =AC84+AO84 -> 0 | BZ84: =AD84+AP84 -> 0 | CA84: =AE84+AQ84 -> 0 | CB84: =AF84+AR84 -> 0 | CC84: =AG84+AS84 -> 0 | CD84: =AH84+AT84 -> 0 | CE84: =AI84+AU84 -> 0 | CF84: =AJ84+AV84 -> 0 | ... CJ84: =AN84+AZ84 -> 0 | CK84: =BA84+BM84+BY84 -> 0 | CL84: =BB84+BN84+BZ84 -> 0 | CM84: =BC84+BO84+CA84 -> 0 | CN84: =BD84+BP84+CB84 -> 0 | CO84: =SUM(CK84:CN84) -> 0 | CP84: =BF84+BR84+CD84 -> 0 | CQ84: =BG84+BS84+CE84 -> 0 | CR84: =BH84+BT84+CF84 -> 0 | CS84: =BI84+BU84+CG84 -> 0 | CT84: =BJ84+BV84+CH84 -> 0 | CU84: =SUM(CQ84:CT84) -> 0 | CV84: =BL84+BX84+CJ84 -> 0
D85: WINDOW PATCHING | I85: =SUM(E85:H85) -> 0 | O85: =SUM(K85:N85) -> 0 | U85: =SUM(Q85:T85) -> 0 | AA85: =SUM(W85:Z85) -> 0 | AG85: =SUM(AC85:AF85) -> 0 | AM85: =SUM(AI85:AL85) -> 0 | AS85: =SUM(AO85:AR85) -> 0 | AY85: =SUM(AU85:AX85) -> 0 | BE85: =SUM(BA85:BD85) -> 0 | BK85: =SUM(BG85:BJ85) -> 0 | BM85: =E85+Q85 -> 0 | BN85: =F85+R85 -> 0 | BO85: =G85+S85 -> 0 | BP85: =H85+T85 -> 0 | BQ85: =I85+U85 -> 0 | BR85: =J85+V85 -> 0 | BS85: =K85+W85 -> 0 | BT85: =L85+X85 -> 0 | ... BX85: =P85+AB85 -> 0 | BY85: =AC85+AO85 -> 0 | BZ85: =AD85+AP85 -> 0 | CA85: =AE85+AQ85 -> 0 | CB85: =AF85+AR85 -> 0 | CC85: =AG85+AS85 -> 0 | CD85: =AH85+AT85 -> 0 | CE85: =AI85+AU85 -> 0 | CF85: =AJ85+AV85 -> 0 | ... CJ85: =AN85+AZ85 -> 0 | CK85: =BA85+BM85+BY85 -> 0 | CL85: =BB85+BN85+BZ85 -> 0 | CM85: =BC85+BO85+CA85 -> 0 | CN85: =BD85+BP85+CB85 -> 0 | CO85: =SUM(CK85:CN85) -> 0 | CP85: =BF85+BR85+CD85 -> 0 | CQ85: =BG85+BS85+CE85 -> 0 | CR85: =BH85+BT85+CF85 -> 0 | CS85: =BI85+BU85+CG85 -> 0 | CT85: =BJ85+BV85+CH85 -> 0 | CU85: =SUM(CQ85:CT85) -> 0 | CV85: =BL85+BX85+CJ85 -> 0
D86: BUAT PISAU | I86: =SUM(E86:H86) -> 0 | O86: =SUM(K86:N86) -> 0 | Q86: 1 | U86: =SUM(Q86:T86) -> 1 | W86: 1 | AA86: =SUM(W86:Z86) -> 1 | AG86: =SUM(AC86:AF86) -> 0 | AM86: =SUM(AI86:AL86) -> 0 | AS86: =SUM(AO86:AR86) -> 0 | AY86: =SUM(AU86:AX86) -> 0 | BE86: =SUM(BA86:BD86) -> 0 | BK86: =SUM(BG86:BJ86) -> 0 | BM86: =E86+Q86 -> 1 | BN86: =F86+R86 -> 0 | BO86: =G86+S86 -> 0 | BP86: =H86+T86 -> 0 | BQ86: =I86+U86 -> 1 | BR86: =J86+V86 -> 0 | BS86: =K86+W86 -> 1 | BT86: =L86+X86 -> 0 | ... BX86: =P86+AB86 -> 0 | BY86: =AC86+AO86 -> 0 | BZ86: =AD86+AP86 -> 0 | CA86: =AE86+AQ86 -> 0 | CB86: =AF86+AR86 -> 0 | CC86: =AG86+AS86 -> 0 | CD86: =AH86+AT86 -> 0 | CE86: =AI86+AU86 -> 0 | CF86: =AJ86+AV86 -> 0 | ... CJ86: =AN86+AZ86 -> 0 | CK86: =BA86+BM86+BY86 -> 1 | CL86: =BB86+BN86+BZ86 -> 0 | CM86: =BC86+BO86+CA86 -> 0 | CN86: =BD86+BP86+CB86 -> 0 | CO86: =SUM(CK86:CN86) -> 1 | CP86: =BF86+BR86+CD86 -> 0 | CQ86: =BG86+BS86+CE86 -> 1 | CR86: =BH86+BT86+CF86 -> 0 | CS86: =BI86+BU86+CG86 -> 0 | CT86: =BJ86+BV86+CH86 -> 0 | CU86: =SUM(CQ86:CT86) -> 1 | CV86: =BL86+BX86+CJ86 -> 0
D87: LABELING & DELIVERY | I87: =SUM(E87:H87) -> 0 | O87: =SUM(K87:N87) -> 0 | S87: 1 | U87: =SUM(Q87:T87) -> 1 | Y87: 1 | AA87: =SUM(W87:Z87) -> 1 | AE87: 2 | AG87: =SUM(AC87:AF87) -> 2 | AK87: 2 | AM87: =SUM(AI87:AL87) -> 2 | AS87: =SUM(AO87:AR87) -> 0 | AY87: =SUM(AU87:AX87) -> 0 | BE87: =SUM(BA87:BD87) -> 0 | BK87: =SUM(BG87:BJ87) -> 0 | BM87: =E87+Q87 -> 0 | BN87: =F87+R87 -> 0 | BO87: =G87+S87 -> 1 | BP87: =H87+T87 -> 0 | BQ87: =I87+U87 -> 1 | BR87: =J87+V87 -> 0 | BS87: =K87+W87 -> 0 | BT87: =L87+X87 -> 0 | ... BX87: =P87+AB87 -> 0 | BY87: =AC87+AO87 -> 0 | BZ87: =AD87+AP87 -> 0 | CA87: =AE87+AQ87 -> 2 | CB87: =AF87+AR87 -> 0 | CC87: =AG87+AS87 -> 2 | CD87: =AH87+AT87 -> 0 | CE87: =AI87+AU87 -> 0 | CF87: =AJ87+AV87 -> 0 | ... CJ87: =AN87+AZ87 -> 0 | CK87: =BA87+BM87+BY87 -> 0 | CL87: =BB87+BN87+BZ87 -> 0 | CM87: =BC87+BO87+CA87 -> 3 | CN87: =BD87+BP87+CB87 -> 0 | CO87: =SUM(CK87:CN87) -> 3 | CP87: =BF87+BR87+CD87 -> 0 | CQ87: =BG87+BS87+CE87 -> 0 | CR87: =BH87+BT87+CF87 -> 0 | CS87: =BI87+BU87+CG87 -> 3 | CT87: =BJ87+BV87+CH87 -> 0 | CU87: =SUM(CQ87:CT87) -> 3 | CV87: =BL87+BX87+CJ87 -> 0
C88: TEKNIK | D88: KADIV/WAKADIV TEKNIK | I88: =SUM(E88:H88) -> 0 | O88: =SUM(K88:N88) -> 0 | Q88: 1 | U88: =SUM(Q88:T88) -> 1 | W88: 1 | AA88: =SUM(W88:Z88) -> 1 | AG88: =SUM(AC88:AF88) -> 0 | AM88: =SUM(AI88:AL88) -> 0 | AS88: =SUM(AO88:AR88) -> 0 | AY88: =SUM(AU88:AX88) -> 0 | BE88: =SUM(BA88:BD88) -> 0 | BK88: =SUM(BG88:BJ88) -> 0 | BM88: =E88+Q88 -> 1 | BN88: =F88+R88 -> 0 | BO88: =G88+S88 -> 0 | BP88: =H88+T88 -> 0 | BQ88: =I88+U88 -> 1 | BR88: =J88+V88 -> 0 | BS88: =K88+W88 -> 1 | BT88: =L88+X88 -> 0 | ... BX88: =P88+AB88 -> 0 | BY88: =AC88+AO88 -> 0 | BZ88: =AD88+AP88 -> 0 | CA88: =AE88+AQ88 -> 0 | CB88: =AF88+AR88 -> 0 | CC88: =AG88+AS88 -> 0 | CD88: =AH88+AT88 -> 0 | CE88: =AI88+AU88 -> 0 | CF88: =AJ88+AV88 -> 0 | ... CJ88: =AN88+AZ88 -> 0 | CK88: =BA88+BM88+BY88 -> 1 | CL88: =BB88+BN88+BZ88 -> 0 | CM88: =BC88+BO88+CA88 -> 0 | CN88: =BD88+BP88+CB88 -> 0 | CO88: =SUM(CK88:CN88) -> 1 | CP88: =BF88+BR88+CD88 -> 0 | CQ88: =BG88+BS88+CE88 -> 1 | CR88: =BH88+BT88+CF88 -> 0 | CS88: =BI88+BU88+CG88 -> 0 | CT88: =BJ88+BV88+CH88 -> 0 | CU88: =SUM(CQ88:CT88) -> 1 | CV88: =BL88+BX88+CJ88 -> 0
D89: KARU/WAKARU TEKNIK | E89: 1 | I89: =SUM(E89:H89) -> 1 | K89: 1 | O89: =SUM(K89:N89) -> 1 | U89: =SUM(Q89:T89) -> 0 | AA89: =SUM(W89:Z89) -> 0 | AC89: 1 | AG89: =SUM(AC89:AF89) -> 1 | AI89: 1 | AM89: =SUM(AI89:AL89) -> 1 | AS89: =SUM(AO89:AR89) -> 0 | AY89: =SUM(AU89:AX89) -> 0 | BA89: 1 | BE89: =SUM(BA89:BD89) -> 1 | BG89: 1 | BK89: =SUM(BG89:BJ89) -> 1 | BM89: =E89+Q89 -> 1 | BN89: =F89+R89 -> 0 | BO89: =G89+S89 -> 0 | BP89: =H89+T89 -> 0 | BQ89: =I89+U89 -> 1 | BR89: =J89+V89 -> 0 | BS89: =K89+W89 -> 1 | BT89: =L89+X89 -> 0 | ... BX89: =P89+AB89 -> 0 | BY89: =AC89+AO89 -> 1 | BZ89: =AD89+AP89 -> 0 | CA89: =AE89+AQ89 -> 0 | CB89: =AF89+AR89 -> 0 | CC89: =AG89+AS89 -> 1 | CD89: =AH89+AT89 -> 0 | CE89: =AI89+AU89 -> 1 | CF89: =AJ89+AV89 -> 0 | ... CJ89: =AN89+AZ89 -> 0 | CK89: =BA89+BM89+BY89 -> 3 | CL89: =BB89+BN89+BZ89 -> 0 | CM89: =BC89+BO89+CA89 -> 0 | CN89: =BD89+BP89+CB89 -> 0 | CO89: =SUM(CK89:CN89) -> 3 | CP89: =BF89+BR89+CD89 -> 0 | CQ89: =BG89+BS89+CE89 -> 3 | CR89: =BH89+BT89+CF89 -> 0 | CS89: =BI89+BU89+CG89 -> 0 | CT89: =BJ89+BV89+CH89 -> 0 | CU89: =SUM(CQ89:CT89) -> 3 | CV89: =BL89+BX89+CJ89 -> 0
D90: MEKANIK | E90: 2 | G90: 2 | I90: =SUM(E90:H90) -> 4 | K90: 2 | M90: 2 | O90: =SUM(K90:N90) -> 4 | R90: 1 | S90: 1 | U90: =SUM(Q90:T90) -> 2 | X90: 1 | Y90: 1 | AA90: =SUM(W90:Z90) -> 2 | AG90: =SUM(AC90:AF90) -> 0 | AM90: =SUM(AI90:AL90) -> 0 | AS90: =SUM(AO90:AR90) -> 0 | AY90: =SUM(AU90:AX90) -> 0 | BA90: 1 | BB90: 1 | BC90: 1 | BE90: =SUM(BA90:BD90) -> 3 | BG90: 1 | BH90: 1 | BI90: 1 | BK90: =SUM(BG90:BJ90) -> 3 | BM90: =E90+Q90 -> 2 | BN90: =F90+R90 -> 1 | BO90: =G90+S90 -> 3 | BP90: =H90+T90 -> 0 | BQ90: =I90+U90 -> 6 | BR90: =J90+V90 -> 0 | BS90: =K90+W90 -> 2 | BT90: =L90+X90 -> 1 | ... BX90: =P90+AB90 -> 0 | BY90: =AC90+AO90 -> 0 | BZ90: =AD90+AP90 -> 0 | CA90: =AE90+AQ90 -> 0 | CB90: =AF90+AR90 -> 0 | CC90: =AG90+AS90 -> 0 | CD90: =AH90+AT90 -> 0 | CE90: =AI90+AU90 -> 0 | CF90: =AJ90+AV90 -> 0 | ... CJ90: =AN90+AZ90 -> 0 | CK90: =BA90+BM90+BY90 -> 3 | CL90: =BB90+BN90+BZ90 -> 2 | CM90: =BC90+BO90+CA90 -> 4 | CN90: =BD90+BP90+CB90 -> 0 | CO90: =SUM(CK90:CN90) -> 9 | CP90: =BF90+BR90+CD90 -> 0 | CQ90: =BG90+BS90+CE90 -> 3 | CR90: =BH90+BT90+CF90 -> 2 | CS90: =BI90+BU90+CG90 -> 4 | CT90: =BJ90+BV90+CH90 -> 0 | CU90: =SUM(CQ90:CT90) -> 9 | CV90: =BL90+BX90+CJ90 -> 0
D91: ELEKTRIK | E91: 1 | I91: =SUM(E91:H91) -> 1 | K91: 1 | O91: =SUM(K91:N91) -> 1 | U91: =SUM(Q91:T91) -> 0 | AA91: =SUM(W91:Z91) -> 0 | AC91: 1 | AG91: =SUM(AC91:AF91) -> 1 | AI91: 1 | AM91: =SUM(AI91:AL91) -> 1 | AS91: =SUM(AO91:AR91) -> 0 | AY91: =SUM(AU91:AX91) -> 0 | BC91: 1 | BE91: =SUM(BA91:BD91) -> 1 | BI91: 1 | BK91: =SUM(BG91:BJ91) -> 1 | BM91: =E91+Q91 -> 1 | BN91: =F91+R91 -> 0 | BO91: =G91+S91 -> 0 | BP91: =H91+T91 -> 0 | BQ91: =I91+U91 -> 1 | BR91: =J91+V91 -> 0 | BS91: =K91+W91 -> 1 | BT91: =L91+X91 -> 0 | ... BX91: =P91+AB91 -> 0 | BY91: =AC91+AO91 -> 1 | BZ91: =AD91+AP91 -> 0 | CA91: =AE91+AQ91 -> 0 | CB91: =AF91+AR91 -> 0 | CC91: =AG91+AS91 -> 1 | CD91: =AH91+AT91 -> 0 | CE91: =AI91+AU91 -> 1 | CF91: =AJ91+AV91 -> 0 | ... CJ91: =AN91+AZ91 -> 0 | CK91: =BA91+BM91+BY91 -> 2 | CL91: =BB91+BN91+BZ91 -> 0 | CM91: =BC91+BO91+CA91 -> 1 | CN91: =BD91+BP91+CB91 -> 0 | CO91: =SUM(CK91:CN91) -> 3 | CP91: =BF91+BR91+CD91 -> 0 | CQ91: =BG91+BS91+CE91 -> 2 | CR91: =BH91+BT91+CF91 -> 0 | CS91: =BI91+BU91+CG91 -> 1 | CT91: =BJ91+BV91+CH91 -> 0 | CU91: =SUM(CQ91:CT91) -> 3 | CV91: =BL91+BX91+CJ91 -> 0
C92: TOTAL SDM | E92: =SUM(E8:E91) -> 24 | F92: =SUM(F8:F91) -> 18 | G92: =SUM(G8:G91) -> 108 | H92: =SUM(H8:H91) -> 21 | I92: =SUM(I8:I91) -> 171 | K92: =SUM(K5:K91) -> 23 | L92: =SUM(L8:L91) -> 18 | M92: =SUM(M8:M91) -> 106 | N92: =SUM(N8:N91) -> 21 | O92: =SUM(O8:O91) -> 168 | Q92: =SUM(Q8:Q91) -> 18 | R92: =SUM(R8:R91) -> 20 | S92: =SUM(S8:S91) -> 86 | T92: =SUM(T8:T91) -> 14 | U92: =SUM(U8:U91) -> 138 | W92: =SUM(W8:W91) -> 18 | X92: =SUM(X8:X91) -> 15 | Y92: =SUM(Y8:Y91) -> 86 | Z92: =SUM(Z8:Z91) -> 14 | AA92: =SUM(AA8:AA91) -> 133 | AC92: =SUM(AC8:AC91) -> 15 | AD92: =SUM(AD8:AD91) -> 20 | AE92: =SUM(AE8:AE91) -> 99 | AF92: =SUM(AF8:AF91) -> 36 | AG92: =SUM(AC92:AF92) -> 170 | AI92: =SUM(AI8:AI91) -> 15 | AJ92: =SUM(AJ8:AJ91) -> 18 | AK92: =SUM(AK8:AK91) -> 99 | AL92: =SUM(AL8:AL91) -> 36 | AM92: =SUM(AI92:AL92) -> 168 | AO92: =SUM(AO8:AO91) -> 5 | AP92: =SUM(AP8:AP91) -> 0 | AQ92: =SUM(AQ8:AQ91) -> 0 | AR92: =SUM(AR8:AR91) -> 0 | AS92: =SUM(AS8:AS91) -> 5 | AU92: =SUM(AU9:AU91) -> 4 | AV92: =SUM(AV9:AV91) -> 1 | AW92: =SUM(AW9:AW91) -> 0 | AX92: =SUM(AX9:AX91) -> 0 | AY92: =SUM(AY8:AY91) -> 5 | BA92: =SUM(BA9:BA91) -> 25 | BB92: =SUM(BB9:BB91) -> 3 | BC92: =SUM(BC9:BC91) -> 89 | BD92: =SUM(BD9:BD91) -> 9 | BE92: =SUM(BE8:BE91) -> 126 | BG92: =SUM(BG9:BG91) -> 24 | BH92: =SUM(BH9:BH91) -> 4 | BI92: =SUM(BI9:BI91) -> 89 | BJ92: =SUM(BJ9:BJ91) -> 9 | BK92: =SUM(BK8:BK91) -> 126 | BM92: =E92+Q92 -> 42 | BN92: =F92+R92 -> 38 | BO92: =G92+S92 -> 194 | BP92: =H92+T92 -> 35 | BQ92: =I92+U92 -> 309 | BR92: =J92+V92 -> 0 | BS92: =K92+W92 -> 41 | BT92: =L92+X92 -> 33 | ... BX92: =P92+AB92 -> 0 | BY92: =AC92+AO92 -> 20 | BZ92: =AD92+AP92 -> 20 | CA92: =AE92+AQ92 -> 99 | CB92: =AF92+AR92 -> 36 | CC92: =AG92+AS92 -> 175 | CD92: =AH92+AT92 -> 0 | CE92: =AI92+AU92 -> 19 | CF92: =AJ92+AV92 -> 19 | ... CJ92: =AN92+AZ92 -> 0 | CK92: =BA92+BM92+BY92 -> 87 | CL92: =BB92+BN92+BZ92 -> 61 | CM92: =BC92+BO92+CA92 -> 382 | CN92: =BD92+BP92+CB92 -> 80 | CO92: =SUM(CO8:CO91) -> 610 | CP92: =BF92+BR92+CD92 -> 0 | CQ92: =BG92+BS92+CE92 -> 84 | CR92: =BH92+BT92+CF92 -> 56 | CS92: =BI92+BU92+CG92 -> 380 | CT92: =BJ92+BV92+CH92 -> 80 | CU92: =SUM(CU8:CU91) -> 600 | CV92: =BL92+BX92+CJ92 -> 0
C120: DATA TAHUN 2023
C121: DEPARTEMEN | D121: POSISI | I121: PACK KARAH | U121: PACK BEKASI | AC121: SHP BAG | AS121: TEMAPACK | BE121: JO MALANG
I122: KEBUTUHAN | K122: TETAP | L122: KONTRAK | M122: PHL | O122: TOTAL | U122: KEBUTUHAN | W122: TETAP | X122: KONTRAK | Y122: PHL | AA122: TOTAL | AC122: KEBUTUHAN | AI122: TETAP | AJ122: KONTRAK | AK122: PHL TETAP | AL122: PHL TIDAK TETAP | AM122: TOTAL | AS122: KEBUTUHAN | AU122: TETAP | AV122: KONTRAK | AW122: PHL | AY122: TOTAL | BE122: KEBUTUHAN | BG122: TETAP | BH122: KONTRAK | BI122: PHL | BK122: TOTAL
C125: GM | D125: GM | AA125: =SUM(W125:Y125) -> 0 | AM125: =SUM(AI125:AL125) -> 0 | AY125: =SUM(AU125:AW125) -> 0 | BK125: =SUM(BG125:BI125) -> 0
C126: BM | D126: OM | I126: 1 | K126: 1 | O126: =SUM(K126:M126) -> 1 | U126: 1 | X126: 1 | AA126: =SUM(W126:Y126) -> 1 | AM126: =SUM(AI126:AL126) -> 0 | AY126: =SUM(AU126:AW126) -> 0 | BE126: 1 | BG126: 1 | BK126: =SUM(BG126:BI126) -> 1
C127: HRD UMUM | D127: STAFF HRD | I127: 1 | L127: 1 | O127: 1 | AA127: =SUM(W127:Y127) -> 0 | AM127: =SUM(AI127:AL127) -> 0 | AY127: =SUM(AU127:AW127) -> 0 | BE127: 1 | BG127: 1 | BK127: =SUM(BG127:BI127) -> 1
D128: UMUM | O128: =SUM(K128:M128) -> 0 | U128: 5 | X128: 1 | Y128: 4 | AA128: =SUM(W128:Y128) -> 5 | AC128: 2 | AK128: 2 | AL128: 2 | AM128: =SUM(AI128:AL128) -> 4 | AS128: 1 | AW128: 1 | AY128: =SUM(AU128:AW128) -> 1 | BE128: 2 | BI128: 2 | BK128: =SUM(BG128:BI128) -> 2
D129: SECURITY | O129: 0 | U129: 4 | Y129: 4 | AA129: =SUM(W129:Y129) -> 4 | AC129: 4 | AK129: 4 | AM129: =SUM(AI129:AL129) -> 4 | AS129: 2 | AW129: 2 | AY129: =SUM(AU129:AW129) -> 2 | BE129: 7 | BI129: 7 | BK129: =SUM(BG129:BI129) -> 7
C130: PEMASARAN | D130: MARKETING | I130: 4 | K130: 3 | O130: =SUM(K130:M130) -> 3 | U130: 3 | X130: 2 | AA130: =SUM(W130:Y130) -> 2 | AC130: 3 | AJ130: 3 | AM130: =SUM(AI130:AL130) -> 3 | AS130: 5 | AU130: 2 | AV130: 2 | AY130: =SUM(AU130:AW130) -> 4 | BE130: 5 | BG130: 4 | BH130: 1 | BK130: =SUM(BG130:BI130) -> 5
D131: ADMIN MKT | I131: 1 | M131: 1 | O131: =SUM(K131:M131) -> 1 | U131: 2 | W131: 2 | AA131: =SUM(W131:Y131) -> 2 | AC131: 1 | AK131: 1 | AM131: =SUM(AI131:AL131) -> 1 | AY131: =SUM(AU131:AW131) -> 0 | BE131: 1 | BI131: 1 | BK131: =SUM(BG131:BI131) -> 1
C132: IT | D132: IT | O132: 0 | BE132: 1 | BH132: 1 | BK132: =SUM(BG132:BI132) -> 1
C133: PPIC | D133: STAFF PPIC | I133: 1 | K133: 1 | O133: =SUM(K133:M133) -> 1 | AA133: =SUM(W133:Y133) -> 0 | AM133: =SUM(AI133:AL133) -> 0 | AS133: 1 | AU133: 1 | AY133: =SUM(AU133:AW133) -> 1 | BE133: 1 | BG133: 1 | BK133: =SUM(BG133:BI133) -> 1
...

Sheet GAMBARAN KRY
B1: Jenis Kelamin
B2: Cabang | C2: Laki laki | E2: Perempuan | G2: Total
C3: TETAP | D3: KONTRAK | E3: TETAP | F3: KONTRAK
B4: Pack Surabaya | C4: 19 | D4: 16 | E4: 4 | F4: 2 | G4: =SUM(C4:F4) -> 41 | H4: 41 | I4: ok
B5: Pack Bekasi | C5: 17 | D5: 12 | E5: 1 | F5: 3 | G5: =SUM(C5:F5) -> 33 | H5: 33 | I5: ok
B6: Shopping bag | C6: 15 | D6: 15 | E6: 0 | F6: 3 | G6: =SUM(C6:F6) -> 33 | H6: 33 | I6: ok
B7: Temapack | C7: 2 | D7: 1 | E7: 2 | F7: 0 | G7: =SUM(C7:F7) -> 5 | H7: 5 | I7: ok
B8: TWL | C8: 19 | D8: 4 | E8: 5 | F8: 0 | G8: =SUM(C8:F8) -> 28 | H8: 28 | I8: ok
B9: Total | C9: =SUM(C4:C8) -> 72 | D9: =SUM(D4:D8) -> 48 | E9: =SUM(E4:E8) -> 12 | F9: =SUM(F4:F8) -> 8 | G9: =SUM(G4:G8) -> 140
C10: =SUM(C9:D9) -> 120 | E10: =SUM(E9:F9) -> 20 | G10: =C10+E10 -> 140
B12: Pendidikan
B13: No | C13: Cabang | D13: Pendidikan | L13: Total
D14: S2 | E14: S1 | F14: D3 | G14: D2 | H14: D1 | I14: SMA | J14: SMP | K14: SD
B15: 1 | C15: Pack Surabaya | D15: 2 | E15: 12 | F15: 5 | G15: 0 | H15: 1 | I15: 21 | J15: 0 | K15: 0 | L15: =SUM(D15:K15) -> 41 | M15: 41 | N15: ok
B16: 2 | C16: Pack Bekasi | D16: 0 | E16: 7 | F16: 3 | G16: 0 | H16: 0 | I16: 21 | J16: 2 | K16: 0 | L16: =SUM(D16:K16) -> 33 | M16: 33 | N16: ok
B17: 3 | C17: Shoppingbag | D17: 0 | E17: 6 | F17: 3 | G17: 0 | H17: 0 | I17: 24 | J17: 0 | K17: 0 | L17: =SUM(D17:K17) -> 33 | M17: 33 | N17: ok
B18: 4 | C18: Temapack | D18: 0 | E18: 2 | F18: 1 | G18: 0 | H18: 0 | I18: 2 | J18: 0 | K18: 0 | L18: =SUM(D18:K18) -> 5 | M18: 5 | N18: ok
B19: 5 | C19: TWL | D19: 0 | E19: 5 | F19: 1 | G19: 0 | H19: 0 | I19: 22 | J19: 0 | K19: 0 | L19: =SUM(D19:K19) -> 28 | M19: 28 | N19: ok
B20: Total | D20: =SUM(D15:D19) -> 2 | E20: =SUM(E15:E19) -> 32 | F20: =SUM(F15:F19) -> 13 | G20: =SUM(G15:G19) -> 0 | H20: =SUM(H15:H19) -> 1 | I20: =SUM(I15:I19) -> 90 | J20: =SUM(J15:J19) -> 2 | K20: =SUM(K15:K19) -> 0 | L20: =SUM(L15:L19) -> 140
B21: % | D21: =D20/L20 -> 0.014285714 | E21: =E20/L20 -> 0.22857143 | F21: =F20/L20 -> 0.092857143 | G21: =G20/L20 -> 0 | H21: =H20/L20 -> 0.0071428571 | I21: =I20/L20 -> 0.64285714 | J21: =J20/L20 -> 0.014285714 | K21: =K20/L20 -> 0 | L21: =SUM(D21:K21) -> 1
B23: Umur | C23: Rentang Usia
B24: Area | C24: < 21 th | D24: 21-30 th | E24: 31-40 th | F24: 41-50 th | G24: > 50 th | H24: Jumlah
B25: Pack Surabaya | C25: 0 | D25: 7 | E25: 22 | F25: 11 | G25: 1 | H25: =SUM(C25:G25) -> 41 | I25: 41 | J25: ok
B26: Pack Bekasi | C26: 0 | D26: 8 | E26: 11 | F26: 11 | G26: 3 | H26: =SUM(C26:G26) -> 33 | I26: 33 | J26: ok
B27: Shopping bag | C27: 0 | D27: 17 | E27: 9 | F27: 6 | G27: 1 | H27: =SUM(C27:G27) -> 33 | I27: 33 | J27: ok
B28: Temapack | C28: 0 | D28: 1 | E28: 2 | F28: 2 | G28: 0 | H28: =SUM(C28:G28) -> 5 | I28: 5 | J28: ok
B29: TWL | C29: =SUM(C25:C28) -> 0 | D29: 7 | E29: 16 | F29: 5 | G29: 0 | H29: =SUM(C29:G29) -> 28 | I29: 28 | J29: ok
B30: Total | C30: =SUM(C25:C29) -> 0 | D30: =SUM(D25:D29) -> 40 | E30: =SUM(E25:E29) -> 60 | F30: =SUM(F25:F29) -> 35 | G30: =SUM(G25:G29) -> 5 | H30: =SUM(H25:H29) -> 140
C31: =C30/H30 -> 0 | D31: =D30/H30 -> 0.28571429 | E31: =E30/H30 -> 0.42857143 | F31: =F30/H30 -> 0.25 | G31: =G30/H30 -> 0.035714286 | H31: =SUM(C31:G31) -> 1
B33: Jabatan
B34: NO | C34: Cabang | D34: Level
D35: Staff | E35: Wakaru | F35: Karu | G35: Wakadiv | H35: Kadiv | I35: Asmen | J35: BM | K35: GM | L35: JUMLAH
B36: 1 | C36: Pack Surabaya | D36: 29 | E36: 0 | F36: 4 | G36: 0 | H36: 6 | I36: 0 | J36: 1 | K36: 1 | L36: =SUM(D36:K36) -> 41 | M36: 41 | N36: ok
B37: 2 | C37: Pack Bekasi | D37: 25 | E37: 0 | F37: 5 | G37: 0 | H37: 2 | I37: 1 | J37: 0 | K37: 0 | L37: =SUM(D37:K37) -> 33 | M37: 33 | N37: ok
B38: 3 | C38: Shoppingbag | D38: 28 | E38: 0 | F38: 3 | G38: 1 | H38: 0 | I38: 0 | J38: 1 | K38: 0 | L38: =SUM(D38:K38) -> 33 | M38: 33 | N38: ok
B39: 4 | C39: Temapack | D39: 4 | E39: 0 | F39: 0 | G39: 0 | H39: 1 | I39: 0 | J39: 0 | K39: 0 | L39: =SUM(D39:K39) -> 5 | M39: 5 | N39: ok
B40: 5 | C40: TWL | D40: 14 | E40: 3 | F40: 7 | G40: 0 | H40: 3 | I40: 0 | J40: 1 | K40: 0 | L40: =SUM(D40:K40) -> 28 | M40: 28 | N40: ok
C41: Total | D41: =SUM(D36:D40) -> 100 | E41: =SUM(E36:E40) -> 3 | F41: =SUM(F36:F40) -> 19 | G41: =SUM(G36:G40) -> 1 | H41: =SUM(H36:H40) -> 12 | I41: =SUM(I36:I40) -> 1 | J41: =SUM(J36:J40) -> 3 | K41: =SUM(K36:K40) -> 1 | L41: =SUM(L36:L40) -> 140
D42: =D41/$L$41 -> 0.71428571 | E42: =E41/$L$41 -> 0.021428571 | F42: =F41/$L$41 -> 0.13571429 | G42: =G41/$L$41 -> 0.0071428571 | H42: =H41/$L$41 -> 0.085714286 | I42: =I41/$L$41 -> 0.0071428571 | J42: =J41/$L$41 -> 0.021428571 | K42: =K41/$L$41 -> 0.0071428571 | L42: =SUM(D42:K42) -> 1

Sheet RESUME PLAN
B1: PEMETAAN SDM SBU PACKAGING
B2: PERIODE TAHUN 2024
B4: CABANG | C4: KEBUTUHAN SDM | I4: EXISTING SDM | N4: SELISIH
C5: TETAP | D5: KONTRAK | E5: OS FIX | F5: OS VARIABEL | G5: JUMLAH | H5: KETERANGAN | I5: TETAP | J5: KONTRAK | K5: OS FIX | L5: OS VARIABEL | M5: JUMLAH
B6: PACKAGING SURABAYA | C6: ='MAPPING KARAH'!E53 -> 24 | D6: ='MAPPING KARAH'!F53 -> 18 | E6: ='MAPPING KARAH'!G53 -> 108 | F6: ='MAPPING KARAH'!H53 -> 21 | G6: =SUM(C6:F6) -> 171 | H6: Penambahan 2 QC OS, 1 Marketing | I6: ='MAPPING KARAH'!K53 -> 23 | J6: ='MAPPING KARAH'!L53 -> 18 | K6: ='MAPPING KARAH'!M53 -> 106 | L6: ='MAPPING KARAH'!N53 -> 21 | M6: =SUM(I6:L6) -> 168 | N6: =G6-M6 -> 3
B7: PACKAGING BEKASI | C7: ='MAPPING PACK BEKASI'!E71 -> 19 | D7: ='MAPPING PACK BEKASI'!F71 -> 15 | E7: ='MAPPING PACK BEKASI'!G71 -> 63 | F7: ='MAPPING PACK BEKASI'!H71 -> 42 | G7: =SUM(C7:F7) -> 139 | H7: Penambahan staff accounting, IT (Kontrak) & Staff Piutang (OS) | I7: ='MAPPING PACK BEKASI'!K71 -> 19 | J7: ='MAPPING PACK BEKASI'!L71 -> 13 | K7: ='MAPPING PACK BEKASI'!M71 -> 62 | L7: ='MAPPING PACK BEKASI'!N71 -> 42 | M7: =SUM(I7:L7) -> 136 | N7: =G7-M7 -> 3
B8: SHOPPINGBAG | C8: ='MAPPING SHOPPINGBAG'!E69 -> 14 | D8: ='MAPPING SHOPPINGBAG'!F69 -> 23 | E8: ='MAPPING SHOPPINGBAG'!G69 -> 113 | F8: ='MAPPING SHOPPINGBAG'!H69 -> 36 | G8: =SUM(C8:F8) -> 186 | H8: Penambahan 2 Marketing Retail (masing-masing 1 untuk shopbag dan TMP) | I8: ='MAPPING SHOPPINGBAG'!K69 -> 14 | J8: ='MAPPING SHOPPINGBAG'!L69 -> 21 | K8: ='MAPPING SHOPPINGBAG'!M69 -> 113 | L8: ='MAPPING SHOPPINGBAG'!N69 -> 36 | M8: =SUM(I8:L8) -> 184 | N8: =G8-M8 -> 2
B9: TEMAPACK | C9: ='MAPPING TEMAPACK'!E15 -> 5 | D9: ='MAPPING TEMAPACK'!F15 -> 0 | E9: ='MAPPING TEMAPACK'!G15 -> 5 | F9: ='MAPPING TEMAPACK'!H15 -> 0 | G9: =SUM(C9:F9) -> 10 | H9: - | I9: ='MAPPING TEMAPACK'!K15 -> 4 | J9: ='MAPPING TEMAPACK'!L15 -> 1 | K9: ='MAPPING TEMAPACK'!M15 -> 0 | L9: ='MAPPING TEMAPACK'!N15 -> 5 | M9: =SUM(I9:L9) -> 10 | N9: =G9-M9 -> 0
B10: TWL | C10: ='MAPPING TWL'!E50 -> 25 | D10: ='MAPPING TWL'!F50 -> 3 | E10: ='MAPPING TWL'!G50 -> 89 | F10: ='MAPPING TWL'!H50 -> 9 | G10: =SUM(C10:F10) -> 126 | H10: - | I10: ='MAPPING TWL'!K50 -> 24 | J10: ='MAPPING TWL'!L50 -> 4 | K10: ='MAPPING TWL'!M50 -> 89 | L10: ='MAPPING TWL'!N50 -> 9 | M10: =SUM(I10:L10) -> 126 | N10: =G10-M10 -> 0
B11: TOTAL SBU PACKAGING | C11: =SUM(C6:C10) -> 87 | D11: =SUM(D6:D10) -> 59 | E11: =SUM(E6:E10) -> 378 | F11: =SUM(F6:F10) -> 108 | G11: =SUM(G6:G10) -> 632 | I11: =SUM(I6:I10) -> 84 | J11: =SUM(J6:J10) -> 57 | K11: =SUM(K6:K10) -> 370 | L11: =SUM(L6:L10) -> 113 | M11: =SUM(M6:M10) -> 624 | N11: =SUM(N6:N10) -> 8
B13: BIAYA GAJI PER BULAN SDM SBU PACKAGING
B14: CABANG | C14: KEBUTUHAN SDM | I14: EXISTING SDM | N14: SELISIH | O14: PLAN OMZET | P14: % BIAYA SDM KEBUTUHAN | Q14: % BIAYA SDM EXISTING
C15: TETAP | D15: KONTRAK | E15: OS FIX | F15: OS VARIABEL | G15: JUMLAH | H15: KETERANGAN | I15: TETAP | J15: KONTRAK | K15: OS FIX | L15: OS VARIABEL | M15: JUMLAH
B16: PACKAGING SURABAYA | C16: =I16+(1*4725479) -> 147367144 | D16: 109283662 | E16: =232257800+3750000+3750000 -> 239757800 | F16: =F6*25*85000 -> 44625000 | G16: =SUM(C16:F16) -> 541033606 | H16: 1 Level Staff, 2 Level PHL | I16: 142641665 | J16: 109283662 | K16: 232257800 | L16: 37081275 | M16: =SUM(I16:L16) -> 521264402 | N16: =G16-M16 -> 19769204 | O16: 3000000000 | P16: =G16/O16 -> 0.18034454 | Q16: =M16/O16 -> 0.1737548
B17: PACKAGING BEKASI | C17: =I17 -> 115988816 | D17: =J17+(5*5219263) -> 125962933 | E17: =(84*82674*25)+(2*1908000) -> 177431400 | F17: =(F7*62969*25)+5354665 -> 71472115 | G17: =SUM(C17:F17) -> 490855264 | H17: Level Staff | I17: 115988816 | J17: 99866618 | K17: =(84*82674*25)+(2*1908000) -> 177431400 | L17: =(L7*62969*25)+5354665 -> 71472115 | M17: =SUM(I17:L17) -> 464758949 | N17: =G17-M17 -> 26096315 | O17: 2700000000 | P17: =G17/O17 -> 0.18179825 | Q17: =M17/O17 -> 0.17213294
B18: SHOPPINGBAG | C18: =I18 -> 94084157 | D18: =J18+(2*5219263) -> 107424697 | E18: =(97*68301*25)+(2*1908000) -> 169445925 | F18: 190226888 | G18: =SUM(C18:F18) -> 561181667 | H18: 2 Level Staff, 1 Level PHL | I18: 94084157 | J18: 96986171 | K18: =(97*68301*25)+(2*1908000) -> 169445925 | L18: 190226888 | M18: =SUM(I18:L18) -> 550743141 | N18: =G18-M18 -> 10438526 | O18: 2500000000 | P18: =G18/O18 -> 0.22447267 | Q18: =M18/O18 -> 0.22029726
B19: TEMAPACK | C19: =I19+J19 -> 30132270 | D19: 0 | E19: =E9*25*115000 -> 14375000 | F19: 0 | G19: =SUM(C19:F19) -> 44507270 | H19: - | I19: 25362980 | J19: 4769290 | K19: 0 | L19: =L9*25*115000 -> 14375000 | M19: =SUM(I19:L19) -> 44507270 | N19: =G19-M19 -> 0 | O19: 0 | P19: 0 | Q19: 0
B20: TWL | C20: 119165176 | D20: 10104825 | E20: =89*64500*25 -> 143512500 | F20: =F10*64500*25 -> 14512500 | G20: =SUM(C20:F20) -> 287295001 | H20: - | I20: 111166901 | J20: 18103100 | K20: =89*64500*25 -> 143512500 | L20: =L10*64500*25 -> 14512500 | M20: =SUM(I20:L20) -> 287295001 | N20: =G20-M20 -> 0 | O20: 4000000000 | P20: =G20/O20 -> 0.07182375 | Q20: =M20/O20 -> 0.07182375
B21: TOTAL SBU PACKAGING | C21: =SUM(C16:C20) -> 506737563 | D21: =SUM(D16:D20) -> 352776117 | E21: =SUM(E16:E20) -> 744522625 | F21: =SUM(F16:F20) -> 320836503 | G21: =SUM(G16:G20) -> 1924872808 | I21: =SUM(I16:I20) -> 489244519 | J21: =SUM(J16:J20) -> 329008841 | K21: =SUM(K16:K20) -> 722647625 | L21: =SUM(L16:L20) -> 327667778 | M21: =SUM(M16:M20) -> 1868568763 | N21: =G21-M21 -> 56304045
B23: CATATAN :
B24: *) Biaya Gaji Kebutuhan SDM ditambahkan sesuai hitungan berikut :
B25: - Staff/Operator | C25: = UMK Daerah
B26: - Karu/Wakaru | C26: = 25% + UMK Daerah
B27: - Kadiv/Wakadiv | C27: = 50% + UMK Daerah
B28: - Asst. Mng./ Manager | C28: = 75% + UMK Daerah
B31: RESUME JUMLAH TENAGA KERJA 2024
B32: KEBUTUHAN VS EXISTING
B33: Cabang | C33: Kebutuhan tetap/kontrak | D33: Kebutuhan os | E33: Total kebutuhan Keseluruhan | F33: Existing tetap/kontrak | G33: Existing os | H33: Total existing keseluruhan | I33: Rasio kebutuhan/existing karyawan | J33: Rasio kebutuhan/existing os | K33: DEVIASI
K34: Jumlah All | L34: Rasio All
B35: Packaging Surabaya | C35: =C6+D6 -> 42 | D35: =E6+F6 -> 129 | E35: =SUM(C35:D35) -> 171 | F35: =I6+J6 -> 41 | G35: =K6+L6 -> 127 | H35: =SUM(F35:G35) -> 168 | I35: =(F35-C35)/C35 -> -0.023809524 | J35: =(G35-D35)/D35 -> -0.015503876 | K35: =H35-E35 -> -3 | L35: =(H35-E35)/E35 -> -0.01754386
B36: Packaging Bekasi | C36: =C7+D7 -> 34 | D36: =E7+F7 -> 105 | E36: =SUM(C36:D36) -> 139 | F36: =I7+J7 -> 32 | G36: =K7+L7 -> 104 | H36: =SUM(F36:G36) -> 136 | I36: =(F36-C36)/C36 -> -0.058823529 | J36: =(G36-D36)/D36 -> -0.0095238095 | K36: =H36-E36 -> -3 | L36: =(H36-E36)/E36 -> -0.021582734
B37: Shoppingbag | C37: =C8+D8 -> 37 | D37: =E8+F8 -> 149 | E37: =SUM(C37:D37) -> 186 | F37: =I8+J8 -> 35 | G37: =K8+L8 -> 149 | H37: =SUM(F37:G37) -> 184 | I37: =(F37-C37)/C37 -> -0.054054054 | J37: =(G37-D37)/D37 -> 0 | K37: =H37-E37 -> -2 | L37: =(H37-E37)/E37 -> -0.010752688
B38: Temapack | C38: =C9+D9 -> 5 | D38: =E9+F9 -> 5 | E38: =SUM(C38:D38) -> 10 | F38: =I9+J9 -> 5 | G38: =K9+L9 -> 5 | H38: =SUM(F38:G38) -> 10 | I38: =(F38-C38)/C38 -> 0 | J38: 0 | K38: =H38-E38 -> 0 | L38: =(H38-E38)/E38 -> 0
B39: TWL | C39: =C10+D10 -> 28 | D39: =E10+F10 -> 98 | E39: =SUM(C39:D39) -> 126 | F39: =I10+J10 -> 28 | G39: =K10+L10 -> 98 | H39: =SUM(F39:G39) -> 126 | I39: =(F39-C39)/C39 -> 0 | J39: =(G39-D39)/D39 -> 0 | K39: =H39-E39 -> 0 | L39: =(H39-E39)/E39 -> 0
B40: SBU PACKAGING | C40: =SUM(C35:C39) -> 146 | D40: =SUM(D35:D39) -> 486 | E40: =SUM(E35:E39) -> 632 | F40: =SUM(F35:F39) -> 141 | G40: =SUM(G35:G39) -> 483 | H40: =SUM(H35:H39) -> 624 | I40: =(F40-C40)/C40 -> -0.034246575 | J40: =(G40-D40)/D40 -> -0.0061728395 | K40: =SUM(K34:K39) -> -8 | L40: =(H40-E40)/E40 -> -0.012658228
B42: BIAYA SDM
B43: Cabang | C43: Kebutuhan Fix cost karyawan | D43: Kebutuhan Fix cost OS | E43: Total Kebutuhan Biaya | F43: Existing Fix Cost Karyawan | G43: Existing Fix Cost PHL | H43: Total Biaya Existing | I43: rasio fix cost karyawan | J43: rasio fix cost OS | K43: Omset/bulan | L43: Biaya/Omset
B44: Packaging Surabaya | C44: =C16+D16 -> 256650806 | D44: =E16+F16 -> 284382800 | E44: =$C$44+D44 -> 541033606 | F44: =I16+J16 -> 251925327 | G44: =K16+L16 -> 269339075 | H44: =F44+G44 -> 521264402 | I44: =(F44-C44)/C44 -> -0.018412095 | J44: =(G44-D44)/D44 -> -0.05289956 | K44: 3000000000 | L44: =H44/K44 -> 0.1737548
B45: Packaging Bekasi | C45: =C17+D17 -> 241951749 | D45: =E17+F17 -> 248903515 | E45: =C45+D45 -> 490855264 | F45: =I17+J17 -> 215855434 | G45: =K17+L17 -> 248903515 | H45: =F45+G45 -> 464758949 | I45: =(F45-C45)/C45 -> -0.10785752 | J45: =(G45-D45)/D45 -> 0 | K45: 2700000000 | L45: =H45/K45 -> 0.17213294
B46: Shoppingbag | C46: =C18+D18 -> 201508854 | D46: =E18+F18 -> 359672813 | E46: =C46+D46 -> 561181667 | F46: =I18+J18 -> 191070328 | G46: =K18+L18 -> 359672813 | H46: =F46+G46 -> 550743141 | I46: =(F46-C46)/C46 -> -0.051801823 | J46: =(G46-D46)/D46 -> 0 | K46: 2500000000 | L46: =H46/K46 -> 0.22029726
B47: Temapack | C47: =C19+D19 -> 30132270 | D47: =E19+F19 -> 14375000 | E47: =C47+D47 -> 44507270 | F47: =I19+J19 -> 30132270 | G47: =K19+L19 -> 14375000 | H47: =F47+G47 -> 44507270 | I47: =(F47-C47)/C47 -> 0 | J47: =(G47-D47)/D47 -> 0 | K47: 0 | L47: =H47/K47 -> #DIV/0!
B48: TWL | C48: =C20+D20 -> 129270001 | D48: =E20+F20 -> 158025000 | E48: =C48+D48 -> 287295001 | F48: =I20+J20 -> 129270001 | G48: =K20+L20 -> 158025000 | H48: =F48+G48 -> 287295001 | I48: =(F48-C48)/C48 -> 0 | J48: =(G48-D48)/D48 -> 0 | K48: 4000000000 | L48: =H48/K48 -> 0.07182375
B49: SBU PACKAGING | C49: =SUM(C44:C48) -> 859513680 | D49: =SUM(D44:D48) -> 1065359128 | E49: =SUM(E44:E48) -> 1924872808 | F49: =SUM(F44:F48) -> 818253360 | G49: =SUM(G44:G48) -> 1050315403 | H49: =SUM(H44:H48) -> 1868568763 | I49: =(F49-C49)/C49 -> -0.048004262 | J49: =(G49-D49)/D49 -> -0.014120802 | K49: =SUM(K43:K48) -> 12200000000 | L49: =(H49-E49)/E49 -> -0.029250787
B62: JUMLAH DATA OS SBU PACKAGING AKTIF
B63: CABANG | C63: JUMLAH | D63: Plan
B64: PACKAGING SURABAYA | C64: ='MAPPING ALL CABANG'!M92+'MAPPING ALL CABANG'!N92 -> 127
B65: PACKAGING BEKASI | C65: ='MAPPING ALL CABANG'!Y92+'MAPPING ALL CABANG'!Z92 -> 100
B66: SHOPPINGBAG | C66: ='MAPPING ALL CABANG'!AK92+'MAPPING ALL CABANG'!AL92 -> 135
B67: TEMAPACK | C67: ='MAPPING ALL CABANG'!AW92+'MAPPING ALL CABANG'!AX92 -> 0
B68: TWL | C68: ='SDM TWL 2024'!F136 -> 98 | D68: -
B69: TOTAL SBU PACK | C69: =SUM(C64:C68) -> 460
B71: TOTAL SDM KARYAWAN & PHL S/D FEBRUARI 2024
B72: CABANG | C72: TETAP | D72: KONTRAK | E72: OS | F72: JUMLAH
B73: PACKAGING SURABAYA | C73: =I6 -> 23 | D73: =J6 -> 18 | E73: =C64 -> 127 | F73: =C73+D73+E73 -> 168
B74: PACKAGING BEKASI | C74: =I7 -> 19 | D74: =J7 -> 13 | E74: =C65 -> 100 | F74: =C74+D74+E74 -> 132
B75: SHOPPINGBAG | C75: =I8 -> 14 | D75: =J8 -> 21 | E75: =C66 -> 135 | F75: =C75+D75+E75 -> 170
B76: TEMAPACK | C76: =I9 -> 4 | D76: =J9 -> 1 | E76: =C67 -> 0 | F76: =C76+D76+E76 -> 5
B77: TWL | C77: =I10 -> 24 | D77: =J10 -> 4 | E77: =C68 -> 98 | F77: =C77+D77+E77 -> 126
B78: TOTAL SBU PACK | C78: =SUM(C73:C77) -> 84 | D78: =SUM(D73:D77) -> 57 | E78: =SUM(E73:E77) -> 460 | F78: =SUM(F73:F77) -> 601
B83: UPDATE 10/03/2022
B84: JUMLAH SDM KARYAWAN SBU PACKAGING
B86: CABANG | C86: TETAP | D86: KONTRAK | E86: JUMLAH | F86: Plan
B87: PACKAGING SURABAYA | C87: 20 | D87: 19 | E87: =C87+D87 -> 39 | F87: Penambahan 1 karyawan mesin CD 5 & 1 posisi Kadiv Teknik
B88: PACKAGING BEKASI | C88: 18 | D88: 17 | E88: =C88+D88 -> 35 | F88: Penambahan 1 karyawan purchasing & 1 karyawan piutang
B89: SHOPPINGBAG | C89: 2 | D89: 12 | E89: =C89+D89 -> 14 | F89: -
B90: TEMAPACK | C90: 11 | D90: 7 | E90: =C90+D90 -> 18 | F90: Penambahan 1 Leader Marketing & 1 karyawan design
B91: JO MALANG | C91: 24 | D91: 4 | E91: =C91+D91 -> 28 | F91: -
B92: TOTAL SBU PACK | C92: =SUM(C87:C91) -> 75 | D92: =SUM(D87:D91) -> 59 | E92: =C92+D92 -> 134
B94: JUMLAH DATA KBM SBU PACKAGING AKTIF
B95: CABANG | C95: JUMLAH | D95: Plan
B96: PACKAGING SURABAYA | C96: 82 | D96: Penambahan 3 HL mesin CD 5
B97: PACKAGING BEKASI | C97: 72 | D97: Penambahan 2 HL mesin Lem
B98: SHOPPINGBAG | C98: 18 | D98: -
B99: TEMAPACK | C99: 9 | D99: Penambahan 2 HL mesin Molding J08 Line 1
B100: JO MALANG | C100: 87 | D100: -
B101: TOTAL SBU PACK | C101: =SUM(C96:C100) -> 268
B104: TOTAL SDM KARYAWAN & PHL S/D MARET 2022
B105: CABANG | C105: TETAP | D105: KONTRAK | E105: KBM | F105: JUMLAH
B106: PACKAGING SURABAYA | C106: =C87 -> 20 | D106: =D87 -> 19 | E106: =C96 -> 82 | F106: =C106+D106+E106 -> 121
B107: PACKAGING BEKASI | C107: =C88 -> 18 | D107: =D88 -> 17 | E107: =C97 -> 72 | F107: =C107+D107+E107 -> 107
B108: SHOPPINGBAG | C108: =C87 -> 20 | D108: =D87 -> 19 | E108: =#REF! -> #REF! | F108: =C108+D108+E108 -> #REF!
B109: TEMAPACK | C109: =C90 -> 11 | D109: =D90 -> 7 | E109: =C99 -> 9 | F109: =C109+D109+E109 -> 27
B110: JO MALANG | C110: 24 | D110: 4 | E110: 87 | F110: =C110+D110+E110 -> 115
B111: TOTAL SBU PACK | C111: =SUM(C106:C110) -> 93 | D111: =SUM(D106:D110) -> 66 | E111: =SUM(E106:E110) -> #REF! | F111: =SUM(F106:F110) -> #REF!

Sheet MAPPING KARAH
C3: DATA TAHUN 2024 | E3: PACK KARAH
C4: DEPARTEMEN | D4: POSISI | E4: KEBUTUHAN | K4: EXISTING
E5: Tetap Fix | F5: Kontrak Fix | G5: OS Fix | H5: OS Variabel | I5: TOTAL KEBUTUHAN (Jumlah) | J5: TOTAL KEBUTUHAN (Nominal) | K5: Tetap Fix | L5: Kontrak Fix | M5: OS Fix | N5: OS Variabel | O5: TOTAL EXISTING (Jumlah) | P5: TOTAL EXISTING (Nominal)
C8: GM | D8: GM | F8: 1 | I8: =SUM(E8:H8) -> 1 | L8: 1 | O8: =SUM(K8:N8) -> 1
C9: Manager/BM/OM | D9: OM | E9: 1 | I9: =SUM(E9:H9) -> 1 | K9: 1 | O9: =SUM(K9:N9) -> 1
D10: STAFF HRD | F10: 1 | I10: =SUM(E10:H10) -> 1 | L10: 1 | O10: =SUM(K10:N10) -> 1
D11: GA/UMUM : AREA PRODUKSI | G11: 1 | I11: 1 | M11: 1 | O11: 1
C12: PEMASARAN | D12: KADIV MARKETING | E12: 1 | I12: =SUM(E12:H12) -> 1 | K12: 1 | O12: =SUM(K12:N12) -> 1
D13: MARKETING | E13: 3 | I13: =SUM(E13:H13) -> 3 | K13: 2 | O13: =SUM(K13:N13) -> 2
D14: ADMIN MKT | G14: 1 | I14: =SUM(E14:H14) -> 1 | M14: 1 | O14: =SUM(K14:N14) -> 1
D15: MARKETING SUPPORT | F15: 1 | I15: =SUM(E15:H15) -> 1 | L15: 1 | O15: =SUM(K15:N15) -> 1
C16: PPIC | D16: KADIV PPIC | E16: 1 | I16: =SUM(E16:H16) -> 1 | K16: 1 | O16: =SUM(K16:N16) -> 1
D17: STAFF PPIC | E17: 1 | I17: =SUM(E17:H17) -> 1 | K17: 1 | O17: =SUM(K17:N17) -> 1
D18: ADM PPIC | G18: 2 | I18: =SUM(E18:H18) -> 2 | M18: 2 | O18: =SUM(K18:N18) -> 2
D19: STAFF GBB | F19: 1 | I19: =SUM(E19:H19) -> 1 | L19: 1 | O19: =SUM(K19:N19) -> 1
D20: STAFF GBJ | E20: 1 | G20: 1 | I20: =SUM(E20:H20) -> 2 | K20: 1 | M20: 1 | O20: =SUM(K20:N20) -> 2
D21: EKSPEDISI - ADMIN EKSPEDISI | G21: 4 | I21: =SUM(E21:H21) -> 4 | M21: 4 | O21: =SUM(K21:N21) -> 4
C22: ACC & FINANCE | D22: KADIV ACCOUNTING | E22: 1 | I22: =SUM(E22:H22) -> 1 | K22: 1 | O22: =SUM(K22:N22) -> 1
D23: KEUANGAN KASIR | G23: 1 | I23: =SUM(E23:H23) -> 1 | M23: 1 | O23: =SUM(K23:N23) -> 1
C24: PEMBELIAN | D24: PEMBELIAN | F24: 1 | I24: =SUM(E24:H24) -> 1 | L24: 1 | O24: =SUM(K24:N24) -> 1
C25: QC | D25: KADIV QC | F25: 1 | I25: =SUM(E25:H25) -> 1 | L25: 1 | O25: =SUM(K25:N25) -> 1
D26: QC | E26: 1 | F26: 3 | G26: 2 | I26: =SUM(E26:H26) -> 6 | K26: 1 | L26: 3 | O26: =SUM(K26:N26) -> 4
C27: D&D | D27: KADIV D&D | E27: 1 | I27: =SUM(E27:H27) -> 1 | K27: 1 | O27: =SUM(K27:N27) -> 1
D28: STAFF D&D | E28: 1 | I28: =SUM(E28:H28) -> 1 | K28: 1 | O28: =SUM(K28:N28) -> 1
C29: PRODUKSI | D29: KADIV/ WAKADIV PRODUKSI | F29: 1 | I29: =SUM(E29:H29) -> 1 | L29: 1 | O29: =SUM(K29:N29) -> 1
D30: KARU/WAKARU PRODUKSI | E30: 2 | F30: 1 | I30: =SUM(E30:H30) -> 3 | K30: 2 | L30: 1 | O30: =SUM(K30:N30) -> 3
D31: ADM PRODUKSI | G31: 1 | I31: =SUM(E31:H31) -> 1 | M31: 1 | O31: =SUM(K31:N31) -> 1
D32: PRE PRESS (PROCESSOR GRAFMAC) | E32: 1 | F32: 1 | G32: 1 | I32: =SUM(E32:H32) -> 3 | K32: 1 | L32: 1 | M32: 1 | O32: =SUM(K32:N32) -> 3
D33: PRE PRESS (PLATMAKER CTP AGFA) | F33: 1 | I33: 1 | L33: 1 | O33: 1
D34: PRE PRESS (DIGITAL PROOFING DF4408) | F34: 1 | I34: 1 | L34: 1 | O34: 1
D35: PRE PRESS (PLOTTER SUPERSONIC) | F35: 1 | I35: 1 | L35: 1 | O35: 1
D36: MESIN POTONG (POLAR 137EMC-MON) | G36: 3 | I36: =SUM(E36:H36) -> 3 | M36: 3 | O36: =SUM(K36:N36) -> 3
D37: CETAK SHEET (HEIDELBERGH) | G37: 12 | I37: =SUM(E37:H37) -> 12 | M37: 12 | O37: =SUM(K37:N37) -> 12
D38: CETAK SHEET (KOENIG & BAUER) | E38: 1 | F38: 2 | G38: 12 | I38: =SUM(E38:H38) -> 15 | K38: 1 | L38: 2 | M38: 12 | O38: =SUM(K38:N38) -> 15
D39: DIECUT/PUNCH MACHINE (ETERNA) | G39: 6 | I39: =SUM(E39:H39) -> 6 | M39: 6 | O39: =SUM(K39:N39) -> 6
D40: DIECUT/PUNCH MACHINE (BRAUSSE) | E40: 1 | F40: 1 | G40: 4 | I40: =SUM(E40:H40) -> 6 | K40: 1 | L40: 1 | M40: 4 | O40: =SUM(K40:N40) -> 6
D41: VARNISH MACHINE (UV HOCK 1060) | G41: 6 | I41: =SUM(E41:H41) -> 6 | M41: 6 | O41: =SUM(K41:N41) -> 6
D42: KOPEK (WASTE STRIPPER MACHINE) | H42: 9 | I42: =SUM(E42:H42) -> 9 | N42: 9 | O42: =SUM(K42:N42) -> 9
D43: FOLDER GLUER (JINN YEU 1000) | E43: 1 | G43: 11 | I43: =SUM(E43:H43) -> 12 | K43: 1 | M43: 11 | O43: =SUM(K43:N43) -> 12
D44: FOLDER GLUER (JINN YEU 650) | E44: 1 | G44: 11 | I44: =SUM(E44:H44) -> 12 | K44: 1 | M44: 11 | O44: =SUM(K44:N44) -> 12
D45: PACKING | H45: 12 | I45: =SUM(E45:H45) -> 12 | N45: 12 | O45: =SUM(K45:N45) -> 12
D46: SORTIR | E46: 1 | G46: 21 | I46: =SUM(E46:H46) -> 22 | K46: 1 | M46: 21 | O46: =SUM(K46:N46) -> 22
D47: LAMINATING MACHINE (DLG-KGM) | G47: 2 | I47: =SUM(E47:H47) -> 2 | M47: 2 | O47: =SUM(K47:N47) -> 2
D48: LAMINATING MACHINE (HUAWEI FM1000) | G48: 2 | I48: =SUM(E48:H48) -> 2 | M48: 2 | O48: =SUM(K48:N48) -> 2
D49: WINDOW PATCHING ZKT700B | G49: 2 | I49: =SUM(E49:H49) -> 2 | M49: 2 | O49: =SUM(K49:N49) -> 2
D50: KARU/WAKARU TEKNIK | E50: 1 | I50: =SUM(E50:H50) -> 1 | K50: 1 | O50: =SUM(K50:N50) -> 1
D51: MEKANIK | E51: 2 | G51: 2 | I51: =SUM(E51:H51) -> 4 | K51: 2 | M51: 2 | O51: =SUM(K51:N51) -> 4
D52: ELEKTRIK | E52: 1 | I52: =SUM(E52:H52) -> 1 | K52: 1 | O52: =SUM(K52:N52) -> 1
C53: TOTAL SDM | E53: =SUM(E8:E52) -> 24 | F53: =SUM(F8:F52) -> 18 | G53: =SUM(G8:G52) -> 108 | H53: =SUM(H8:H52) -> 21 | I53: =SUM(I8:I52) -> 171 | K53: =SUM(K5:K52) -> 23 | L53: =SUM(L8:L52) -> 18 | M53: =SUM(M8:M52) -> 106 | N53: =SUM(N8:N52) -> 21 | O53: =SUM(O8:O52) -> 168
C81: DATA TAHUN 2023
C82: DEPARTEMEN | D82: POSISI | I82: PACK KARAH
I83: KEBUTUHAN | K83: TETAP | L83: KONTRAK | M83: PHL | O83: TOTAL
C86: GM | D86: GM
C87: BM | D87: OM | I87: 1 | K87: 1 | O87: =SUM(K87:M87) -> 1
C88: HRD UMUM | D88: STAFF HRD | I88: 1 | L88: 1 | O88: 1
D89: UMUM | O89: =SUM(K89:M89) -> 0
D90: SECURITY | O90: 0
C91: PEMASARAN | D91: MARKETING | I91: 4 | K91: 3 | O91: =SUM(K91:M91) -> 3
D92: ADMIN MKT | I92: 1 | M92: 1 | O92: =SUM(K92:M92) -> 1
C93: IT | D93: IT | O93: 0
C94: PPIC | D94: STAFF PPIC | I94: 1 | K94: 1 | O94: =SUM(K94:M94) -> 1
D95: KADIV PPIC | I95: 1 | L95: 1 | O95: =SUM(K95:M95) -> 1
D96: ADM PPIC | I96: 2 | M96: 2 | O96: =SUM(K96:M96) -> 2
D97: STAFF GBB | I97: 1 | L97: 2 | O97: =SUM(K97:M97) -> 2
A98: N | D98: EKSPEDISI | I98: 4 | M98: 4 | O98: =SUM(K98:M98) -> 4
D99: STAFF GBJ | I99: 2 | K99: 1 | M99: 4 | N99: 2 | O99: =SUM(K99:N99) -> 7
C100: ACC & FINANCE | D100: KADIV/STAFF ACC | I100: 1 | L100: 1 | O100: =SUM(K100:M100) -> 1
D101: KEUANGAN KASIR | O101: =SUM(K101:M101) -> 0
D102: ADMIN PIUTANG | O102: =SUM(K102:M102) -> 0
D103: PENAGIHAN | O103: =SUM(K103:M103) -> 0
C104: PEMBELIAN | D104: PEMBELIAN | I104: 1 | L104: 1 | O104: =SUM(K104:M104) -> 1
C105: QC | D105: QC | I105: 8 | K105: 3 | L105: 5 | O105: =SUM(K105:M105) -> 8
C106: D&D | D106: KARU D&D | O106: =SUM(K106:M106) -> 0
D107: STAFF D&D | I107: 1 | L107: 1 | O107: =SUM(K107:M107) -> 1
C108: PRACETAK | D108: STAFF PRACETAK | L108: 1 | O108: =SUM(K108:M108) -> 1
C109: PRODUKSI | D109: KADIV PRODUKSI | I109: 1 | L109: 1 | O109: =SUM(K109:M109) -> 1
D110: WAKADIV PRODUKSI | O110: =SUM(K110:M110) -> 0
D111: KARU PRODUKSI | I111: 1 | K111: 1 | O111: =SUM(K111:M111) -> 1
D112: ADM PRODUKSI | I112: 1 | M112: 1 | O112: =SUM(K112:M112) -> 1
C113: PRODUKSI | D113: PRE PRESS | I113: 3 | K113: 1 | M113: 2 | O113: =SUM(K113:M113) -> 3
D114: PISAU PUNCH | O114: =SUM(K114:M114) -> 0
D115: TINTA MIXING | O115: =SUM(K115:M115) -> 0
D116: MESIN POTONG 1 | I116: 6 | M116: 6 | O116: =SUM(K116:M116) -> 6
D117: MESIN POTONG 2 | O117: =SUM(K117:M117) -> 0
D118: MESIN POTONG 3 | O118: =SUM(K118:M118) -> 0
D119: CETAK SHEET 1 | O119: =SUM(K119:M119) -> 0
D120: CETAK SHEET 2 | I120: 23 | K120: 2 | L120: 1 | M120: 16 | O120: =SUM(K120:M120) -> 19
D121: DIECUT 1 (degel) | I121: 6 | L121: 1 | M121: 5 | O121: =SUM(K121:M121) -> 6
D122: DIECUT 2 | I122: 6 | L122: 1 | M122: 5 | O122: =SUM(K122:M122) -> 6
D123: UV | I123: 6 | K123: 1 | M123: 5 | O123: =SUM(K123:M123) -> 6
D124: KOPEK | I124: 3 | K124: 1 | L124: 2 | O124: =SUM(K124:M124) -> 3
D125: FOLDER GLUER 1 | I125: 12 | M125: 12 | O125: =SUM(K125:M125) -> 12
D126: FOLDER GLUER 2 | I126: 8 | K126: 1 | M126: 7 | O126: =SUM(K126:M126) -> 8
D127: SQUARE BOTTOM 1 (FJ14) | O127: =SUM(K127:M127) -> 0
D128: SQUARE BOTTOM 2 (FJ13) | O128: =SUM(K128:M128) -> 0
D129: SHEETER | O129: =SUM(K129:M129) -> 0
D130: SLITING | O130: 0
D131: HANDLE | O131: =SUM(K131:M131) -> 0
D132: LAMINASI | O132: =SUM(K132:M132) -> 0
D133: AUTO PACK 1 | O133: =SUM(K133:M133) -> 0
...

Sheet MAPPING PACK BEKASI
C3: DATA TAHUN 2024 | E3: PACKAGING BEKASI
C4: DEPARTEMEN | D4: POSISI | E4: KEBUTUHAN | K4: EXISTING
E5: Tetap Fix | F5: Kontrak Fix | G5: OS Fix | H5: OS Variabel | I5: TOTAL KEBUTUHAN (Jumlah) | J5: TOTAL KEBUTUHAN (Nominal) | K5: Tetap Fix | L5: Kontrak Fix | M5: OS Fix | N5: OS Variabel | O5: TOTAL EXISTING (Jumlah) | P5: TOTAL EXISTING (Nominal)
C8: GM | D8: GM | I8: =SUM(E8:H8) -> 0 | O8: =SUM(K8:N8) -> 0
C9: Manager/BM/OM | D9: OM | I9: =SUM(E9:H9) -> 0 | O9: =SUM(K9:N9) -> 0
D10: ASMEN | E10: 1 | I10: =SUM(E10:H10) -> 1 | K10: 1 | O10: =SUM(K10:N10) -> 1
C11: HRD UMUM | D11: KARU HRD | I11: =SUM(E11:H11) -> 0 | O11: =SUM(K11:N11) -> 0
D12: STAFF HRD | F12: 1 | I12: =SUM(E12:H12) -> 1 | L12: 1 | O12: =SUM(K12:N12) -> 1
D13: KARU GA | E13: 1 | I13: =SUM(E13:H13) -> 1 | K13: 1 | O13: =SUM(K13:N13) -> 1
D14: GA/UMUM : AREA KANTOR | G14: 1 | I14: =SUM(E14:H14) -> 1 | M14: 1 | O14: =SUM(K14:N14) -> 1
D15: GA/UMUM : AREA PRODUKSI | G15: 1 | I15: =SUM(E15:H15) -> 1 | M15: 1 | O15: =SUM(K15:N15) -> 1
D16: GA/UMUM : AFVAL | G16: 2 | I16: =SUM(E16:H16) -> 2 | M16: 2 | O16: =SUM(K16:N16) -> 2
D17: SECURITY | G17: 2 | I17: =SUM(E17:H17) -> 2 | M17: 2 | O17: =SUM(K17:N17) -> 2
C18: PEMASARAN | D18: KADIV MARKETING | F18: 1 | I18: =SUM(E18:H18) -> 1 | L18: 1 | O18: =SUM(K18:N18) -> 1
D19: MARKETING | F19: 1 | I19: =SUM(E19:H19) -> 1 | L19: 1 | O19: =SUM(K19:N19) -> 1
D20: ADMIN MKT | E20: 1 | I20: =SUM(E20:H20) -> 1 | K20: 1 | O20: =SUM(K20:N20) -> 1
D21: MARKETING SUPPORT | I21: =SUM(E21:H21) -> 0 | O21: =SUM(K21:N21) -> 0
C22: IT | D22: STAFF IT | F22: 1 | I22: =SUM(E22:H22) -> 1 | O22: =SUM(K22:N22) -> 0
C23: PPIC | D23: KADIV PPIC | I23: =SUM(E23:H23) -> 0 | O23: =SUM(K23:N23) -> 0
D24: KARU PPIC | I24: =SUM(E24:H24) -> 0 | O24: =SUM(K24:N24) -> 0
D25: STAFF PPIC | F25: 1 | I25: =SUM(E25:H25) -> 1 | L25: 1 | O25: =SUM(K25:N25) -> 1
D26: ADM PPIC | I26: =SUM(E26:H26) -> 0 | O26: =SUM(K26:N26) -> 0
D27: KARU GUDANG | I27: =SUM(E27:H27) -> 0 | O27: =SUM(K27:N27) -> 0
D28: STAFF GBB | F28: 1 | I28: =SUM(E28:H28) -> 1 | L28: 1 | O28: =SUM(K28:N28) -> 1
D29: STAFF GUDANG SPAREPART | F29: 1 | I29: =SUM(E29:H29) -> 1 | L29: 1 | O29: =SUM(K29:N29) -> 1
D30: STAFF GBJ | G30: 1 | I30: =SUM(E30:H30) -> 1 | M30: 1 | O30: =SUM(K30:N30) -> 1
D31: STAFF EKSPEDISI | E31: 1 | I31: =SUM(E31:H31) -> 1 | K31: 1 | O31: =SUM(K31:N31) -> 1
D32: EKSPEDISI - ADMIN EKSPEDISI | G32: 1 | I32: =SUM(E32:H32) -> 1 | M32: 1 | O32: =SUM(K32:N32) -> 1
D33: EKSPEDISI - SOPIR/DRIVER | G33: 2 | I33: =SUM(E33:H33) -> 2 | M33: 2 | O33: =SUM(K33:N33) -> 2
D34: EKSPEDISI - HELPER/LOADING | G34: 1 | I34: =SUM(E34:H34) -> 1 | M34: 1 | O34: =SUM(K34:N34) -> 1
D35: MATERIAL HANDLING | G35: 2 | I35: =SUM(E35:H35) -> 2 | M35: 2 | O35: =SUM(K35:N35) -> 2
C36: ACC & FINANCE | D36: KADIV ACCOUNTING | I36: =SUM(E36:H36) -> 0 | O36: =SUM(K36:N36) -> 0
D37: STAFF ACCOUNTING | F37: 1 | G37: 1 | I37: =SUM(E37:H37) -> 2 | M37: 1 | O37: =SUM(K37:N37) -> 1
D38: KEUANGAN KASIR | G38: 1 | I38: =SUM(E38:H38) -> 1 | M38: 1 | O38: =SUM(K38:N38) -> 1
D39: KARU PIUTANG | I39: =SUM(E39:H39) -> 0 | O39: =SUM(K39:N39) -> 0
D40: STAFF PIUTANG | G40: 1 | I40: =SUM(E40:H40) -> 1 | O40: =SUM(K40:N40) -> 0
D41: PENAGIHAN | I41: =SUM(E41:H41) -> 0 | O41: =SUM(K41:N41) -> 0
D42: INVOICING | G42: 1 | I42: =SUM(E42:H42) -> 1 | M42: 1 | O42: =SUM(K42:N42) -> 1
C43: PEMBELIAN | D43: PEMBELIAN | E43: 1 | G43: 1 | I43: =SUM(E43:H43) -> 2 | K43: 1 | M43: 1 | O43: =SUM(K43:N43) -> 2
C44: QC | D44: KADIV QC | I44: =SUM(E44:H44) -> 0 | O44: =SUM(K44:N44) -> 0
D45: KARU QC | E45: 1 | I45: =SUM(E45:H45) -> 1 | K45: 1 | O45: =SUM(K45:N45) -> 1
D46: QC | E46: 1 | G46: =2+4 -> 6 | I46: =SUM(E46:H46) -> 7 | K46: 1 | M46: =2+4 -> 6 | O46: =SUM(K46:N46) -> 7
C47: D&D | D47: KADIV D&D | I47: =SUM(E47:H47) -> 0 | O47: =SUM(K47:N47) -> 0
D48: KARU D&D | E48: 1 | F48: 1 | I48: =SUM(E48:H48) -> 2 | K48: 1 | L48: 1 | O48: =SUM(K48:N48) -> 2
D49: STAFF D&D | G49: 1 | I49: =SUM(E49:H49) -> 1 | M49: 1 | O49: =SUM(K49:N49) -> 1
C50: PRODUKSI | D50: KADIV/ WAKADIV PRODUKSI | E50: 1 | I50: =SUM(E50:H50) -> 1 | K50: 1 | O50: =SUM(K50:N50) -> 1
D51: KARU/WAKARU PRODUKSI | E51: 1 | I51: =SUM(E51:H51) -> 1 | K51: 1 | O51: =SUM(K51:N51) -> 1
D52: ADM PRODUKSI | G52: 1 | I52: =SUM(E52:H52) -> 1 | M52: 1 | O52: =SUM(K52:N52) -> 1
D53: BUAT PISAU PUNCH | E53: 1 | I53: =SUM(E53:H53) -> 1 | K53: 1 | O53: =SUM(K53:N53) -> 1
D54: TINTA MIXING | E54: 1 | I54: =SUM(E54:H54) -> 1 | K54: 1 | O54: =SUM(K54:N54) -> 1
D55: MESIN POTONG NAGAI 1 | G55: 1 | I55: =SUM(E55:H55) -> 1 | M55: 1 | O55: =SUM(K55:N55) -> 1
D56: CETAK SHEET 1 (HEIDELBERGH CD 6) | E56: 2 | F56: 5 | G56: =1+1+3 -> 5 | I56: =SUM(E56:H56) -> 12 | K56: 2 | L56: 5 | M56: =1+1+3 -> 5 | O56: =SUM(K56:N56) -> 12
