Workbook
Name DUEFROMCOUNTERPART: #REF!
Name CURRLTDDIFFPAYMONFAACQ: #REF!
Name PAGEBS: #REF!
Name TY: #REF!
Name E1A: #REF!
Name accumdeprbegbalfurniture_Fixture: #REF!
Name Monthof2004: #REF!
Name APDEFERREDTAX: #REF!
Name ref_SBLC: #REF!
Name APSUBSCON: #REF!
Name LIABFORRETIREMENTBENEFIT: #REF!
Name cy_net_income: #REF!
Name liftingsum: #REF!
Name py_net_income: #REF!
Name L1A: #REF!
Name Prd_CopyAll: #REF!
Name W: #REF!
Name CURRLTDDIFFPAYMONFAACQ: #REF!
Name Excel_BuiltIn_Print_Area_5: #REF!
Name APOTHTHIRD: #REF!
Name NOTESPAYABLE: #REF!
Name DUETOCOUNTERPART: #REF!
Name DUETOSTOCKHOLDER: #REF!
Name KKM: #REF!
Name Excel_BuiltIn_Print_Area_4: #REF!
Name N1B: #REF!
Name _R1A: #REF!
Name DUEFROMAFFCO: #REF!
Name Excel_BuiltIn_Print_Area_3: #REF!
Name J1B: #REF!
Name Excel_BuiltIn_Print_Area_11: #REF!
Name Excel_BuiltIn_Print_Titles_10: #REF!
Name kopRIN: #REF!
Name yy: #REF!
Name STK: #REF!
Name DUETOAFFCO: #REF!
Name dhjk: #REF!
Name J1A: #REF!
Name kopRIN: #REF!
Name LIABFORRETIREMENTBENEFIT: #REF!
Name ADVFORACQUISITIONOFINVESTMENT: #REF!
Name N1B: #REF!
Name DUEFROMAFFCON: #REF!
Name DUEFROMOTHSTOCKHOLDER: #REF!
Name ccc: #REF!
Name ARTRADTHIRD: #REF!
Name SHEET4: Sheet1!$BS$61:$BV$61
Name Excel_BuiltIn_Print_Titles_4: #REF!
Name ADVANCES: #REF!
Name E1A: #REF!
Name Attachment_16.2: #REF!
Name Excel_BuiltIn_Print_Area_17: #REF!
Name jjddll: #REF!
Name DIFFINVALUEOFTRANSACTIONWITHUCC: #REF!
Name Monthof2004: #REF!
Name CURRLTDLOAN: #REF!
Name L1A: #REF!
Name APAFFCON: #REF!
Name searchsuratjalan: #REF!
Name KKM: #REF!

Sheet Jobdesc
A1: DATA KARYAWAN SBU PERCETAKAN KOMERSIAL
A2: PERIODE FEBRUARI 2023 | H2: KRY+HL
C3: =SUBTOTAL(103,C6:C495) -> 17 | H3: =A3+G3 -> 0 | I3: =SUBTOTAL(109,I6:I251) -> 0
A4: Cabang | B4: No | C4: Nama Pegawai | D4: Jabatan | E4: Level | F4: Departemen | G4: Cost Center | H4: status | I4: SDM HL
A6: SMG | B6: 1 | C6: DETA LIANA PUSPITA RIA | D6: Accounting | E6: Staff/Operator | F6: Accounting/Finan ce | G6: Akuntansi | H6: Tetap
A7: SMG | B7: 2 | C7: YUNITA HERUWATI | D7: Piutang | E7: Staff/Operator | F7: Accounting/Finan ce | G7: Piutang | H7: Tetap
A8: SMG | B8: 3 | C8: NURUL KHANIFAH | D8: Karu HC | E8: Karu/Wakaru | F8: HRD & Umum | G8: HRD | H8: Tetap
A9: SMG | B9: 4 | C9: GINANJAR | D9: Umum | E9: Staff/Operator | F9: HRD & Umum | G9: Umum | H9: Tetap
A10: SMG | B10: 5 | C10: A. FERY ARDIANSAH | D10: Kadiv PPIC | E10: Kasi/Wakasi/Kadiv/W akadiv/Koordinator | F10: Product Planning Control | G10: PPIC | H10: Tetap
A11: SMG | B11: 6 | C11: AFFAN JULIARDI | D11: Kadiv PPIC | E11: Kasi/Wakasi/Kadiv/W akadiv/Koordinator | F11: Product Planning Control | G11: PPIC | H11: Tetap
A12: SMG | B12: 7 | C12: SUPRIYANTO | D12: Staff Gudang Barang Jadi | E12: Staff/Operator | F12: Product Planning Control | G12: Gudang B.Jadi | H12: Tetap
A13: SMG | B13: 8 | C13: AGUS SALIKIN | D13: Staff Gudang Sparepart & Bahan Baku | E13: Staff/Operator | F13: Product Planning Control | G13: PPIC | H13: Tetap
A14: SMG | B14: 9 | C14: RIZKY YANWARIO | D14: Staff Gudang Sparepart & Bahan Baku | E14: Staff/Operator | F14: Product Planning Control | G14: PPIC | H14: Tetap
A15: SMG | B15: 10 | C15: SOHIM SAIFUL HIDAYAT | D15: Staff Gudang Sparepart & Bahan Baku | E15: Staff/Operator | F15: Product Planning Control | G15: PPIC | H15: Tetap
A16: SMG | B16: 11 | C16: ACHMAD EDI YULIANTO | D16: Finishing | E16: Staff/Operator | F16: Produksi | G16: Finishing | H16: Tetap
A17: SMG | B17: 12 | C17: HARIYANTO | D17: Finishing | E17: Staff/Operator | F17: Produksi | G17: Finishing | H17: Tetap
... A105: SBY | B105: 100 | C105: YUSAK FAHRUR HAMZAH | D105: Assistant Manager Marketing | E105: Manager | F105: Manager/Branch Manager | G105: Manager Pemasaran | H105: Tetap
A106: SBY | B106: 101 | C106: YUNUS ANDRIANTO | D106: Admin Marketing Proyek | E106: Staff/Operator | F106: Pemasaran | G106: Pemasaran | H106: Tetap | I106: 1
A107: SBY | B107: 102 | C107: ZULKARNEN | D107: Admin Marketing Proyek | E107: Staff/Operator | F107: Pemasaran | G107: Pemasaran | H107: Tetap
A108: SBY | B108: 103 | C108: DIDIN KRISTIAWAN | D108: Admin. Marketing | E108: Staff/Operator | F108: Pemasaran | G108: Administrasi Pemasaran | H108: Tetap | I108: 1
A109: SBY | B109: 104 | C109: FELBY ANDELIA SUPRATIKNO | D109: Kadiv Marketing | E109: Kasi/Wakasi/Kadiv/W akadiv/Koordinator | F109: Pemasaran | G109: Pemasaran | H109: Tetap
A110: SBY | B110: 105 | C110: AGUS MAULID | D110: Marketing | E110: Staff/Operator | F110: Pemasaran | G110: Pemasaran | H110: Tetap
A111: SBY | B111: 106 | C111: ARI ARRAHIM | D111: Marketing | E111: Staff/Operator | F111: Pemasaran | G111: Pemasaran | H111: Tetap
A112: SBY | B112: 107 | C112: DANI SOTANTO | D112: Marketing | E112: Staff/Operator | F112: Pemasaran | G112: Pemasaran | H112: Tetap
A113: SBY | B113: 108 | C113: DWI THOFANI M THOYIB | D113: Marketing | E113: Staff/Operator | F113: Pemasaran | G113: Pemasaran | H113: Tetap | I113: 1
A114: SBY | B114: 109 | C114: HERMAN SUSANTO | D114: Marketing | E114: Staff/Operator | F114: Pemasaran | G114: Pemasaran | H114: Tetap
A115: SBY | B115: 110 | C115: RIZA CHOIRUL ANAS | D115: Marketing | E115: Staff/Operator | F115: Pemasaran | G115: Pemasaran | H115: Tetap
A116: SBY | B116: 111 | C116: RONI SUPRIYADI | D116: Marketing | E116: Staff/Operator | F116: Pemasaran | G116: Pemasaran | H116: Tetap
A117: SBY | B117: 112 | C117: SHANDI AMRI AZHAR | D117: Marketing | E117: Staff/Operator | F117: Pemasaran | G117: Pemasaran | H117: Tetap
A118: SBY | B118: 113 | C118: ACHMAD SAFII KARIM | D118: Staff Purchasing | E118: Staff/Operator | F118: Pembelian | G118: Pembelian | H118: Tetap
A119: SBY | B119: 114 | C119: ARIS DWI PURNOMO | D119: Staff Purchasing | E119: Staff/Operator | F119: Pembelian | G119: Pembelian | H119: Tetap
A120: SBY | B120: 115 | C120: UNTUNG WANTOYO | D120: Ekspedisi | E120: Staff/Operator | F120: Product Planning Control | G120: PPIC | H120: Tetap
A121: SBY | B121: 116 | C121: YAYAN SETIYO NUGROHO | D121: Kadiv PPIC | E121: Kasi/Wakasi/Kadiv/W akadiv/Koordinator | F121: Product Planning Control | G121: PPIC | H121: Tetap
A122: SBY | B122: 117 | C122: ASEP GUNAWAN | D122: Karu Gudang Bahan Baku | E122: Karu/Wakaru | F122: Product Planning Control | G122: Gudang B.Baku | H122: Tetap
A123: SBY | B123: 118 | C123: SUPRAPTO | D123: Staff Gudang Bahan Baku | E123: Staff/Operator | F123: Product Planning Control | G123: Gudang B.Baku | H123: Tetap
A124: SBY | B124: 119 | C124: TOMI SULISTIONO | D124: Staff Gudang Bahan Baku | E124: Staff/Operator | F124: Product Planning Control | G124: Gudang B.Baku | H124: Tetap
A125: SBY | B125: 120 | C125: ERIK ENGGAR PRASTYAWAN | D125: Staff Gudang Barang Jadi | E125: Staff/Operator | F125: Product Planning Control | G125: PPIC | H125: Tetap
... A201: SBY | B201: 196 | C201: SRI HANDAYANI | D201: Piutang | E201: Staff/Operator | F201: Accounting/Finan ce | G201: Piutang | H201: Kontrak 3
A202: SBY | B202: 197 | C202: ALFIAN IBNU SINA | D202: Staff Accounting | E202: Staff/Operator | F202: Accounting/Finan ce | G202: Akuntansi | H202: Kontrak 1 | I202: 1
A203: SBY | B203: 198 | C203: RADINA PRESTICA HIDAYAH | D203: Staff Accounting | E203: Staff/Operator | F203: Accounting/Finan ce | G203: Akuntansi | H203: Kontrak 3
A204: SBY | B204: 199 | C204: SOLEH HUDIN | D204: Umum | E204: Staff/Operator | F204: HRD & Umum | G204: Umum | H204: Kontrak pasca pensiun
A205: SBY | B205: 200 | C205: SUPRIYONO | D205: Umum | E205: Staff/Operator | F205: HRD & Umum | G205: Umum | H205: Kontrak pasca pensiun
A206: SBY | B206: 201 | C206: ARIS GUNAWAN | D206: Assistant Manager | E206: Manager | F206: Manager/Branch Manager | G206: Manager Product, Planning & Control | H206: Kontrak pasca pensiun
A207: SBY | B207: 202 | C207: SRI MULYANI | D207: Kadiv Marketing | E207: Kasi/Wakasi/Kadiv/W akadiv/Koordinator | F207: Pemasaran | G207: Pemasaran | H207: Kontrak pasca pensiun
A208: SBY | B208: 203 | C208: IKHWAN BUKHORI | D208: Marketing | E208: Staff/Operator | F208: Pemasaran | G208: Pemasaran | H208: Kontrak pasca pensiun
A209: SBY | B209: 204 | C209: MUHAMMAD | D209: Marketing | E209: Staff/Operator | F209: Pemasaran | G209: Pemasaran | H209: Kontrak pasca pensiun
A210: SBY | B210: 205 | C210: ACHMAD FERDINAL HARIS | D210: Staff Gudang Sentral Commercial Printing | E210: Staff/Operator | F210: Product Planning Control | G210: Gudang B.Jadi | H210: Kontrak 4
A211: SBY | B211: 206 | C211: EDY RIYANTO | D211: Kadiv Produksi | E211: Kasi/Wakasi/Kadiv/W akadiv/Koordinator | F211: Produksi | G211: Web | H211: Kontrak pasca pensiun
A212: SBY | B212: 207 | C212: MOHAMMAD NAJIB | D212: Karu Web | E212: Karu/Wakaru | F212: Produksi | G212: Web | H212: Kontrak pasca pensiun
A213: SBY | B213: 208 | C213: KATENO | D213: Op. Cetak Sheet | E213: Staff/Operator | F213: Produksi | G213: Sheet | H213: Kontrak pasca pensiun
A214: SBY | B214: 209 | C214: HERI SANTOSO | D214: Op. Cetak Web | E214: Staff/Operator | F214: Produksi | G214: Web | H214: Kontrak pasca pensiun
... A221: SBY | B221: 216 | C221: WAWAN DWI MURYANTO | D221: Wakaru Mekanik Komersial | E221: Karu/Wakaru | F221: Teknik | G221: Mekanik | H221: Kontrak pasca pensiun

Sheet Weekly
A1: BIAYA TENAGA KERJA SBU COMMERCIAL PRINTING
A2: BULAN MARET 2022
A4: COST CENTER SDM | B4: BEKASI | F4: BASO | J4: NGANJUK | N4: JEMBER | R4: BALI | V4: ALIANSI | Z4: SURABAYA
B5: Minggu 1 | D5: Minggu 2 | F5: Minggu 1 | H5: Minggu 2 | J5: Minggu 1 | L5: Minggu 2 | N5: Minggu 1 | P5: Minggu 2 | R5: Minggu 1 | T5: Minggu 2 | V5: Minggu 1 | X5: Minggu 2 | Z5: Minggu 1 | AB5: Minggu 2
B6: SDM | C6: BIAYA | D6: SDM | E6: BIAYA | F6: SDM | G6: BIAYA | H6: SDM | I6: BIAYA | J6: SDM | K6: BIAYA | L6: SDM | M6: BIAYA | N6: SDM | O6: BIAYA | P6: SDM | Q6: BIAYA | R6: SDM | S6: BIAYA | T6: SDM | U6: BIAYA | V6: SDM | W6: BIAYA | X6: SDM | Y6: BIAYA | Z6: SDM | AA6: BIAYA | AB6: SDM | AC6: BIAYA
A7: Tetap | B7: 16 | C7: 21055892 | D7: 16 | E7: 21055892 | F7: =27+1 -> 28 | G7: =26823891+1556362 -> 28380253 | H7: =27+1 -> 28 | I7: =26823891+1556362 -> 28380253 | J7: 24 | K7: 23770653 | L7: 24 | M7: 23770653 | N7: 8 | O7: 7885114 | P7: 8 | Q7: 7885114 | R7: 12 | S7: 14239193 | T7: 12 | U7: 14239193 | V7: 10 | W7: 13770459 | X7: 10 | Y7: 13770459 | Z7: 105 | AA7: 134221683 | AB7: 105 | AC7: 134221683
A8: Kontrak | B8: 9 | C8: 15634679 | D8: 9 | E8: 15634679 | F8: =4+1 -> 5 | G8: =7063704+2862769 -> 9926473 | H8: =4+1 -> 5 | I8: =7063704+2862769 -> 9926473 | J8: 5 | K8: 11090615 | L8: 5 | M8: 11090615 | N8: 1 | O8: 1157522 | P8: 1 | Q8: 1157522 | R8: 3 | S8: 3774162 | T8: 3 | U8: 3774162 | V8: 2 | W8: 2318236 | X8: 2 | Y8: 2318236 | Z8: 25 | AA8: 44147314 | AB8: 25 | AC8: 44147314
A9: Harian Lepas | R9: 3 | S9: 7166617 | Z9: 13 | AA9: 55910000 | AB9: 6 | AC9: 27845000
A10: Outsourcing | R10: 0 | S10: 0 | Z10: 6 | AA10: 24069213 | AB10: 3 | AC10: 12208037
A11: Omset

Sheet NOTE
B5: Jadwal pertemuan HC , para GM dgn mas rudi JP
B6: rencana kebutuhan tenaker
B10: TMG JOB ORDER, ADA BULAN LOW SEASON ( JAN - AWAL MARET ) DAN ADA HIGH SEASON
B11: REGULER & PROJEK
B13: KEBUTUHAN TENAGA KERJA :
B14: TENAKER DI SUSUN MENURUT PEKERJAAN REGULER --- > FIX COST
B15: KEBUTUHAN TENAKER YG SIFATNYA PROJEK DI SUSUN / DIRENCANAKAN SERTA DI LAPORKAN TERSENDIRI------> VARIABLE COST
B17: FIX COST :
A18: A | B18: MEMPUNYAI SKILL DAN TIDAK MUDAH DI GANTIKAN
A19: B | B19: OPERATOR MESIN
A20: C | B20: HARUS ADA SECARA JUMLAH
B23: VARIABLE COST :
A24: A | B24: SAAT ADA PROYEK
A25: B | B25: SAAT ADA TAMBAHAN OMZET - KONDISIONAL
B28: UP DATE LAPORAN SUSUNAN TENAKER
B30: CATATAN :
B31: chalenge kemapanan
B32: minimum th lalu saat ini beda
B33: lonjakan naik pemakluman , saat turun harus segera
B34: kewenangan penambahan tenaker untuk hl dan borongan ?
B40: mengadakan meeting off line dgn direksi secara detail sebelum hari kamis
B44: replace , tenaker yg tidak produktif atau "virus negativ"

Sheet sby update
A1: IDEAL KEBUTUHAN SDM PERKOM 2024 | AD1: IDEAL KEBUTUHAN SDM PERKOM 2023
A2: CABANG SURABAYA | AD2: CABANG SURABAYA
A3: NO | B3: DIVISI | D3: MESIN | E3: KEBUTUHAN (ORANG) | F3: SHIFT | G3: FIX | K3: VARIABEL -- PROJEK | N3: SHIFT | O3: BIAYA (RP) | P3: EXISTING | T3: BIAYA (RP) | W3: OUTPUT/OMSET (RP) | X3: RASIO (%) | Z3: KETERANGAN | AD3: NO | AE3: DIVISI | AG3: MESIN | AH3: KEBUTUHAN (ORANG) | AI3: SHIFT | AJ3: FIX | AN3: VARIABEL -- PROJEK | AQ3: SHIFT | AR3: BIAYA (RP) | AS3: EXISTING | AW3: BIAYA (RP) | AZ3: OUTPUT/OMSET (RP) | BA3: RASIO (%) | BC3: KETERANGAN
G4: TETAP | H4: KONTRAK | I4: OS/HL | J4: TOTAL | K4: OS/HL | L4: KET | M4: TOTAL | P4: TETAP | Q4: KONTRAK | R4: OS/HL | S4: total | T4: TETAP | U4: KONTRAK | V4: OS/HL | AJ4: TETAP | AK4: KONTRAK | AL4: OS/HL | AM4: TOTAL | AN4: OS/HL | AO4: KET | AP4: TOTAL | AS4: TETAP | AT4: KONTRAK | AU4: OS/HL | AV4: total | AW4: TETAP | AX4: KONTRAK | AY4: OS/HL
A5: TOTAL SDM/BIAYA | E5: =SUM(E6:E91) -> 273 | G5: =SUM(G6:G91) -> 109 | H5: =SUM(H6:H91) -> 27 | I5: =SUM(I6:I91) -> 137 | J5: =SUM(J6:J91) -> 273 | K5: =SUM(K6:K91) -> 83 | M5: =SUM(M6:M91) -> 83 | P5: =SUM(P6:P91) -> 102 | Q5: =SUM(Q6:Q91) -> 27 | R5: =SUM(R6:R91) -> 167 | S5: =SUM(S6:S91) -> 296 | T5: 531336731 | U5: 170439257 | V5: =SUM(V6:V91) -> 0 | AD5: TOTAL SDM/BIAYA | AH5: =SUM(AH6:AH91) -> 273 | AJ5: =SUM(AJ6:AJ91) -> 109 | AK5: =SUM(AK6:AK91) -> 27 | AL5: =SUM(AL6:AL91) -> 137 | AM5: =SUM(AM6:AM91) -> 273 | AN5: =SUM(AN6:AN91) -> 83 | AP5: =SUM(AP6:AP91) -> 83 | AS5: =SUM(AS6:AS91) -> 102 | AT5: =SUM(AT6:AT91) -> 27 | AU5: =SUM(AU6:AU91) -> 167 | AV5: =SUM(AV6:AV91) -> 296 | AW5: 531336731 | AX5: 170439257 | AY5: =SUM(AY6:AY91) -> 0
A6: 1 | B6: GM | E6: 1 | G6: 1 | J6: =SUM(G6:I6) -> 1 | M6: =K6 | Q6: 1 | S6: =SUM(P6:R6) -> 1 | Y6: =S6-E6 -> 0 | AD6: 1 | AE6: GM | AH6: 1 | AJ6: 1 | AM6: =SUM(AJ6:AL6) -> 1 | AP6: =AN6 | AT6: 1 | AV6: =SUM(AS6:AU6) -> 1 | BB6: =AV6-AH6 -> 0
A7: 2 | B7: MANAGER | E7: 1 | G7: 1 | J7: =SUM(G7:I7) -> 1 | M7: =K7 | Q7: 1 | S7: =SUM(P7:R7) -> 1 | Y7: =S7-E7 -> 0 | AD7: 2 | AE7: MANAGER | AH7: 1 | AJ7: 1 | AM7: =SUM(AJ7:AL7) -> 1 | AP7: =AN7 | AT7: 1 | AV7: =SUM(AS7:AU7) -> 1 | BB7: =AV7-AH7 -> 0
A8: 3 | B8: ASMEN | E8: =SUM(G8:I8) -> 1 | G8: 1 | J8: =SUM(G8:I8) -> 1 | M8: =K8 | S8: =SUM(P8:R8) -> 0 | Y8: =S8-E8 -> -1 | AD8: 3 | AE8: ASMEN | AH8: =SUM(AJ8:AL8) -> 1 | AJ8: 1 | AM8: =SUM(AJ8:AL8) -> 1 | AP8: =AN8 | AV8: =SUM(AS8:AU8) -> 0 | BB8: =AV8-AH8 -> -1
A9: 4 | B9: KEUANGAN | D9: ACC | E9: =SUM(G9:I9) -> 2 | F9: 1 | G9: 1 | H9: 1 | J9: =SUM(G9:I9) -> 2 | M9: =K9 | N9: 1 | P9: 1 | Q9: 1 | S9: =SUM(P9:R9) -> 2 | Y9: =S9-E9 -> 0 | AD9: 4 | AE9: KEUANGAN | AG9: ACC | AH9: =SUM(AJ9:AL9) -> 2 | AI9: 1 | AJ9: 1 | AK9: 1 | AM9: =SUM(AJ9:AL9) -> 2 | AP9: =AN9 | AQ9: 1 | AS9: 1 | AT9: 1 | AV9: =SUM(AS9:AU9) -> 2 | BB9: =AV9-AH9 -> 0
D10: KASIR/KEU | E10: =SUM(G10:I10) -> 1 | F10: 1 | G10: 1 | J10: =SUM(G10:I10) -> 1 | M10: =K10 | N10: 1 | Q10: 1 | R10: 1 | S10: =SUM(P10:R10) -> 2 | Y10: =S10-E10 -> 1 | AG10: KASIR/KEU | AH10: =SUM(AJ10:AL10) -> 1 | AI10: 1 | AJ10: 1 | AM10: =SUM(AJ10:AL10) -> 1 | AP10: =AN10 | AQ10: 1 | AT10: 1 | AU10: 1 | AV10: =SUM(AS10:AU10) -> 2 | BB10: =AV10-AH10 -> 1
D11: INVOICING | E11: =SUM(G11:I11) -> 1 | F11: 1 | H11: 1 | J11: =SUM(G11:I11) -> 1 | M11: =K11 | N11: 1 | Q11: 1 | S11: =SUM(P11:R11) -> 1 | Y11: =S11-E11 -> 0 | AG11: INVOICING | AH11: =SUM(AJ11:AL11) -> 1 | AI11: 1 | AK11: 1 | AM11: =SUM(AJ11:AL11) -> 1 | AP11: =AN11 | AQ11: 1 | AT11: 1 | AV11: =SUM(AS11:AU11) -> 1 | BB11: =AV11-AH11 -> 0
D12: TRESURY | E12: =SUM(G12:I12) -> 2 | F12: 1 | G12: 2 | J12: =SUM(G12:I12) -> 2 | M12: =K12 | N12: 1 | P12: 2 | S12: =SUM(P12:R12) -> 2 | Y12: =S12-E12 -> 0 | AG12: TRESURY | AH12: =SUM(AJ12:AL12) -> 2 | AI12: 1 | AJ12: 2 | AM12: =SUM(AJ12:AL12) -> 2 | AP12: =AN12 | AQ12: 1 | AS12: 2 | AV12: =SUM(AS12:AU12) -> 2 | BB12: =AV12-AH12 -> 0
A13: 5 | B13: PURCHASING | D13: PURCHASING | E13: =SUM(G13:I13) -> 3 | F13: 1 | G13: 2 | H13: 1 | J13: =SUM(G13:I13) -> 3 | M13: =K13 | N13: 1 | P13: 2 | Q13: 1 | S13: =SUM(P13:R13) -> 3 | Y13: =S13-E13 -> 0 | AD13: 5 | AE13: PURCHASING | AG13: PURCHASING | AH13: =SUM(AJ13:AL13) -> 3 | AI13: 1 | AJ13: 2 | AK13: 1 | AM13: =SUM(AJ13:AL13) -> 3 | AP13: =AN13 | AQ13: 1 | AS13: 2 | AT13: 1 | AV13: =SUM(AS13:AU13) -> 3 | BB13: =AV13-AH13 -> 0
B14: MARKETING | D14: ADM MARKETING | E14: =SUM(G14:I14) -> 1 | F14: 1 | G14: 1 | J14: =SUM(G14:I14) -> 1 | K14: 1 | L14: E KATALOG 6-12 | M14: =K14 -> 1 | N14: 1 | P14: 1 | S14: =SUM(P14:R14) -> 1 | Y14: =S14-E14 -> 0 | AE14: MARKETING | AG14: ADM MARKETING | AH14: =SUM(AJ14:AL14) -> 1 | AI14: 1 | AJ14: 1 | AM14: =SUM(AJ14:AL14) -> 1 | AN14: 1 | AO14: E KATALOG 6-12 | AP14: =AN14 -> 1 | AQ14: 1 | AS14: 1 | AV14: =SUM(AS14:AU14) -> 1 | BB14: =AV14-AH14 -> 0
D15: MARKETING PROYEK | E15: =SUM(G15:I15) -> 2 | F15: 1 | G15: 2 | J15: =SUM(G15:I15) -> 2 | M15: =K15 | N15: 1 | P15: 2 | S15: =SUM(P15:R15) -> 2 | Y15: =S15-E15 -> 0 | AG15: MARKETING PROYEK | AH15: =SUM(AJ15:AL15) -> 2 | AI15: 1 | AJ15: 2 | AM15: =SUM(AJ15:AL15) -> 2 | AP15: =AN15 | AQ15: 1 | AS15: 2 | AV15: =SUM(AS15:AU15) -> 2 | BB15: =AV15-AH15 -> 0
D16: MARKETING | E16: =SUM(G16:I16) -> 20 | F16: 1 | G16: 12 | H16: 8 | J16: =SUM(G16:I16) -> 20 | M16: =K16 | N16: 1 | P16: 12 | Q16: 4 | S16: =SUM(P16:R16) -> 16 | Y16: =S16-E16 -> -4 | AG16: MARKETING | AH16: =SUM(AJ16:AL16) -> 20 | AI16: 1 | AJ16: 12 | AK16: 8 | AM16: =SUM(AJ16:AL16) -> 20 | AP16: =AN16 | AQ16: 1 | AS16: 12 | AT16: 4 | AV16: =SUM(AS16:AU16) -> 16 | BB16: =AV16-AH16 -> -4
A17: 6 | B17: HC | D17: HRD | E17: =SUM(G17:I17) -> 1 | F17: 1 | G17: 1 | J17: =SUM(G17:I17) -> 1 | M17: =K17 | N17: 1 | Q17: 1 | S17: =SUM(P17:R17) -> 1 | Y17: =S17-E17 -> 0 | AD17: 6 | AE17: HC | AG17: HRD | AH17: =SUM(AJ17:AL17) -> 1 | AI17: 1 | AJ17: 1 | AM17: =SUM(AJ17:AL17) -> 1 | AP17: =AN17 | AQ17: 1 | AT17: 1 | AV17: =SUM(AS17:AU17) -> 1 | BB17: =AV17-AH17 -> 0
D18: UMUM - TAMAN | E18: =SUM(G18:I18) -> 2 | F18: 1 | I18: 2 | J18: =SUM(G18:I18) -> 2 | M18: =K18 | N18: 1 | R18: 2 | S18: =SUM(P18:R18) -> 2 | Y18: =S18-E18 -> 0 | Z18: HL : Taman/Aval = 2, Aval/Sampah = 2, Gedung Komersial/Gudang = 1, Gedung Biru (Web/Reelstand) = 1, Office (3 lantai) = 1 KARYAWAN : Bank, Front Office, Driver, Building | AG18: UMUM - TAMAN | AH18: =SUM(AJ18:AL18) -> 2 | AI18: 1 | AL18: 2 | AM18: =SUM(AJ18:AL18) -> 2 | AP18: =AN18 | AQ18: 1 | AU18: 2 | AV18: =SUM(AS18:AU18) -> 2 | BB18: =AV18-AH18 -> 0 | BC18: HL : Taman/Aval = 2, Aval/Sampah = 2, Gedung Komersial/Gudang = 1, Gedung Biru (Web/Reelstand) = 1, Office (3 lantai) = 1 KARYAWAN : Bank, Front Office, Driver, Building
D19: UMUM - OFFICE | E19: =SUM(G19:I19) -> 2 | F19: 1 | I19: 2 | J19: =SUM(G19:I19) -> 2 | M19: =K19 | R19: 1 | S19: =SUM(P19:R19) -> 1 | Y19: =S19-E19 -> -1 | AG19: UMUM - OFFICE | AH19: =SUM(AJ19:AL19) -> 2 | AI19: 1 | AL19: 2 | AM19: =SUM(AJ19:AL19) -> 2 | AP19: =AN19 | AU19: 1 | AV19: =SUM(AS19:AU19) -> 1 | BB19: =AV19-AH19 -> -1
D20: UMUM - WEB | E20: =SUM(G20:I20) -> 2 | F20: 1 | I20: 2 | J20: =SUM(G20:I20) -> 2 | M20: =K20 | R20: 2 | S20: =SUM(P20:R20) -> 2 | Y20: =S20-E20 -> 0 | AG20: UMUM - WEB | AH20: =SUM(AJ20:AL20) -> 2 | AI20: 1 | AL20: 2 | AM20: =SUM(AJ20:AL20) -> 2 | AP20: =AN20 | AU20: 2 | AV20: =SUM(AS20:AU20) -> 2 | BB20: =AV20-AH20 -> 0
D21: UMUM - FINISHING | E21: =SUM(G21:I21) -> 3 | F21: 1 | I21: 3 | J21: =SUM(G21:I21) -> 3 | M21: =K21 | P21: 1 | R21: 2 | S21: =SUM(P21:R21) -> 3 | Y21: =S21-E21 -> 0 | AG21: UMUM - FINISHING | AH21: =SUM(AJ21:AL21) -> 3 | AI21: 1 | AL21: 3 | AM21: =SUM(AJ21:AL21) -> 3 | AP21: =AN21 | AS21: 1 | AU21: 2 | AV21: =SUM(AS21:AU21) -> 3 | BB21: =AV21-AH21 -> 0
D22: UMUM- DRIVER BANK | E22: =SUM(G22:I22) -> 2 | F22: 1 | G22: 1 | H22: 1 | J22: =SUM(G22:I22) -> 2 | M22: =K22 | Q22: 1 | S22: =SUM(P22:R22) -> 1 | Y22: =S22-E22 -> -1 | AG22: UMUM- DRIVER BANK | AH22: =SUM(AJ22:AL22) -> 2 | AI22: 1 | AJ22: 1 | AK22: 1 | AM22: =SUM(AJ22:AL22) -> 2 | AP22: =AN22 | AT22: 1 | AV22: =SUM(AS22:AU22) -> 1 | BB22: =AV22-AH22 -> -1
D23: UMUM - KOORDINATOR | E23: =SUM(G23:I23) -> 1 | F23: 1 | H23: 1 | J23: =SUM(G23:I23) -> 1 | M23: =K23 | Q23: 1 | S23: =SUM(P23:R23) -> 1 | Y23: =S23-E23 -> 0 | AG23: UMUM - KOORDINATOR | AH23: =SUM(AJ23:AL23) -> 1 | AI23: 1 | AK23: 1 | AM23: =SUM(AJ23:AL23) -> 1 | AP23: =AN23 | AT23: 1 | AV23: =SUM(AS23:AU23) -> 1 | BB23: =AV23-AH23 -> 0
D24: UMUM- ADMIN + CS | E24: =SUM(G24:I24) -> 1 | F24: 1 | G24: 1 | J24: =SUM(G24:I24) -> 1 | M24: =K24 | P24: 1 | S24: =SUM(P24:R24) -> 1 | Y24: =S24-E24 -> 0 | AG24: UMUM- ADMIN + CS | AH24: =SUM(AJ24:AL24) -> 1 | AI24: 1 | AJ24: 1 | AM24: =SUM(AJ24:AL24) -> 1 | AP24: =AN24 | AS24: 1 | AV24: =SUM(AS24:AU24) -> 1 | BB24: =AV24-AH24 -> 0
D25: UMUM - KM WC | E25: =SUM(G25:I25) -> 1 | F25: 1 | I25: 1 | J25: =SUM(G25:I25) -> 1 | M25: =K25 | R25: 1 | S25: =SUM(P25:R25) -> 1 | Y25: =S25-E25 -> 0 | AG25: UMUM - KM WC | AH25: =SUM(AJ25:AL25) -> 1 | AI25: 1 | AL25: 1 | AM25: =SUM(AJ25:AL25) -> 1 | AP25: =AN25 | AU25: 1 | AV25: =SUM(AS25:AU25) -> 1 | BB25: =AV25-AH25 -> 0
D26: SECURITY | E26: =SUM(G26:I26) -> 8 | F26: 3 | I26: 8 | J26: =SUM(G26:I26) -> 8 | M26: =K26 | N26: 3 | R26: 7 | S26: =SUM(P26:R26) -> 7 | Y26: =S26-E26 -> -1 | AG26: SECURITY | AH26: =SUM(AJ26:AL26) -> 8 | AI26: 3 | AL26: 8 | AM26: =SUM(AJ26:AL26) -> 8 | AP26: =AN26 | AQ26: 3 | AU26: 7 | AV26: =SUM(AS26:AU26) -> 7 | BB26: =AV26-AH26 -> -1
A27: 7 | B27: PPIC | D27: PLANNING | E27: =SUM(G27:I27) -> 4 | F27: 1 | G27: 3 | H27: 1 | J27: =SUM(G27:I27) -> 4 | M27: =K27 | N27: 1 | P27: 1 | Q27: 1 | S27: =SUM(P27:R27) -> 2 | Y27: =S27-E27 -> -2 | AD27: 7 | AE27: PPIC | AG27: PLANNING | AH27: =SUM(AJ27:AL27) -> 4 | AI27: 1 | AJ27: 3 | AK27: 1 | AM27: =SUM(AJ27:AL27) -> 4 | AP27: =AN27 | AQ27: 1 | AS27: 1 | AT27: 1 | AV27: =SUM(AS27:AU27) -> 2 | BB27: =AV27-AH27 -> -2
D28: MANUFAKTUR | E28: =SUM(G28:I28) -> 1 | F28: 1 | G28: 1 | J28: =SUM(G28:I28) -> 1 | M28: =K28 | P28: 1 | S28: =SUM(P28:R28) -> 1 | Y28: =S28-E28 -> 0 | AG28: MANUFAKTUR | AH28: =SUM(AJ28:AL28) -> 1 | AI28: 1 | AJ28: 1 | AM28: =SUM(AJ28:AL28) -> 1 | AP28: =AN28 | AS28: 1 | AV28: =SUM(AS28:AU28) -> 1 | BB28: =AV28-AH28 -> 0
D29: GUDANG BAHAN BAKU + SPAREPART | E29: =SUM(G29:I29) -> 7 | F29: 3 | G29: 5 | I29: 2 | J29: =SUM(G29:I29) -> 7 | M29: =K29 | N29: 3 | P29: 6 | R29: 2 | S29: =SUM(P29:R29) -> 8 | Y29: =S29-E29 -> 1 | AG29: GUDANG BAHAN BAKU + SPAREPART | AH29: =SUM(AJ29:AL29) -> 7 | AI29: 3 | AJ29: 5 | AL29: 2 | AM29: =SUM(AJ29:AL29) -> 7 | AP29: =AN29 | AQ29: 3 | AS29: 6 | AU29: 2 | AV29: =SUM(AS29:AU29) -> 8 | BB29: =AV29-AH29 -> 1
D30: GUDANG BARANG JADI | E30: =SUM(G30:I30) -> 2 | F30: 1 | G30: 1 | I30: 1 | J30: =SUM(G30:I30) -> 2 | K30: 1 | L30: KURMER | M30: =K30 -> 1 | N30: 1 | P30: 2 | R30: 1 | S30: =SUM(P30:R30) -> 3 | Y30: =S30-E30 -> 1 | AG30: GUDANG BARANG JADI | AH30: =SUM(AJ30:AL30) -> 2 | AI30: 1 | AJ30: 1 | AL30: 1 | AM30: =SUM(AJ30:AL30) -> 2 | AN30: 1 | AO30: KURMER | AP30: =AN30 -> 1 | AQ30: 1 | AS30: 2 | AU30: 1 | AV30: =SUM(AS30:AU30) -> 3 | BB30: =AV30-AH30 -> 1
D31: EKSPEDISI- 3 MOBIL | E31: =SUM(G31:I31) -> 5 | F31: 1 | G31: 3 | I31: 2 | J31: =SUM(G31:I31) -> 5 | M31: =K31 | N31: 1 | P31: 2 | R31: 2 | S31: =SUM(P31:R31) -> 4 | Y31: =S31-E31 -> -1 | AG31: EKSPEDISI- 3 MOBIL | AH31: =SUM(AJ31:AL31) -> 5 | AI31: 1 | AJ31: 3 | AL31: 2 | AM31: =SUM(AJ31:AL31) -> 5 | AP31: =AN31 | AQ31: 1 | AS31: 2 | AU31: 2 | AV31: =SUM(AS31:AU31) -> 4 | BB31: =AV31-AH31 -> -1
A32: 8 | B32: QC | D32: QC - JP | E32: =SUM(G32:I32) -> 1 | F32: 1 | G32: 1 | J32: =SUM(G32:I32) -> 1 | M32: =K32 | N32: 3 | P32: 2 | R32: 3 | S32: =SUM(P32:R32) -> 5 | Y32: =S32-E32 -> 4 | AD32: 8 | AE32: QC | AG32: QC - JP | AH32: =SUM(AJ32:AL32) -> 1 | AI32: 1 | AJ32: 1 | AM32: =SUM(AJ32:AL32) -> 1 | AP32: =AN32 | AQ32: 3 | AS32: 2 | AU32: 3 | AV32: =SUM(AS32:AU32) -> 5 | BB32: =AV32-AH32 -> 4
D33: QC - KOMERSIAL | E33: =SUM(G33:I33) -> 5 | F33: 3 | H33: 2 | I33: 3 | J33: =SUM(G33:I33) -> 5 | M33: =K33 | Q33: 2 | S33: =SUM(P33:R33) -> 2 | Y33: =S33-E33 -> -3 | AG33: QC - KOMERSIAL | AH33: =SUM(AJ33:AL33) -> 5 | AI33: 3 | AK33: 2 | AL33: 3 | AM33: =SUM(AJ33:AL33) -> 5 | AP33: =AN33 | AT33: 2 | AV33: =SUM(AS33:AU33) -> 2 | BB33: =AV33-AH33 -> -3
A34: 9 | B34: TEKNIK | D34: MEKANIK | E34: =SUM(G34:I34) -> 14 | F34: 3 | G34: 8 | H34: 3 | I34: 3 | J34: =SUM(G34:I34) -> 14 | M34: =K34 | N34: 3 | P34: 8 | Q34: 2 | R34: 3 | S34: =SUM(P34:R34) -> 13 | Y34: =S34-E34 -> -1 | AD34: 9 | AE34: TEKNIK | AG34: MEKANIK | AH34: =SUM(AJ34:AL34) -> 14 | AI34: 3 | AJ34: 8 | AK34: 3 | AL34: 3 | AM34: =SUM(AJ34:AL34) -> 14 | AP34: =AN34 | AQ34: 3 | AS34: 8 | AT34: 2 | AU34: 3 | AV34: =SUM(AS34:AU34) -> 13 | BB34: =AV34-AH34 -> -1
D35: ELEKTRIK | E35: =SUM(G35:I35) -> 7 | F35: 3 | G35: 6 | H35: 1 | J35: =SUM(G35:I35) -> 7 | M35: =K35 | N35: 3 | P35: 6 | Q35: 2 | R35: 3 | S35: =SUM(P35:R35) -> 11 | Y35: =S35-E35 -> 4 | AG35: ELEKTRIK | AH35: =SUM(AJ35:AL35) -> 7 | AI35: 3 | AJ35: 6 | AK35: 1 | AM35: =SUM(AJ35:AL35) -> 7 | AP35: =AN35 | AQ35: 3 | AS35: 6 | AT35: 2 | AU35: 3 | AV35: =SUM(AS35:AU35) -> 11 | BB35: =AV35-AH35 -> 4
A36: 10 | B36: IT | D36: JARINGAN | E36: =SUM(G36:I36) -> 2 | F36: 1 | G36: 2 | J36: =SUM(G36:I36) -> 2 | M36: =K36 | N36: 1 | P36: 2 | S36: =SUM(P36:R36) -> 2 | Y36: =S36-E36 -> 0 | AD36: 10 | AE36: IT | AG36: JARINGAN | AH36: =SUM(AJ36:AL36) -> 2 | AI36: 1 | AJ36: 2 | AM36: =SUM(AJ36:AL36) -> 2 | AP36: =AN36 | AQ36: 1 | AS36: 2 | AV36: =SUM(AS36:AU36) -> 2 | BB36: =AV36-AH36 -> 0
A37: 11 | B37: PRACETAK | C37: 1 | D37: KODAK 1- JP KOM | E37: =SUM(G37:I37) -> 2 | F37: 3 | G37: 1 | I37: 1 | J37: =SUM(G37:I37) -> 2 | M37: =K37 | N37: 1 | P37: 1 | S37: =SUM(P37:R37) -> 1 | Y37: =S37-E37 -> -1 | AD37: 11 | AE37: PRACETAK | AF37: 1 | AG37: KODAK 1- JP KOM | AH37: =SUM(AJ37:AL37) -> 2 | AI37: 3 | AJ37: 1 | AL37: 1 | AM37: =SUM(AJ37:AL37) -> 2 | AP37: =AN37 | AQ37: 1 | AS37: 1 | AV37: =SUM(AS37:AU37) -> 1 | BB37: =AV37-AH37 -> -1
C38: 2 | D38: KODAK 2- JP KOM | E38: =SUM(G38:I38) -> 1 | F38: 3 | G38: 1 | J38: =SUM(G38:I38) -> 1 | M38: =K38 | N38: 3 | P38: 1 | S38: =SUM(P38:R38) -> 1 | Y38: =S38-E38 -> 0 | AF38: 2 | AG38: KODAK 2- JP KOM | AH38: =SUM(AJ38:AL38) -> 1 | AI38: 3 | AJ38: 1 | AM38: =SUM(AJ38:AL38) -> 1 | AP38: =AN38 | AQ38: 3 | AS38: 1 | AV38: =SUM(AS38:AU38) -> 1 | BB38: =AV38-AH38 -> 0
C39: 3 | D39: SCREEN 1 - JP | E39: =SUM(G39:I39) -> 1 | F39: 3 | G39: 1 | J39: =SUM(G39:I39) -> 1 | M39: =K39 | N39: 2 | P39: 1 | R39: 1 | S39: =SUM(P39:R39) -> 2 | Y39: =S39-E39 -> 1 | AF39: 3 | AG39: SCREEN 1 - JP | AH39: =SUM(AJ39:AL39) -> 1 | AI39: 3 | AJ39: 1 | AM39: =SUM(AJ39:AL39) -> 1 | AP39: =AN39 | AQ39: 2 | AS39: 1 | AU39: 1 | AV39: =SUM(AS39:AU39) -> 2 | BB39: =AV39-AH39 -> 1
C40: 4 | D40: A8T- JP KOM | E40: =SUM(G40:I40) -> 1 | F40: 3 | G40: 1 | J40: =SUM(G40:I40) -> 1 | M40: =K40 | N40: 3 | P40: 1 | S40: =SUM(P40:R40) -> 1 | Y40: =S40-E40 -> 0 | AF40: 4 | AG40: A8T- JP KOM | AH40: =SUM(AJ40:AL40) -> 1 | AI40: 3 | AJ40: 1 | AM40: =SUM(AJ40:AL40) -> 1 | AP40: =AN40 | AQ40: 3 | AS40: 1 | AV40: =SUM(AS40:AU40) -> 1 | BB40: =AV40-AH40 -> 0
C41: 5 | D41: AVALON - KOM | E41: =SUM(G41:I41) -> 1 | F41: 2 | G41: 1 | J41: =SUM(G41:I41) -> 1 | M41: =K41 | N41: 2 | P41: 2 | S41: =SUM(P41:R41) -> 2 | Y41: =S41-E41 -> 1 | AF41: 5 | AG41: AVALON - KOM | AH41: =SUM(AJ41:AL41) -> 1 | AI41: 2 | AJ41: 1 | AM41: =SUM(AJ41:AL41) -> 1 | AP41: =AN41 | AQ41: 2 | AS41: 2 | AV41: =SUM(AS41:AU41) -> 2 | BB41: =AV41-AH41 -> 1
A42: 12 | C42: 6 | D42: MD - DIGITAL PRINTING | E42: =SUM(G42:I42) -> 2 | F42: 1 | G42: 1 | H42: 1 | J42: =SUM(G42:I42) -> 2 | M42: =K42 | N42: 1 | P42: 1 | Q42: 1 | S42: =SUM(P42:R42) -> 2 | Y42: =S42-E42 -> 0 | AD42: 12 | AF42: 6 | AG42: MD - DIGITAL PRINTING | AH42: =SUM(AJ42:AL42) -> 2 | AI42: 1 | AJ42: 1 | AK42: 1 | AM42: =SUM(AJ42:AL42) -> 2 | AP42: =AN42 | AQ42: 1 | AS42: 1 | AT42: 1 | AV42: =SUM(AS42:AU42) -> 2 | BB42: =AV42-AH42 -> 0
A43: 13 | B43: SHEET | C43: 7 | D43: KOMORI 1 | E43: =SUM(G43:I43) -> 7 | F43: 3 | G43: 3 | H43: 1 | I43: 3 | J43: =SUM(G43:I43) -> 7 | K43: 2 | M43: =K43 -> 2 | N43: 3 | P43: 4 | R43: 3 | S43: =SUM(P43:R43) -> 7 | Y43: =S43-E43 -> 0 | AD43: 13 | AE43: SHEET | AF43: 7 | AG43: KOMORI 1 | AH43: =SUM(AJ43:AL43) -> 7 | AI43: 3 | AJ43: 3 | AK43: 1 | AL43: 3 | AM43: =SUM(AJ43:AL43) -> 7 | AN43: 2 | AP43: =AN43 -> 2 | AQ43: 3 | AS43: 4 | AU43: 3 | AV43: =SUM(AS43:AU43) -> 7 | BB43: =AV43-AH43 -> 0
C44: 8 | D44: KOMORI 2 | E44: =SUM(G44:I44) -> 7 | F44: 3 | G44: 4 | I44: 3 | J44: =SUM(G44:I44) -> 7 | K44: 2 | M44: =K44 -> 2 | N44: 3 | P44: 3 | Q44: 1 | R44: 5 | S44: =SUM(P44:R44) -> 9 | Y44: =S44-E44 -> 2 | AA44: LEPAS 3 (PINDAH KE WEB UNTUK PEKERJAAN SAAT INI) | AF44: 8 | AG44: KOMORI 2 | AH44: =SUM(AJ44:AL44) -> 7 | AI44: 3 | AJ44: 4 | AL44: 3 | AM44: =SUM(AJ44:AL44) -> 7 | AN44: 2 | AP44: =AN44 -> 2 | AQ44: 3 | AS44: 3 | AT44: 1 | AU44: 5 | AV44: =SUM(AS44:AU44) -> 9 | BB44: =AV44-AH44 -> 2 | BD44: LEPAS 3 (PINDAH KE WEB UNTUK PEKERJAAN SAAT INI)
C45: 9 | D45: HEIDELBERG | E45: =SUM(G45:I45) -> 5 | F45: 2 | G45: 3 | I45: 2 | J45: =SUM(G45:I45) -> 5 | K45: 1 | M45: =K45 -> 1 | N45: 2 | P45: 2 | R45: 4 | S45: =SUM(P45:R45) -> 6 | Y45: =S45-E45 -> 1 | AF45: 9 | AG45: HEIDELBERG | AH45: =SUM(AJ45:AL45) -> 5 | AI45: 2 | AJ45: 3 | AL45: 2 | AM45: =SUM(AJ45:AL45) -> 5 | AN45: 1 | AP45: =AN45 -> 1 | AQ45: 2 | AS45: 2 | AU45: 4 | AV45: =SUM(AS45:AU45) -> 6 | BB45: =AV45-AH45 -> 1
A46: 14 | B46: WEB | C46: 10 | D46: UNISET 1 - JP | E46: =SUM(G46:I46) -> 6 | F46: 1 | G46: 3 | I46: 3 | J46: =SUM(G46:I46) -> 6 | M46: =K46 | N46: 1 | P46: 3 | Q46: 3 | R46: 2 | S46: =SUM(P46:R46) -> 8 | Y46: =S46-E46 -> 2 | AA46: JP+KOM | AD46: 14 | AE46: WEB | AF46: 10 | AG46: UNISET 1 - JP | AH46: =SUM(AJ46:AL46) -> 6 | AI46: 1 | AJ46: 3 | AL46: 3 | AM46: =SUM(AJ46:AL46) -> 6 | AP46: =AN46 | AQ46: 1 | AS46: 3 | AT46: 3 | AU46: 2 | AV46: =SUM(AS46:AU46) -> 8 | BB46: =AV46-AH46 -> 2 | BD46: JP+KOM
C47: 11 | D47: UNISET 2 - JP KOM | E47: =SUM(G47:I47) -> 13 | F47: 2 | G47: 6 | H47: 1 | I47: 6 | J47: =SUM(G47:I47) -> 13 | M47: =K47 | N47: 2 | P47: 4 | Q47: 2 | R47: 6 | S47: =SUM(P47:R47) -> 12 | Y47: =S47-E47 -> -1 | AA47: JP+KOM | AF47: 11 | AG47: UNISET 2 - JP KOM | AH47: =SUM(AJ47:AL47) -> 13 | AI47: 2 | AJ47: 6 | AK47: 1 | AL47: 6 | AM47: =SUM(AJ47:AL47) -> 13 | AP47: =AN47 | AQ47: 2 | AS47: 4 | AT47: 2 | AU47: 6 | AV47: =SUM(AS47:AU47) -> 12 | BB47: =AV47-AH47 -> -1 | BD47: JP+KOM
C48: 13 | D48: GOSS UNIVERSAL - JP KOM | E48: =SUM(G48:I48) -> 11 | F48: 3 | G48: 5 | H48: 1 | I48: 5 | J48: =SUM(G48:I48) -> 11 | K48: 4 | M48: =K48 -> 4 | N48: 3 | P48: 5 | R48: 6 | S48: =SUM(P48:R48) -> 11 | Y48: =S48-E48 -> 0 | AA48: JP+KOM | AF48: 13 | AG48: GOSS UNIVERSAL - JP KOM | AH48: =SUM(AJ48:AL48) -> 11 | AI48: 3 | AJ48: 5 | AK48: 1 | AL48: 5 | AM48: =SUM(AJ48:AL48) -> 11 | AN48: 4 | AP48: =AN48 -> 4 | AQ48: 3 | AS48: 5 | AU48: 6 | AV48: =SUM(AS48:AU48) -> 11 | BB48: =AV48-AH48 -> 0 | BD48: JP+KOM
C49: 14 | D49: KBA 63 | E49: 0 | F49: 1 | J49: =SUM(G49:I49) -> 0 | M49: =K49 | N49: 1 | S49: =SUM(P49:R49) -> 0 | Y49: =S49-E49 -> 0 | AF49: 14 | AG49: KBA 63 | AH49: 0 | AI49: 1 | AM49: =SUM(AJ49:AL49) -> 0 | AP49: =AN49 | AQ49: 1 | AV49: =SUM(AS49:AU49) -> 0 | BB49: =AV49-AH49 -> 0
C50: 15 | D50: GLOBAL | E50: =SUM(G50:I50) -> 8 | F50: 3 | G50: 3 | H50: 1 | I50: 4 | J50: =SUM(G50:I50) -> 8 | K50: 4 | M50: =K50 -> 4 | N50: 1 | P50: 2 | R50: 2 | S50: =SUM(P50:R50) -> 4 | Y50: =S50-E50 -> -4 | AF50: 15 | AG50: GLOBAL | AH50: =SUM(AJ50:AL50) -> 8 | AI50: 3 | AJ50: 3 | AK50: 1 | AL50: 4 | AM50: =SUM(AJ50:AL50) -> 8 | AN50: 4 | AP50: =AN50 -> 4 | AQ50: 1 | AS50: 2 | AU50: 2 | AV50: =SUM(AS50:AU50) -> 4 | BB50: =AV50-AH50 -> -4
C51: 16 | D51: TENSOR | E51: =SUM(G51:I51) -> 9 | F51: 3 | G51: 2 | H51: 1 | I51: 6 | J51: =SUM(G51:I51) -> 9 | K51: 3 | M51: =K51 -> 3 | N51: 2 | P51: 3 | R51: 5 | S51: =SUM(P51:R51) -> 8 | Y51: =S51-E51 -> -1 | AF51: 16 | AG51: TENSOR | AH51: =SUM(AJ51:AL51) -> 9 | AI51: 3 | AJ51: 2 | AK51: 1 | AL51: 6 | AM51: =SUM(AJ51:AL51) -> 9 | AN51: 3 | AP51: =AN51 -> 3 | AQ51: 2 | AS51: 3 | AU51: 5 | AV51: =SUM(AS51:AU51) -> 8 | BB51: =AV51-AH51 -> -1
C52: 17 | D52: DEV HORISSON | E52: 0 | F52: 1 | J52: =SUM(G52:I52) -> 0 | M52: =K52 | N52: 1 | S52: =SUM(P52:R52) -> 0 | Y52: =S52-E52 -> 0 | AF52: 17 | AG52: DEV HORISSON | AH52: 0 | AI52: 1 | AM52: =SUM(AJ52:AL52) -> 0 | AP52: =AN52 | AQ52: 1 | AV52: =SUM(AS52:AU52) -> 0 | BB52: =AV52-AH52 -> 0
A53: 11 | B53: FINISHING KOMERSIAL | C53: 18 | D53: YOSHINO INLINE | E53: =SUM(G53:I53) -> 16 | F53: 3 | G53: 3 | H53: 1 | I53: 12 | J53: =SUM(G53:I53) -> 16 | K53: 9 | M53: =K53 -> 9 | N53: 2 | P53: 2 | R53: 14 | S53: =SUM(P53:R53) -> 16 | Y53: =S53-E53 -> 0 | Z53: HL | AA53: Harian hanya pada saat ada pekerjaan | AD53: 11 | AE53: FINISHING KOMERSIAL | AF53: 18 | AG53: YOSHINO INLINE | AH53: =SUM(AJ53:AL53) -> 16 | AI53: 3 | AJ53: 3 | AK53: 1 | AL53: 12 | AM53: =SUM(AJ53:AL53) -> 16 | AN53: 9 | AP53: =AN53 -> 9 | AQ53: 2 | AS53: 2 | AU53: 14 | AV53: =SUM(AS53:AU53) -> 16 | BB53: =AV53-AH53 -> 0 | BC53: HL | BD53: Harian hanya pada saat ada pekerjaan
C54: 19 | D54: MULLER PRESTO | E54: =SUM(G54:I54) -> 5 | F54: 3 | G54: 2 | I54: 3 | J54: =SUM(G54:I54) -> 5 | K54: 4 | M54: =K54 -> 4 | N54: 3 | P54: 2 | R54: 7 | S54: =SUM(P54:R54) -> 9 | Y54: =S54-E54 -> 4 | Z54: HL | AF54: 19 | AG54: MULLER PRESTO | AH54: =SUM(AJ54:AL54) -> 5 | AI54: 3 | AJ54: 2 | AL54: 3 | AM54: =SUM(AJ54:AL54) -> 5 | AN54: 4 | AP54: =AN54 -> 4 | AQ54: 3 | AS54: 2 | AU54: 7 | AV54: =SUM(AS54:AU54) -> 9 | BB54: =AV54-AH54 -> 4 | BC54: HL
C55: 20 | D55: OSAKO | E55: =SUM(G55:I55) -> 3 | F55: 2 | I55: 3 | J55: =SUM(G55:I55) -> 3 | K55: 3 | M55: =K55 -> 3 | N55: 1 | S55: =SUM(P55:R55) -> 0 | Y55: =S55-E55 -> -3 | Z55: HL | AF55: 20 | AG55: OSAKO | AH55: =SUM(AJ55:AL55) -> 3 | AI55: 2 | AL55: 3 | AM55: =SUM(AJ55:AL55) -> 3 | AN55: 3 | AP55: =AN55 -> 3 | AQ55: 1 | AV55: =SUM(AS55:AU55) -> 0 | BB55: =AV55-AH55 -> -3 | BC55: HL
C56: 21 | D56: STAHL 1 | E56: =SUM(G56:I56) -> 4 | F56: 3 | G56: 1 | I56: 3 | J56: =SUM(G56:I56) -> 4 | K56: 2 | M56: =K56 -> 2 | N56: 3 | P56: 1 | R56: 5 | S56: =SUM(P56:R56) -> 6 | Y56: =S56-E56 -> 2 | Z56: UNIT RATE | AF56: 21 | AG56: STAHL 1 | AH56: =SUM(AJ56:AL56) -> 4 | AI56: 3 | AJ56: 1 | AL56: 3 | AM56: =SUM(AJ56:AL56) -> 4 | AN56: 2 | AP56: =AN56 -> 2 | AQ56: 3 | AS56: 1 | AU56: 5 | AV56: =SUM(AS56:AU56) -> 6 | BB56: =AV56-AH56 -> 2 | BC56: UNIT RATE
C57: 22 | D57: STAHL 2 | E57: =SUM(G57:I57) -> 4 | F57: 3 | G57: 1 | I57: 3 | J57: =SUM(G57:I57) -> 4 | K57: 2 | M57: =K57 -> 2 | N57: 3 | P57: 1 | R57: 5 | S57: =SUM(P57:R57) -> 6 | Y57: =S57-E57 -> 2 | Z57: UNIT RATE | AF57: 22 | AG57: STAHL 2 | AH57: =SUM(AJ57:AL57) -> 4 | AI57: 3 | AJ57: 1 | AL57: 3 | AM57: =SUM(AJ57:AL57) -> 4 | AN57: 2 | AP57: =AN57 -> 2 | AQ57: 3 | AS57: 1 | AU57: 5 | AV57: =SUM(AS57:AU57) -> 6 | BB57: =AV57-AH57 -> 2 | BC57: UNIT RATE
C58: 23 | D58: STAHL 3 | E58: =SUM(G58:I58) -> 3 | F58: 3 | I58: 3 | J58: =SUM(G58:I58) -> 3 | K58: 3 | M58: =K58 -> 3 | N58: 3 | S58: =SUM(P58:R58) -> 0 | Y58: =S58-E58 -> -3 | Z58: UNIT RATE | AF58: 23 | AG58: STAHL 3 | AH58: =SUM(AJ58:AL58) -> 3 | AI58: 3 | AL58: 3 | AM58: =SUM(AJ58:AL58) -> 3 | AN58: 3 | AP58: =AN58 -> 3 | AQ58: 3 | AV58: =SUM(AS58:AU58) -> 0 | BB58: =AV58-AH58 -> -3 | BC58: UNIT RATE
C59: 24 | D59: POTONG POLAR | E59: =SUM(G59:I59) -> 4 | F59: 3 | G59: 1 | I59: 3 | J59: =SUM(G59:I59) -> 4 | K59: 2 | M59: =K59 -> 2 | N59: 3 | P59: 2 | R59: 5 | S59: =SUM(P59:R59) -> 7 | Y59: =S59-E59 -> 3 | Z59: HL | AA59: Menyesuaikan pekerjaan | AF59: 24 | AG59: POTONG POLAR | AH59: =SUM(AJ59:AL59) -> 4 | AI59: 3 | AJ59: 1 | AL59: 3 | AM59: =SUM(AJ59:AL59) -> 4 | AN59: 2 | AP59: =AN59 -> 2 | AQ59: 3 | AS59: 2 | AU59: 5 | AV59: =SUM(AS59:AU59) -> 7 | BB59: =AV59-AH59 -> 3 | BC59: HL | BD59: Menyesuaikan pekerjaan
C60: 25 | D60: POTONG ROBOCUT | E60: =SUM(G60:I60) -> 3 | F60: 3 | I60: 3 | J60: =SUM(G60:I60) -> 3 | K60: 3 | M60: =K60 -> 3 | N60: 3 | R60: 5 | S60: =SUM(P60:R60) -> 5 | Y60: =S60-E60 -> 2 | Z60: HL | AF60: 25 | AG60: POTONG ROBOCUT | AH60: =SUM(AJ60:AL60) -> 3 | AI60: 3 | AL60: 3 | AM60: =SUM(AJ60:AL60) -> 3 | AN60: 3 | AP60: =AN60 -> 3 | AQ60: 3 | AU60: 5 | AV60: =SUM(AS60:AU60) -> 5 | BB60: =AV60-AH60 -> 2 | BC60: HL
C61: 26 | D61: POTONG SHLM | E61: =SUM(G61:I61) -> 0 | F61: 3 | J61: =SUM(G61:I61) -> 0 | M61: =K61 | N61: 3 | S61: =SUM(P61:R61) -> 0 | Y61: =S61-E61 -> 0 | Z61: HL | AF61: 26 | AG61: POTONG SHLM | AH61: =SUM(AJ61:AL61) -> 0 | AI61: 3 | AM61: =SUM(AJ61:AL61) -> 0 | AP61: =AN61 | AQ61: 3 | AV61: =SUM(AS61:AU61) -> 0 | BB61: =AV61-AH61 -> 0 | BC61: HL
B62: ALQUR'AN | C62: 27 | D62: COLLATING | E62: =SUM(G62:I62) -> 1 | F62: 1 | I62: 1 | J62: =SUM(G62:I62) -> 1 | K62: 6 | M62: =K62 -> 6 | N62: 1 | R62: 7 | S62: =SUM(P62:R62) -> 7 | Y62: =S62-E62 -> 6 | Z62: UNIT RATE | AE62: ALQUR'AN | AF62: 27 | AG62: COLLATING | AH62: =SUM(AJ62:AL62) -> 1 | AI62: 1 | AL62: 1 | AM62: =SUM(AJ62:AL62) -> 1 | AN62: 6 | AP62: =AN62 -> 6 | AQ62: 1 | AU62: 7 | AV62: =SUM(AS62:AU62) -> 7 | BB62: =AV62-AH62 -> 6 | BC62: UNIT RATE
C63: 28 | D63: SEWING VENTURA | E63: =SUM(G63:I63) -> 2 | F63: 3 | I63: 2 | J63: =SUM(G63:I63) -> 2 | K63: 1 | M63: =K63 -> 1 | N63: 2 | S63: =SUM(P63:R63) -> 0 | Y63: =S63-E63 -> -2 | Z63: UNIT RATE | AF63: 28 | AG63: SEWING VENTURA | AH63: =SUM(AJ63:AL63) -> 2 | AI63: 3 | AL63: 2 | AM63: =SUM(AJ63:AL63) -> 2 | AN63: 1 | AP63: =AN63 -> 1 | AQ63: 2 | AV63: =SUM(AS63:AU63) -> 0 | BB63: =AV63-AH63 -> -2 | BC63: UNIT RATE
C64: 29 | D64: SEWING ASTER EVO | E64: =SUM(G64:I64) -> 3 | F64: 3 | G64: 1 | I64: 2 | J64: =SUM(G64:I64) -> 3 | M64: =K64 | N64: 2 | P64: 2 | S64: =SUM(P64:R64) -> 2 | Y64: =S64-E64 -> -1 | AF64: 29 | AG64: SEWING ASTER EVO | AH64: =SUM(AJ64:AL64) -> 3 | AI64: 3 | AJ64: 1 | AL64: 2 | AM64: =SUM(AJ64:AL64) -> 3 | AP64: =AN64 | AQ64: 2 | AS64: 2 | AV64: =SUM(AS64:AU64) -> 2 | BB64: =AV64-AH64 -> -1
C65: 30 | D65: SEWING ASTER BKS | E65: =SUM(G65:I65) -> 0 | F65: 2 | J65: =SUM(G65:I65) -> 0 | M65: =K65 | N65: 2 | S65: =SUM(P65:R65) -> 0 | Y65: =S65-E65 -> 0 | Z65: UNIT RATE | AF65: 30 | AG65: SEWING ASTER BKS | AH65: =SUM(AJ65:AL65) -> 0 | AI65: 2 | AM65: =SUM(AJ65:AL65) -> 0 | AP65: =AN65 | AQ65: 2 | AV65: =SUM(AS65:AU65) -> 0 | BB65: =AV65-AH65 -> 0 | BC65: UNIT RATE
C66: 31 | D66: BLOK LEM SIGLOCH | E66: =SUM(G66:I66) -> 3 | F66: 2 | I66: 3 | J66: =SUM(G66:I66) -> 3 | K66: 3 | M66: =K66 -> 3 | N66: 1 | S66: =SUM(P66:R66) -> 0 | Y66: =S66-E66 -> -3 | Z66: UNIT RATE | AF66: 31 | AG66: BLOK LEM SIGLOCH | AH66: =SUM(AJ66:AL66) -> 3 | AI66: 2 | AL66: 3 | AM66: =SUM(AJ66:AL66) -> 3 | AN66: 3 | AP66: =AN66 -> 3 | AQ66: 1 | AV66: =SUM(AS66:AU66) -> 0 | BB66: =AV66-AH66 -> -3 | BC66: UNIT RATE
C67: 32 | D67: BLOK LEM WOOJIN | E67: =SUM(G67:I67) -> 0 | F67: 1 | J67: =SUM(G67:I67) -> 0 | M67: =K67 | N67: 1 | S67: =SUM(P67:R67) -> 0 | Y67: =S67-E67 -> 0 | AF67: 32 | AG67: BLOK LEM WOOJIN | AH67: =SUM(AJ67:AL67) -> 0 | AI67: 1 | AM67: =SUM(AJ67:AL67) -> 0 | AP67: =AN67 | AQ67: 1 | AV67: =SUM(AS67:AU67) -> 0 | BB67: =AV67-AH67 -> 0
C68: 33 | D68: CASE MAKER DA | E68: =SUM(G68:I68) -> 3 | F68: 3 | G68: 1 | I68: 2 | J68: =SUM(G68:I68) -> 3 | K68: 3 | M68: =K68 -> 3 | N68: 2 | P68: 1 | R68: 3 | S68: =SUM(P68:R68) -> 4 | Y68: =S68-E68 -> 1 | Z68: UNIT RATE | AF68: 33 | AG68: CASE MAKER DA | AH68: =SUM(AJ68:AL68) -> 3 | AI68: 3 | AJ68: 1 | AL68: 2 | AM68: =SUM(AJ68:AL68) -> 3 | AN68: 3 | AP68: =AN68 -> 3 | AQ68: 2 | AS68: 1 | AU68: 3 | AV68: =SUM(AS68:AU68) -> 4 | BB68: =AV68-AH68 -> 1 | BC68: UNIT RATE
C69: 34 | D69: CASE MAKER SW | E69: =SUM(G69:I69) -> 3 | F69: 3 | I69: 3 | J69: =SUM(G69:I69) -> 3 | K69: 3 | M69: =K69 -> 3 | N69: 1 | R69: 4 | S69: =SUM(P69:R69) -> 4 | Y69: =S69-E69 -> 1 | Z69: UNIT RATE | AF69: 34 | AG69: CASE MAKER SW | AH69: =SUM(AJ69:AL69) -> 3 | AI69: 3 | AL69: 3 | AM69: =SUM(AJ69:AL69) -> 3 | AN69: 3 | AP69: =AN69 -> 3 | AQ69: 1 | AU69: 4 | AV69: =SUM(AS69:AU69) -> 4 | BB69: =AV69-AH69 -> 1 | BC69: UNIT RATE
C70: 35 | D70: UV VARNISH PANORAMA | E70: =SUM(G70:I70) -> 1 | F70: 2 | I70: 1 | J70: =SUM(G70:I70) -> 1 | K70: 1 | M70: =K70 -> 1 | S70: =SUM(P70:R70) -> 0 | Y70: =S70-E70 -> -1 | AF70: 35 | AG70: UV VARNISH PANORAMA | AH70: =SUM(AJ70:AL70) -> 1 | AI70: 2 | AL70: 1 | AM70: =SUM(AJ70:AL70) -> 1 | AN70: 1 | AP70: =AN70 -> 1 | AV70: =SUM(AS70:AU70) -> 0 | BB70: =AV70-AH70 -> -1
C71: 36 | D71: UV VARNISH CHINGFENG | E71: =SUM(G71:I71) -> 1 | F71: 2 | I71: 1 | J71: =SUM(G71:I71) -> 1 | K71: 1 | M71: =K71 -> 1 | N71: 2 | P71: 1 | R71: 3 | S71: =SUM(P71:R71) -> 4 | Y71: =S71-E71 -> 3 | Z71: UNIT RATE | AF71: 36 | AG71: UV VARNISH CHINGFENG | AH71: =SUM(AJ71:AL71) -> 1 | AI71: 2 | AL71: 1 | AM71: =SUM(AJ71:AL71) -> 1 | AN71: 1 | AP71: =AN71 -> 1 | AQ71: 2 | AS71: 1 | AU71: 3 | AV71: =SUM(AS71:AU71) -> 4 | BB71: =AV71-AH71 -> 3 | BC71: UNIT RATE
C72: 37 | D72: LAMINASI WL900 | E72: =SUM(G72:I72) -> 0 | F72: 0 | J72: =SUM(G72:I72) -> 0 | M72: =K72 | S72: =SUM(P72:R72) -> 0 | Y72: =S72-E72 -> 0 | AF72: 37 | AG72: LAMINASI WL900 | AH72: =SUM(AJ72:AL72) -> 0 | AI72: 0 | AM72: =SUM(AJ72:AL72) -> 0 | AP72: =AN72 | AV72: =SUM(AS72:AU72) -> 0 | BB72: =AV72-AH72 -> 0
C73: 38 | D73: LAMINASI LIXIN | E73: =SUM(G73:I73) -> 1 | F73: 2 | G73: 1 | J73: =SUM(G73:I73) -> 1 | K73: 1 | M73: =K73 -> 1 | N73: 3 | R73: 3 | S73: =SUM(P73:R73) -> 3 | Y73: =S73-E73 -> 2 | Z73: UNIT RATE | AF73: 38 | AG73: LAMINASI LIXIN | AH73: =SUM(AJ73:AL73) -> 1 | AI73: 2 | AJ73: 1 | AM73: =SUM(AJ73:AL73) -> 1 | AN73: 1 | AP73: =AN73 -> 1 | AQ73: 3 | AU73: 3 | AV73: =SUM(AS73:AU73) -> 3 | BB73: =AV73-AH73 -> 2 | BC73: UNIT RATE
C74: 39 | D74: LAMINASI 2 (CUTTER) | E74: =SUM(G74:I74) -> 0 | F74: 1 | J74: =SUM(G74:I74) -> 0 | M74: =K74 | N74: 1 | R74: 2 | S74: =SUM(P74:R74) -> 2 | Y74: =S74-E74 -> 2 | Z74: UNIT RATE | AF74: 39 | AG74: LAMINASI 2 (CUTTER) | AH74: =SUM(AJ74:AL74) -> 0 | AI74: 1 | AM74: =SUM(AJ74:AL74) -> 0 | AP74: =AN74 | AQ74: 1 | AU74: 2 | AV74: =SUM(AS74:AU74) -> 2 | BB74: =AV74-AH74 -> 2 | BC74: UNIT RATE
C75: 40 | D75: DEBOSS | E75: =SUM(G75:I75) -> 1 | F75: 3 | I75: 1 | J75: =SUM(G75:I75) -> 1 | K75: 2 | M75: =K75 -> 2 | N75: 3 | R75: 3 | S75: =SUM(P75:R75) -> 3 | Y75: =S75-E75 -> 2 | Z75: UNIT RATE | AF75: 40 | AG75: DEBOSS | AH75: =SUM(AJ75:AL75) -> 1 | AI75: 3 | AL75: 1 | AM75: =SUM(AJ75:AL75) -> 1 | AN75: 2 | AP75: =AN75 -> 2 | AQ75: 3 | AU75: 3 | AV75: =SUM(AS75:AU75) -> 3 | BB75: =AV75-AH75 -> 2 | BC75: UNIT RATE
C76: 41 | D76: CASE IN KOLBUS | E76: =SUM(G76:I76) -> 5 | F76: 2 | G76: 3 | I76: 2 | J76: =SUM(G76:I76) -> 5 | K76: 1 | M76: =K76 -> 1 | N76: 2 | P76: 2 | R76: 1 | S76: =SUM(P76:R76) -> 3 | Y76: =S76-E76 -> -2 | Z76: HL | AF76: 41 | AG76: CASE IN KOLBUS | AH76: =SUM(AJ76:AL76) -> 5 | AI76: 2 | AJ76: 3 | AL76: 2 | AM76: =SUM(AJ76:AL76) -> 5 | AN76: 1 | AP76: =AN76 -> 1 | AQ76: 2 | AS76: 2 | AU76: 1 | AV76: =SUM(AS76:AU76) -> 3 | BB76: =AV76-AH76 -> -2 | BC76: HL
D77: SORTIR (HASIL CASE IN) | E77: =SUM(G77:I77) -> 4 | F77: 2 | I77: 4 | J77: =SUM(G77:I77) -> 4 | M77: =K77 | N77: 2 | R77: 4 | S77: =SUM(P77:R77) -> 4 | Y77: =S77-E77 -> 0 | Z77: HL | AG77: SORTIR (HASIL CASE IN) | AH77: =SUM(AJ77:AL77) -> 4 | AI77: 2 | AL77: 4 | AM77: =SUM(AJ77:AL77) -> 4 | AP77: =AN77 | AQ77: 2 | AU77: 4 | AV77: =SUM(AS77:AU77) -> 4 | BB77: =AV77-AH77 -> 0 | BC77: HL
C78: 42 | D78: CUTTING BOARD 1 | E78: =SUM(G78:I78) -> 3 | F78: 3 | I78: 3 | J78: =SUM(G78:I78) -> 3 | M78: =K78 | N78: 2 | R78: 4 | S78: =SUM(P78:R78) -> 4 | Y78: =S78-E78 -> 1 | Z78: HL | AF78: 42 | AG78: CUTTING BOARD 1 | AH78: =SUM(AJ78:AL78) -> 3 | AI78: 3 | AL78: 3 | AM78: =SUM(AJ78:AL78) -> 3 | AP78: =AN78 | AQ78: 2 | AU78: 4 | AV78: =SUM(AS78:AU78) -> 4 | BB78: =AV78-AH78 -> 1 | BC78: HL
D79: SPIN CUTTER | E79: =SUM(G79:I79) -> 0 | F79: 0 | J79: =SUM(G79:I79) -> 0 | M79: =K79 | S79: =SUM(P79:R79) -> 0 | Y79: =S79-E79 -> 0 | AG79: SPIN CUTTER | AH79: =SUM(AJ79:AL79) -> 0 | AI79: 0 | AM79: =SUM(AJ79:AL79) -> 0 | AP79: =AN79 | AV79: =SUM(AS79:AU79) -> 0 | BB79: =AV79-AH79 -> 0
C80: 43 | D80: ANGEL CUTTER | E80: =SUM(G80:I80) -> 0 | F80: 0 | J80: =SUM(G80:I80) -> 0 | M80: =K80 | N80: 2 | R80: 2 | S80: =SUM(P80:R80) -> 2 | Y80: =S80-E80 -> 2 | Z80: HL | AF80: 43 | AG80: ANGEL CUTTER | AH80: =SUM(AJ80:AL80) -> 0 | AI80: 0 | AM80: =SUM(AJ80:AL80) -> 0 | AP80: =AN80 | AQ80: 2 | AU80: 2 | AV80: =SUM(AS80:AU80) -> 2 | BB80: =AV80-AH80 -> 2 | BC80: HL
C81: 44 | D81: POTONG WOHLENBERG | E81: =SUM(G81:I81) -> 3 | F81: 3 | I81: 3 | J81: =SUM(G81:I81) -> 3 | K81: 3 | M81: =K81 -> 3 | N81: 2 | R81: 2 | S81: =SUM(P81:R81) -> 2 | Y81: =S81-E81 -> -1 | Z81: HL | AF81: 44 | AG81: POTONG WOHLENBERG | AH81: =SUM(AJ81:AL81) -> 3 | AI81: 3 | AL81: 3 | AM81: =SUM(AJ81:AL81) -> 3 | AN81: 3 | AP81: =AN81 -> 3 | AQ81: 2 | AU81: 2 | AV81: =SUM(AS81:AU81) -> 2 | BB81: =AV81-AH81 -> -1 | BC81: HL
C82: 45 | D82: SHRINK 1 | E82: =SUM(G82:I82) -> 2 | F82: 2 | I82: 2 | J82: =SUM(G82:I82) -> 2 | K82: 2 | M82: =K82 -> 2 | N82: 2 | R82: 4 | S82: =SUM(P82:R82) -> 4 | Y82: =S82-E82 -> 2 | Z82: HL | AF82: 45 | AG82: SHRINK 1 | AH82: =SUM(AJ82:AL82) -> 2 | AI82: 2 | AL82: 2 | AM82: =SUM(AJ82:AL82) -> 2 | AN82: 2 | AP82: =AN82 -> 2 | AQ82: 2 | AU82: 4 | AV82: =SUM(AS82:AU82) -> 4 | BB82: =AV82-AH82 -> 2 | BC82: HL
C83: 46 | D83: SHRINK 2 | E83: =SUM(G83:I83) -> 2 | F83: 2 | I83: 2 | J83: =SUM(G83:I83) -> 2 | K83: 2 | M83: =K83 -> 2 | S83: =SUM(P83:R83) -> 0 | Y83: =S83-E83 -> -2 | AF83: 46 | AG83: SHRINK 2 | AH83: =SUM(AJ83:AL83) -> 2 | AI83: 2 | AL83: 2 | AM83: =SUM(AJ83:AL83) -> 2 | AN83: 2 | AP83: =AN83 -> 2 | AV83: =SUM(AS83:AU83) -> 0 | BB83: =AV83-AH83 -> -2
D84: SORTIR PLANO | E84: =SUM(G84:I84) -> 0 | F84: 1 | J84: =SUM(G84:I84) -> 0 | K84: 3 | M84: =K84 -> 3 | N84: 1 | R84: 3 | S84: =SUM(P84:R84) -> 3 | Y84: =S84-E84 -> 3 | Z84: UNIT RATE | AG84: SORTIR PLANO | AH84: =SUM(AJ84:AL84) -> 0 | AI84: 1 | AM84: =SUM(AJ84:AL84) -> 0 | AN84: 3 | AP84: =AN84 -> 3 | AQ84: 1 | AU84: 3 | AV84: =SUM(AS84:AU84) -> 3 | BB84: =AV84-AH84 -> 3 | BC84: UNIT RATE
D85: KOORDINATOR LAPANGAN | E85: =SUM(G85:I85) -> 3 | F85: 3 | G85: 3 | J85: =SUM(G85:I85) -> 3 | M85: =K85 | N85: 3 | P85: 3 | S85: =SUM(P85:R85) -> 3 | Y85: =S85-E85 -> 0 | AG85: KOORDINATOR LAPANGAN | AH85: =SUM(AJ85:AL85) -> 3 | AI85: 3 | AJ85: 3 | AM85: =SUM(AJ85:AL85) -> 3 | AP85: =AN85 | AQ85: 3 | AS85: 3 | AV85: =SUM(AS85:AU85) -> 3 | BB85: =AV85-AH85 -> 0
D86: ADMIN QUR'AN | E86: =SUM(G86:I86) -> 0 | F86: 0 | J86: =SUM(G86:I86) -> 0 | M86: =K86 | N86: 1 | R86: 1 | S86: =SUM(P86:R86) -> 1 | Y86: =S86-E86 -> 1 | Z86: HL | AG86: ADMIN QUR'AN | AH86: =SUM(AJ86:AL86) -> 0 | AI86: 0 | AM86: =SUM(AJ86:AL86) -> 0 | AP86: =AN86 | AQ86: 1 | AU86: 1 | AV86: =SUM(AS86:AU86) -> 1 | BB86: =AV86-AH86 -> 1 | BC86: HL
D87: ADMIN KOMERSIAL | E87: =SUM(G87:I87) -> 0 | F87: 0 | J87: =SUM(G87:I87) -> 0 | M87: =K87 | N87: 1 | R87: 1 | S87: =SUM(P87:R87) -> 1 | Y87: =S87-E87 -> 1 | Z87: HL | AG87: ADMIN KOMERSIAL | AH87: =SUM(AJ87:AL87) -> 0 | AI87: 0 | AM87: =SUM(AJ87:AL87) -> 0 | AP87: =AN87 | AQ87: 1 | AU87: 1 | AV87: =SUM(AS87:AU87) -> 1 | BB87: =AV87-AH87 -> 1 | BC87: HL
B88: REVISI QUR'AN | E88: =SUM(G88:I88) -> 8 | F88: 2 | I88: 8 | J88: =SUM(G88:I88) -> 8 | M88: =K88 | N88: 2 | R88: 8 | S88: =SUM(P88:R88) -> 8 | Y88: =S88-E88 -> 0 | Z88: UNIT RATE | AE88: REVISI QUR'AN | AH88: =SUM(AJ88:AL88) -> 8 | AI88: 2 | AL88: 8 | AM88: =SUM(AJ88:AL88) -> 8 | AP88: =AN88 | AQ88: 2 | AU88: 8 | AV88: =SUM(AS88:AU88) -> 8 | BB88: =AV88-AH88 -> 0 | BC88: UNIT RATE
B89: PACKING | E89: =SUM(G89:I89) -> 0 | F89: 2 | J89: =SUM(G89:I89) -> 0 | M89: =K89 | N89: 1 | R89: 2 | S89: =SUM(P89:R89) -> 2 | Y89: =S89-E89 -> 2 | Z89: HL | AE89: PACKING | AH89: =SUM(AJ89:AL89) -> 0 | AI89: 2 | AM89: =SUM(AJ89:AL89) -> 0 | AP89: =AN89 | AQ89: 1 | AU89: 2 | AV89: =SUM(AS89:AU89) -> 2 | BB89: =AV89-AH89 -> 2 | BC89: HL
B90: SUPORT AL QURAN | E90: =SUM(G90:I90) -> 1 | F90: 3 | I90: 1 | J90: =SUM(G90:I90) -> 1 | K90: 2 | M90: =K90 -> 2 | N90: 1 | R90: 1 | S90: =SUM(P90:R90) -> 1 | Y90: =S90-E90 -> 0 | Z90: HL | AA90: SUPPORTING PEKERJAAN FINISHING GLOBAL | AE90: SUPORT AL QURAN | AH90: =SUM(AJ90:AL90) -> 1 | AI90: 3 | AL90: 1 | AM90: =SUM(AJ90:AL90) -> 1 | AN90: 2 | AP90: =AN90 -> 2 | AQ90: 1 | AU90: 1 | AV90: =SUM(AS90:AU90) -> 1 | BB90: =AV90-AH90 -> 0 | BC90: HL | BD90: SUPPORTING PEKERJAAN FINISHING GLOBAL
B91: SUPORT KOMERSIAL | E91: =SUM(G91:I91) -> 1 | F91: 2 | I91: 1 | J91: =SUM(G91:I91) -> 1 | K91: 3 | M91: =K91 -> 3 | N91: 2 | R91: 4 | S91: =SUM(P91:R91) -> 4 | Y91: =S91-E91 -> 3 | Z91: HL | AA91: SUPPORTING PEKERJAAN FINISHING GLOBAL | AE91: SUPORT KOMERSIAL | AH91: =SUM(AJ91:AL91) -> 1 | AI91: 2 | AL91: 1 | AM91: =SUM(AJ91:AL91) -> 1 | AN91: 3 | AP91: =AN91 -> 3 | AQ91: 2 | AU91: 4 | AV91: =SUM(AS91:AU91) -> 4 | BB91: =AV91-AH91 -> 3 | BC91: HL | BD91: SUPPORTING PEKERJAAN FINISHING GLOBAL
E93: =SUBTOTAL(9,E6:E91) -> 273 | G93: =SUBTOTAL(9,G6:G91) -> 109 | H93: =SUBTOTAL(9,H6:H91) -> 27 | I93: =SUBTOTAL(9,I6:I91) -> 137 | J93: =SUBTOTAL(9,J6:J91) -> 273 | N93: =SUBTOTAL(9,N6:N91) -> 129 | O93: =SUBTOTAL(9,O6:O91) -> 0 | P93: =SUBTOTAL(9,P6:P91) -> 102 | Q93: =SUBTOTAL(9,Q6:Q91) -> 27 | R93: =SUBTOTAL(9,R6:R91) -> 167 | S93: =SUBTOTAL(9,S6:S91) -> 296 | T93: =SUBTOTAL(9,T6:T91) -> 0 | W93: =SUBTOTAL(9,W6:W91) -> 0 | X93: =SUBTOTAL(9,X6:X91) -> 0 | AH93: =SUBTOTAL(9,AH6:AH91) -> 273 | AJ93: =SUBTOTAL(9,AJ6:AJ91) -> 109 | AK93: =SUBTOTAL(9,AK6:AK91) -> 27 | AL93: =SUBTOTAL(9,AL6:AL91) -> 137 | AM93: =SUBTOTAL(9,AM6:AM91) -> 273 | AQ93: =SUBTOTAL(9,AQ6:AQ91) -> 129 | AR93: =SUBTOTAL(9,AR6:AR91) -> 0 | AS93: =SUBTOTAL(9,AS6:AS91) -> 102 | AT93: =SUBTOTAL(9,AT6:AT91) -> 27 | AU93: =SUBTOTAL(9,AU6:AU91) -> 167 | AV93: =SUBTOTAL(9,AV6:AV91) -> 296 | AW93: =SUBTOTAL(9,AW6:AW91) -> 0 | AZ93: =SUBTOTAL(9,AZ6:AZ91) -> 0 | BA93: =SUBTOTAL(9,BA6:BA91) -> 0
R94: =E93-S93 -> -23 | S94: =S93/E93 -> 1.0842491 | AU94: =AH93-AV93 -> -23 | AV94: =AV93/AH93 -> 1.0842491

Sheet SBY
A1: IDEAL KEBUTUHAN SDM PERKOM 2025
A2: CABANG SURABAYA | L2: 0.05 | R2: average upah dan dikalikan jumlah sdm
A3: NO | B3: DIVISI | C3: MESIN | D3: KEBUTUHAN | I3: SHIFT | J3: BIAYA (RP) | N3: EXISTING | S3: BIAYA (RP) | W3: OUTPUT/OMSET (RP) | X3: RASIO (%) | Y3: KETERANGAN
D4: TETAP | E4: KONTRAK | F4: OS FIX | G4: OS VAR | H4: TOTAL | J4: TETAP | K4: KONTRAK | L4: OS/FIX COST | M4: OS/VAR COST | N4: TETAP | O4: KONTRAK | P4: OS FIX | Q4: OS VAR | R4: total | S4: TETAP | T4: KONTRAK | U4: OS/FIX COST | V4: OS/VAR COST
A5: TOTAL SDM/BIAYA | D5: =SUM(D6:D110) -> 119 | E5: =SUM(E6:E110) -> 11 | F5: =SUM(F6:F110) -> 182 | G5: =SUM(G6:G110) -> 270 | H5: =SUM(H6:H110) -> 582 | J5: =SUM(J6:J110) -> 0 | K5: =SUM(K6:K110) -> 0 | L5: =SUM(L6:L110) -> 4.4338781e+08 | M5: =SUM(M6:M110) -> 500631250 | N5: =SUM(N6:N110) -> 101 | O5: =SUM(O6:O110) -> 23 | P5: =SUM(P6:P110) -> 114 | Q5: =SUM(Q6:Q110) -> 204 | ... V5: =SUM(V6:V110) -> 360125000 | Y5: Selisih Tetap/Kontrak
A6: 1 | B6: GM | D6: 1 | H6: =SUM(D6:G6) -> 1 | O6: 1 | R6: =SUM(N6:Q6) -> 1 | AB6: =SUM(N6:O6)-SUM(D6:E6) -> 0
A7: 2 | B7: MANAGER | H7: =SUM(D7:G7) -> 0 | R7: =SUM(N7:Q7) -> 0 | AB7: =SUM(N7:O7)-SUM(D7:E7) -> 0
A8: 3 | B8: ASMEN | D8: 2 | H8: =SUM(D8:G8) -> 2 | N8: 1 | O8: 1 | R8: =SUM(N8:Q8) -> 2 | AB8: =SUM(N8:O8)-SUM(D8:E8) -> 0
A9: 4 | B9: KEUANGAN | C9: ACC | D9: 3 | E9: 1 | H9: =SUM(D9:G9) -> 4 | I9: 1 | L9: =U9*(1+$L$2) -> 4200000 | M9: =V9*(1+$L$2) -> 0 | O9: 3 | P9: 1 | R9: =SUM(N9:Q9) -> 4 | U9: =200000*20*P9 -> 4000000 | AB9: =SUM(N9:O9)-SUM(D9:E9) -> -1
C10: KASIR/KEU | E10: 1 | H10: =SUM(D10:G10) -> 1 | I10: 1 | L10: =U10*(1+$L$2) -> 0 | M10: =V10*(1+$L$2) -> 0 | O10: 1 | R10: =SUM(N10:Q10) -> 1 | AB10: =SUM(N10:O10)-SUM(D10:E10) -> 0
C11: INVOICING | D11: 1 | H11: =SUM(D11:G11) -> 1 | I11: 1 | L11: =U11*(1+$L$2) -> 0 | M11: =V11*(1+$L$2) -> 0 | N11: 1 | R11: =SUM(N11:Q11) -> 1 | AB11: =SUM(N11:O11)-SUM(D11:E11) -> 0
C12: TRESURY | D12: 2 | H12: =SUM(D12:G12) -> 2 | I12: 1 | L12: =U12*(1+$L$2) -> 0 | M12: =V12*(1+$L$2) -> 0 | N12: 1 | O12: 1 | R12: =SUM(N12:Q12) -> 2 | AB12: =SUM(N12:O12)-SUM(D12:E12) -> 0
A13: 2 | B13: PURCHASING | C13: PURCHASING | D13: 2 | H13: =SUM(D13:G13) -> 2 | I13: 1 | L13: =U13*(1+$L$2) -> 0 | M13: =V13*(1+$L$2) -> 0 | N13: 2 | R13: =SUM(N13:Q13) -> 2 | AB13: =SUM(N13:O13)-SUM(D13:E13) -> 0
B14: MARKETING | C14: ADM MARKETING | D14: 1 | F14: 2 | H14: =SUM(D14:G14) -> 3 | I14: 1 | L14: =U14*(1+$L$2) -> 6720000 | M14: =V14*(1+$L$2) -> 0 | N14: 1 | P14: 2 | R14: =SUM(N14:Q14) -> 3 | U14: =160000*20*2 -> 6400000 | AB14: =SUM(N14:O14)-SUM(D14:E14) -> 0
C15: MARKETING PROYEK | D15: 2 | H15: =SUM(D15:G15) -> 2 | I15: 1 | L15: =U15*(1+$L$2) -> 0 | M15: =V15*(1+$L$2) -> 0 | N15: 2 | R15: =SUM(N15:Q15) -> 2 | AB15: =SUM(N15:O15)-SUM(D15:E15) -> 0
C16: MARKETING | D16: 9 | E16: 4 | H16: =SUM(D16:G16) -> 13 | I16: 1 | L16: =U16*(1+$L$2) -> 3412500 | M16: =V16*(1+$L$2) -> 0 | N16: 9 | O16: 3 | P16: 1 | R16: =SUM(N16:Q16) -> 13 | U16: =130000*25*1 -> 3250000 | AB16: =SUM(N16:O16)-SUM(D16:E16) -> -1
A17: 4 | B17: HC | C17: HRD | D17: 1 | H17: =SUM(D17:G17) -> 1 | I17: 1 | L17: =U17*(1+$L$2) -> 0 | M17: =V17*(1+$L$2) -> 0 | N17: 1 | R17: =SUM(N17:Q17) -> 1 | AB17: =SUM(N17:O17)-SUM(D17:E17) -> 0
C18: GA/UMUM | D18: 5 | H18: =SUM(D18:G18) -> 5 | I18: 1 | L18: =U18*(1+$L$2) -> 0 | M18: =V18*(1+$L$2) -> 0 | N18: 3 | O18: 2 | R18: =SUM(N18:Q18) -> 5 | Y18: HL : Taman/Aval = 2, Kamar mandi = 1, Gedung Komersial/Gudang = 3, Gedung Biru & Basement (Web/Reelstand) = 4, Office (3 lantai) = 2 KARYAWAN : Bank, Front Office, Driver, Building | AB18: =SUM(N18:O18)-SUM(D18:E18) -> 0
C19: TAMAN/AVAL | F19: 2 | H19: =SUM(D19:G19) -> 2 | I19: 1 | L19: =U19*(1+$L$2) -> 4501875 | M19: =V19*(1+$L$2) -> 0 | P19: 2 | R19: =SUM(N19:Q19) -> 2 | U19: =85750*25*P19 -> 4287500 | AB19: =SUM(N19:O19)-SUM(D19:E19) -> 0
C20: KAMAR MANDI | F20: 1 | H20: =SUM(D20:G20) -> 1 | I20: 1 | L20: =U20*(1+$L$2) -> 2598750 | M20: =V20*(1+$L$2) -> 0 | P20: 1 | R20: =SUM(N20:Q20) -> 1 | U20: =99000*25*P20 -> 2475000 | AB20: =SUM(N20:O20)-SUM(D20:E20) -> 0
C21: GEDUNG KOMERSIAL/GUDANG | F21: 3 | H21: =SUM(D21:G21) -> 3 | I21: 1 | L21: =U21*(1+$L$2) -> 6752812.5 | M21: =V21*(1+$L$2) -> 0 | P21: 3 | R21: =SUM(N21:Q21) -> 3 | U21: =85750*25*P21 -> 6431250 | AB21: =SUM(N21:O21)-SUM(D21:E21) -> 0
C22: GEDUNG BIRU & BASEMENT (Web/Reelstand) | F22: 3 | H22: =SUM(D22:G22) -> 3 | I22: 2 | L22: =U22*(1+$L$2) -> 6752812.5 | M22: =V22*(1+$L$2) -> 0 | P22: 3 | R22: =SUM(N22:Q22) -> 3 | U22: =85750*25*P22 -> 6431250 | AB22: =SUM(N22:O22)-SUM(D22:E22) -> 0
C23: OFFICE 3 LT | F23: 3 | H23: =SUM(D23:G23) -> 3 | I23: 1 | L23: =U23*(1+$L$2) -> 6181875 | M23: =V23*(1+$L$2) -> 0 | P23: 3 | R23: =SUM(N23:Q23) -> 3 | U23: =78500*25*P23 -> 5887500 | AB23: =SUM(N23:O23)-SUM(D23:E23) -> 0
C24: SECURITY | F24: 7 | H24: =SUM(D24:G24) -> 7 | I24: 4 | L24: =U24*(1+$L$2) -> 30135000 | M24: =V24*(1+$L$2) -> 0 | P24: 7 | R24: =SUM(N24:Q24) -> 7 | U24: =164000*25*P24 -> 28700000 | AB24: =SUM(N24:O24)-SUM(D24:E24) -> 0
A25: 5 | B25: PPIC | C25: PLANNING | D25: 4 | E25: 1 | F25: 1 | H25: =SUM(D25:G25) -> 6 | I25: 1 | L25: =U25*(1+$L$2) -> 2100000 | M25: =V25*(1+$L$2) -> 0 | N25: 4 | P25: 1 | R25: =SUM(N25:Q25) -> 5 | U25: =80000*25*P25 -> 2000000 | AB25: =SUM(N25:O25)-SUM(D25:E25) -> -1
C26: GUDANG BAHAN BAKU + SPAREPART | D26: 6 | G26: 2 | H26: =SUM(D26:G26) -> 8 | I26: 3 | L26: =U26*(1+$L$2) -> 0 | M26: =V26*(1+$L$2) -> 3937500 | N26: 6 | Q26: 2 | R26: =SUM(N26:Q26) -> 8 | U26: =75000*25*P26 -> 0 | V26: =75000*25*Q26 -> 3750000 | AB26: =SUM(N26:O26)-SUM(D26:E26) -> 0
C27: GUDANG BARANG JADI | D27: 3 | F27: 1 | G27: 3 | H27: =SUM(D27:G27) -> 7 | I27: 2 | L27: =U27*(1+$L$2) -> 2441250 | M27: =V27*(1+$L$2) -> 7323750 | N27: 3 | P27: 1 | Q27: 3 | R27: =SUM(N27:Q27) -> 7 | U27: =93000*25*P27 -> 2325000 | V27: =93000*25*Q27 -> 6975000 | AB27: =SUM(N27:O27)-SUM(D27:E27) -> 0
C28: EKSPEDISI | D28: 1 | G28: 2 | H28: =SUM(D28:G28) -> 3 | I28: 1 | L28: =U28*(1+$L$2) -> 0 | M28: =V28*(1+$L$2) -> 4882500 | N28: 1 | Q28: 2 | R28: =SUM(N28:Q28) -> 3 | V28: =93000*25*Q28 -> 4650000 | AB28: =SUM(N28:O28)-SUM(D28:E28) -> 0
A29: 6 | B29: R&D | C29: R&D | E29: 1 | F29: 1 | H29: =SUM(D29:G29) -> 2 | I29: 3 | M29: =V29*(1+$L$2) -> 0 | R29: =SUM(N29:Q29) -> 0 | U29: =91667*25*P29 -> 0 | AB29: =SUM(N29:O29)-SUM(D29:E29) -> -1
A30: 6 | B30: QA | C30: QC | D30: 3 | F30: 3 | H30: =SUM(D30:G30) -> 6 | I30: 3 | L30: =U30*(1+$L$2) -> 7218776.2 | M30: =V30*(1+$L$2) -> 0 | N30: 1 | O30: 2 | P30: 3 | R30: =SUM(N30:Q30) -> 6 | U30: =91667*25*P30 -> 6875025 | AB30: =SUM(N30:O30)-SUM(D30:E30) -> 0
A31: 7 | B31: TEKNIK | C31: MEKANIK | D31: 10 | F31: 5 | H31: =SUM(D31:G31) -> 15 | I31: 3 | L31: =U31*(1+$L$2) -> 14700000 | M31: =V31*(1+$L$2) -> 0 | N31: 8 | O31: 2 | P31: 5 | R31: =SUM(N31:Q31) -> 15 | U31: =112000*25*P31 -> 14000000 | AB31: =SUM(N31:O31)-SUM(D31:E31) -> 0
C32: ELEKTRIK | D32: 6 | E32: 1 | H32: =SUM(D32:G32) -> 7 | I32: 3 | L32: =U32*(1+$L$2) -> 0 | M32: =V32*(1+$L$2) -> 0 | N32: 6 | R32: =SUM(N32:Q32) -> 6 | AB32: =SUM(N32:O32)-SUM(D32:E32) -> -1
B33: IT | D33: 2 | H33: =SUM(D33:G33) -> 2 | I33: 1 | L33: =U33*(1+$L$2) -> 0 | M33: =V33*(1+$L$2) -> 0 | N33: 2 | R33: =SUM(N33:Q33) -> 2 | AB33: =SUM(N33:O33)-SUM(D33:E33) -> 0
A34: 8 | B34: PRACETAK | C34: KODAK 1 | D34: 5 | F34: 1 | H34: =SUM(D34:G34) -> 6 | I34: 1 | K34: =4874132*E34 -> 0 | L34: =U34*(1+$L$2) -> 3648750 | M34: =V34*(1+$L$2) -> 0 | N34: 5 | P34: 1 | R34: =SUM(N34:Q34) -> 6 | U34: =139000*25*P34 -> 3475000 | Y34: 2 | AB34: =SUM(N34:O34)-SUM(D34:E34) -> 0
C35: KODAK 2 | I35: 3 | L35: =U35*(1+$L$2) -> 0 | M35: =V35*(1+$L$2) -> 0 | AB35: =SUM(N35:O35)-SUM(D35:E35) -> 0
C36: SCREEN 1 | I36: 2 | L36: =U36*(1+$L$2) -> 0 | M36: =V36*(1+$L$2) -> 0 | AB36: =SUM(N36:O36)-SUM(D36:E36) -> 0
C37: A8T | I37: 3 | L37: =U37*(1+$L$2) -> 0 | M37: =V37*(1+$L$2) -> 0 | AB37: =SUM(N37:O37)-SUM(D37:E37) -> 0
C38: AVALON | I38: 1 | L38: =U38*(1+$L$2) -> 0 | M38: =V38*(1+$L$2) -> 0 | AB38: =SUM(N38:O38)-SUM(D38:E38) -> 0
A39: 3 | C39: MD | D39: 1 | E39: 1 | H39: =SUM(D39:G39) -> 2 | I39: 1 | L39: =U39*(1+$L$2) -> 0 | M39: =V39*(1+$L$2) -> 0 | N39: 1 | O39: 1 | R39: =SUM(N39:Q39) -> 2 | AB39: =SUM(N39:O39)-SUM(D39:E39) -> 0
A40: a | B40: SHEET | C40: KOMORI 1 | D40: 3 | F40: 5 | H40: =SUM(D40:G40) -> 8 | I40: 3 | L40: =U40*(1+$L$2) -> 11494481 | M40: =V40*(1+$L$2) -> 0 | N40: 3 | P40: 5 | R40: =SUM(N40:Q40) -> 8 | U40: =87577*25*P40 -> 10947125 | AB40: =SUM(N40:O40)-SUM(D40:E40) -> 0
C41: KOMORI 2 | D41: 4 | F41: 5 | H41: =SUM(D41:G41) -> 9 | I41: 2 | L41: =U41*(1+$L$2) -> 11494481 | M41: =V41*(1+$L$2) -> 0 | N41: 3 | O41: 1 | P41: 5 | R41: =SUM(N41:Q41) -> 9 | U41: =87577*25*P41 -> 10947125 | AB41: =SUM(N41:O41)-SUM(D41:E41) -> 0
C42: KOMORI 3 | D42: 3 | F42: 6 | H42: =SUM(D42:G42) -> 9 | I42: 3 | L42: =U42*(1+$L$2) -> 13793378 | M42: =V42*(1+$L$2) -> 0 | N42: 3 | P42: 6 | R42: =SUM(N42:Q42) -> 9 | U42: =87577*25*P42 -> 13136550 | AB42: =SUM(N42:O42)-SUM(D42:E42) -> 0
C43: HEIDELBERG | F43: 5 | H43: =SUM(D43:G43) -> 5 | I43: 2 | L43: =87577*25*F43 -> 10947125 | M43: =V43*(1+$L$2) -> 0 | R43: =SUM(N43:Q43) -> 0 | AB43: =SUM(N43:O43)-SUM(D43:E43) -> 0
A44: 10 | B44: WEB | C44: UNISET 1 | F44: 5 | H44: =SUM(D44:G44) -> 5 | I44: 1 | L44: =94000*25*F44 -> 11750000 | M44: =V44*(1+$L$2) -> 0 | R44: =SUM(N44:Q44) -> 0 | U44: =92477*25*P44 -> 0 | Z44: JP+KOM | AB44: =SUM(N44:O44)-SUM(D44:E44) -> 0
C45: UNISET 2 | F45: 10 | H45: =SUM(D45:G45) -> 10 | I45: 2 | L45: =94000*25*F45 -> 23500000 | M45: =V45*(1+$L$2) -> 0 | R45: =SUM(N45:Q45) -> 0 | Z45: JP+KOM | AB45: =SUM(N45:O45)-SUM(D45:E45) -> 0
C46: COUNTER | F46: 1 | H46: =SUM(D46:G46) -> 1 | I46: 1 | L46: =U46*(1+$L$2) -> 0 | M46: =V46*(1+$L$2) -> 0 | R46: =SUM(N46:Q46) -> 0 | AB46: =SUM(N46:O46)-SUM(D46:E46) -> 0
C47: UNIVERSAL L3 | D47: 2 | F47: 1 | G47: 2 | H47: =SUM(D47:G47) -> 5 | I47: 1 | L47: =U47*(1+$L$2) -> 2467500 | M47: =V47*(1+$L$2) -> 3675000 | N47: 1 | O47: 1 | P47: 1 | Q47: 2 | R47: =SUM(N47:Q47) -> 5 | U47: =94000*25*P47 -> 2350000 | V47: =70000*25*Q47 -> 3500000 | Z47: JP+KOM | AB47: =SUM(N47:O47)-SUM(D47:E47) -> 0
C48: UNIVERSAL 63/L6 | D48: 1 | F48: 4 | H48: =SUM(D48:G48) -> 5 | I48: 1 | L48: =U48*(1+$L$2) -> 9870000 | M48: =V48*(1+$L$2) -> 0 | O48: 1 | P48: 4 | R48: =SUM(N48:Q48) -> 5 | U48: =94000*25*P48 -> 9400000 | AB48: =SUM(N48:O48)-SUM(D48:E48) -> 0
C49: TENSOR | D49: 5 | F49: 3 | H49: =SUM(D49:G49) -> 8 | I49: 2 | L49: =U49*(1+$L$2) -> 9870000 | M49: =V49*(1+$L$2) -> 0 | N49: 5 | P49: 4 | R49: =SUM(N49:Q49) -> 9 | U49: =94000*25*P49 -> 9400000 | AB49: =SUM(N49:O49)-SUM(D49:E49) -> 0
C50: KBA 63 | F50: 4 | H50: =SUM(D50:G50) -> 4 | I50: 1 | L50: =94000*25*F50 -> 9400000 | M50: =V50*(1+$L$2) -> 0 | R50: =SUM(N50:Q50) -> 0 | AB50: =SUM(N50:O50)-SUM(D50:E50) -> 0
C51: GLOBAL | F51: 4 | H51: =SUM(D51:G51) -> 4 | I51: 1 | L51: =94000*25*F51 -> 9400000 | M51: =V51*(1+$L$2) -> 0 | R51: =SUM(N51:Q51) -> 0 | AB51: =SUM(N51:O51)-SUM(D51:E51) -> 0
C52: DEV HORISSON | F52: 3 | H52: =SUM(D52:G52) -> 3 | I52: 1 | L52: =94000*25*F52 -> 7050000 | M52: =V52*(1+$L$2) -> 0 | R52: =SUM(N52:Q52) -> 0 | AB52: =SUM(N52:O52)-SUM(D52:E52) -> 0
C53: SOLNA OLD | D53: 4 | F53: 11 | H53: =SUM(D53:G53) -> 15 | I53: 3 | L53: =U53*(1+$L$2) -> 27142500 | M53: =V53*(1+$L$2) -> 0 | N53: 4 | P53: 11 | R53: =SUM(N53:Q53) -> 15 | U53: =94000*25*P53 -> 25850000 | AB53: =SUM(N53:O53)-SUM(D53:E53) -> 0
C54: SOLNA NEW | D54: 6 | F54: 9 | H54: =SUM(D54:G54) -> 15 | I54: 3 | L54: =U54*(1+$L$2) -> 22207500 | M54: =V54*(1+$L$2) -> 0 | N54: 6 | P54: 9 | R54: =SUM(N54:Q54) -> 15 | U54: =94000*25*P54 -> 21150000 | AB54: =SUM(N54:O54)-SUM(D54:E54) -> 0
C55: BACKING PLATE | F55: 1 | H55: =SUM(D55:G55) -> 1 | L55: =U55*(1+$L$2) -> 2467500 | M55: =V55*(1+$L$2) -> 0 | P55: 1 | R55: =SUM(N55:Q55) -> 1 | U55: =94000*25*P55 -> 2350000 | AB55: =SUM(N55:O55)-SUM(D55:E55) -> 0
C56: KOORDINATOR LAPANGAN | D56: 4 | E56: 1 | H56: =SUM(D56:G56) -> 5 | I56: 3 | L56: =U56*(1+$L$2) -> 0 | M56: =V56*(1+$L$2) -> 0 | N56: 2 | O56: 2 | R56: =SUM(N56:Q56) -> 4 | AB56: =SUM(N56:O56)-SUM(D56:E56) -> -1
A57: 11 | B57: FINISHING KOMERSIAL | C57: YOSHINO NEW VEGA | D57: 3 | F57: 3 | G57: 18 | H57: =SUM(D57:G57) -> 24 | I57: 3 | L57: =U57*(1+$L$2) -> 6778642.5 | M57: =V57*(1+$L$2) -> 33075000 | N57: 3 | P57: 3 | Q57: 18 | R57: =SUM(N57:Q57) -> 24 | U57: =86078*25*P57 -> 6455850 | V57: =70000*25*Q57 -> 31500000 | Y57: HL/UR | Z57: Harian hanya pada saat ada pekerjaan | AB57: =SUM(N57:O57)-SUM(D57:E57) -> 0
C58: MULLER PRESTO | D58: 1 | F58: 2 | G58: 6 | H58: =SUM(D58:G58) -> 9 | I58: 3 | L58: =U58*(1+$L$2) -> 4519095 | M58: =V58*(1+$L$2) -> 11025000 | N58: 1 | P58: 2 | Q58: 6 | R58: =SUM(N58:Q58) -> 9 | U58: =86078*25*P58 -> 4303900 | V58: =70000*25*Q58 -> 10500000 | Y58: HL | AB58: =SUM(N58:O58)-SUM(D58:E58) -> 0
C59: OSAKO | F59: 3 | H59: =SUM(D59:G59) -> 3 | I59: 1 | L59: =86078*25*F59 -> 6455850 | M59: =V59*(1+$L$2) -> 0 | R59: =SUM(N59:Q59) -> 0 | U59: =86078*25*P59 -> 0 | V59: =70000*25*Q59 -> 0 | Y59: HL | AB59: =SUM(N59:O59)-SUM(D59:E59) -> 0
C60: STAHL 1 | D60: 1 | F60: 2 | G60: 3 | H60: =SUM(D60:G60) -> 6 | I60: 3 | L60: =U60*(1+$L$2) -> 4519095 | M60: =V60*(1+$L$2) -> 5512500 | N60: 1 | P60: 2 | Q60: 3 | R60: =SUM(N60:Q60) -> 6 | U60: =86078*25*P60 -> 4303900 | V60: =70000*25*Q60 -> 5250000 | Y60: HL/UR | Z60: UR menyesuaikan jumlah Oplah | AB60: =SUM(N60:O60)-SUM(D60:E60) -> 0
C61: STAHL 2 | F61: 3 | G61: 3 | H61: =SUM(D61:G61) -> 6 | I61: 3 | L61: =U61*(1+$L$2) -> 6778642.5 | M61: =V61*(1+$L$2) -> 5512500 | P61: 3 | Q61: 3 | R61: =SUM(N61:Q61) -> 6 | U61: =86078*25*P61 -> 6455850 | V61: =70000*25*Q61 -> 5250000 | Y61: HL/UR | AB61: =SUM(N61:O61)-SUM(D61:E61) -> 0
C62: STAHL 3 | F62: 7 | H62: =SUM(D62:G62) -> 7 | I62: 3 | L62: =86078*25*F62 -> 15063650 | M62: =V62*(1+$L$2) -> 0 | R62: =SUM(N62:Q62) -> 0 | U62: =86078*25*P62 -> 0 | V62: =70000*25*Q62 -> 0 | Y62: HL/UR | AB62: =SUM(N62:O62)-SUM(D62:E62) -> 0
C63: POTONG POLAR | D63: 1 | F63: 2 | G63: 3 | H63: =SUM(D63:G63) -> 6 | I63: 3 | L63: =U63*(1+$L$2) -> 4519095 | M63: =V63*(1+$L$2) -> 5512500 | N63: 1 | P63: 2 | Q63: 3 | R63: =SUM(N63:Q63) -> 6 | U63: =86078*25*P63 -> 4303900 | V63: =70000*25*Q63 -> 5250000 | Y63: HL | Z63: Menyesuaikan pekerjaan | AB63: =SUM(N63:O63)-SUM(D63:E63) -> 0
C64: POTONG ROBOCUT | G64: 4 | H64: =SUM(D64:G64) -> 4 | I64: 2 | L64: =U64*(1+$L$2) -> 0 | M64: =V64*(1+$L$2) -> 7350000 | Q64: 4 | R64: =SUM(N64:Q64) -> 4 | U64: =86078*25*P64 -> 0 | V64: =70000*25*Q64 -> 7000000 | Y64: HL | AB64: =SUM(N64:O64)-SUM(D64:E64) -> 0
C65: TRIMMER TSK | G65: 9 | H65: =SUM(D65:G65) -> 9 | I65: 3 | L65: =U65*(1+$L$2) -> 0 | M65: =V65*(1+$L$2) -> 16537500 | Q65: 9 | R65: =SUM(N65:Q65) -> 9 | U65: =86078*25*P65 -> 0 | V65: =70000*25*Q65 -> 15750000 | Y65: HL | AB65: =SUM(N65:O65)-SUM(D65:E65) -> 0
C66: UV VARNISH | D66: 1 | F66: 2 | G66: 3 | H66: =SUM(D66:G66) -> 6 | I66: 3 | L66: =U66*(1+$L$2) -> 2259547.5 | M66: =V66*(1+$L$2) -> 7350000 | N66: 1 | P66: 1 | Q66: 4 | R66: =SUM(N66:Q66) -> 6 | U66: =86078*25*P66 -> 2151950 | V66: =70000*25*Q66 -> 7000000 | Y66: HL | AB66: =SUM(N66:O66)-SUM(D66:E66) -> 0
C67: POTONG WOHLENBERG | F67: 1 | H67: =SUM(D67:G67) -> 1 | I67: 1 | L67: =U67*(1+$L$2) -> 2259547.5 | M67: =V67*(1+$L$2) -> 0 | P67: 1 | R67: =SUM(N67:Q67) -> 1 | U67: =86078*25*P67 -> 2151950 | V67: =70000*25*Q67 -> 0 | Y67: HL | AB67: =SUM(N67:O67)-SUM(D67:E67) -> 0
C68: KOORDINATOR LAPANGAN | D68: 5 | H68: =SUM(D68:G68) -> 5 | I68: 3 | L68: =U68*(1+$L$2) -> 0 | M68: =V68*(1+$L$2) -> 0 | N68: 4 | O68: 1 | R68: =SUM(N68:Q68) -> 5 | U68: =86078*25*P68 -> 0 | V68: =70000*25*Q68 -> 0 | Y68: HL | AB68: =SUM(N68:O68)-SUM(D68:E68) -> 0
C69: SISIP MANUAL | G69: 60 | H69: =SUM(D69:G69) -> 60 | I69: 2 | L69: =U69*(1+$L$2) -> 0 | M69: =V69*(1+$L$2) -> 110250000 | Q69: 60 | R69: =SUM(N69:Q69) -> 60 | U69: =86078*25*P69 -> 0 | V69: =70000*25*Q69 -> 105000000 | Y69: UR | Z69: UR menyesuaikan jumlah Oplah | AB69: =SUM(N69:O69)-SUM(D69:E69) -> 0
C70: ANGEL CUTTER | F70: 2 | H70: =SUM(D70:G70) -> 2 | I70: 1 | L70: =U70*(1+$L$2) -> 2259547.5 | M70: =V70*(1+$L$2) -> 1837500 | P70: 1 | Q70: 1 | R70: =SUM(N70:Q70) -> 2 | U70: =86078*25*P70 -> 2151950 | V70: =70000*25*Q70 -> 1750000 | Y70: HL | AB70: =SUM(N70:O70)-SUM(D70:E70) -> 0
C71: LAMINATING (PAMOR KECIL) | G71: 3 | H71: =SUM(D71:G71) -> 3 | I71: 3 | L71: =U71*(1+$L$2) -> 0 | M71: =V71*(1+$L$2) -> 5512500 | Q71: 3 | R71: =SUM(N71:Q71) -> 3 | U71: =86078*25*P71 -> 0 | V71: =70000*25*Q71 -> 5250000 | Y71: HL | AB71: =SUM(N71:O71)-SUM(D71:E71) -> 0
C72: PISAH VEL HASIL CETAK | G72: 12 | H72: =SUM(D72:G72) -> 12 | I72: 2 | L72: =U72*(1+$L$2) -> 0 | M72: =V72*(1+$L$2) -> 22050000 | Q72: 12 | R72: =SUM(N72:Q72) -> 12 | U72: =86078*25*P72 -> 0 | V72: =70000*25*Q72 -> 21000000 | Y72: UR | AB72: =SUM(N72:O72)-SUM(D72:E72) -> 0
C73: LIPAT RATAN 1 | D73: 1 | G73: 1 | H73: =SUM(D73:G73) -> 2 | I73: 1 | L73: =U73*(1+$L$2) -> 0 | M73: =V73*(1+$L$2) -> 1837500 | N73: 1 | Q73: 1 | R73: =SUM(N73:Q73) -> 2 | U73: =86078*25*P73 -> 0 | V73: =70000*25*Q73 -> 1750000 | Y73: HL | AB73: =SUM(N73:O73)-SUM(D73:E73) -> 0
C74: LIPAT RATAN 2 | F74: 1 | G74: 1 | H74: =SUM(D74:G74) -> 2 | I74: 1 | L74: =86078*25*F74 -> 2151950 | M74: =70000*25*G74 -> 1750000 | R74: =SUM(N74:Q74) -> 0 | U74: =86078*25*P74 -> 0 | V74: =70000*25*Q74 -> 0 | Y74: HL | AB74: =SUM(N74:O74)-SUM(D74:E74) -> 0
C75: PLONG | F75: 3 | G75: 9 | H75: =SUM(D75:G75) -> 12 | I75: 3 | L75: =86078*25*F75 -> 6455850 | M75: =70000*25*G75 -> 15750000 | R75: =SUM(N75:Q75) -> 0 | U75: =86078*25*P75 -> 0 | V75: =70000*25*Q75 -> 0 | AB75: =SUM(N75:O75)-SUM(D75:E75) -> 0
C76: PASANG SPIRAL | F76: 3 | G76: 9 | H76: =SUM(D76:G76) -> 12 | I76: 3 | L76: =86078*25*F76 -> 6455850 | M76: =70000*25*G76 -> 15750000 | R76: =SUM(N76:Q76) -> 0 | U76: =86078*25*P76 -> 0 | V76: =70000*25*Q76 -> 0 | AB76: =SUM(N76:O76)-SUM(D76:E76) -> 0
C77: PLONG | F77: 3 | G77: 9 | H77: =SUM(D77:G77) -> 12 | I77: 3 | L77: =86078*25*F77 -> 6455850 | M77: =70000*25*G77 -> 15750000 | R77: =SUM(N77:Q77) -> 0 | U77: =86078*25*P77 -> 0 | V77: =70000*25*Q77 -> 0 | AB77: =SUM(N77:O77)-SUM(D77:E77) -> 0
C78: SPIRAL KALENDER | F78: 3 | G78: 9 | H78: =SUM(D78:G78) -> 12 | I78: 3 | L78: =86078*25*F78 -> 6455850 | M78: =70000*25*G78 -> 15750000 | R78: =SUM(N78:Q78) -> 0 | U78: =86078*25*P78 -> 0 | V78: =70000*25*Q78 -> 0 | AB78: =SUM(N78:O78)-SUM(D78:E78) -> 0
C79: ADMIN KOMERSIAL | F79: 2 | H79: =SUM(D79:G79) -> 2 | I79: 2 | L79: =U79*(1+$L$2) -> 4519095 | M79: =70000*25*G79 -> 0 | P79: 2 | R79: =SUM(N79:Q79) -> 2 | U79: =86078*25*P79 -> 4303900 | V79: =70000*25*Q79 -> 0 | Y79: HL | AB79: =SUM(N79:O79)-SUM(D79:E79) -> 0
C80: SUPPORT KOMERSIAL | F80: 3 | G80: 3 | H80: =SUM(D80:G80) -> 6 | I80: 3 | L80: =U80*(1+$L$2) -> 6778642.5 | M80: =V80*(1+$L$2) -> 5512500 | P80: 3 | Q80: 3 | R80: =SUM(N80:Q80) -> 6 | U80: =86078*25*P80 -> 6455850 | V80: =70000*25*Q80 -> 5250000 | Y80: HL | AB80: =SUM(N80:O80)-SUM(D80:E80) -> 0
B81: ALQUR'AN | C81: COLLATING | F81: 1 | G81: 6 | H81: =SUM(D81:G81) -> 7 | I81: 1 | L81: =U81*(1+$L$2) -> 2259547.5 | M81: =V81*(1+$L$2) -> 11025000 | P81: 1 | Q81: 6 | R81: =SUM(N81:Q81) -> 7 | U81: =86078*25*P81 -> 2151950 | V81: =70000*25*Q81 -> 10500000 | Y81: UNIT RATE | AB81: =SUM(N81:O81)-SUM(D81:E81) -> 0
C82: SEWING VENTURA | F82: 2 | H82: =SUM(D82:G82) -> 2 | I82: 2 | L82: =86078*25*F82 -> 4303900 | M82: =V82*(1+$L$2) -> 0 | R82: =SUM(N82:Q82) -> 0 | U82: =86078*25*P82 -> 0 | V82: =70000*25*Q82 -> 0 | Y82: UNIT RATE | AB82: =SUM(N82:O82)-SUM(D82:E82) -> 0
C83: SEWING ASTER EVO | D83: 1 | F83: 1 | G83: 2 | H83: =SUM(D83:G83) -> 4 | I83: 2 | L83: =U83*(1+$L$2) -> 2259547.5 | M83: =V83*(1+$L$2) -> 3675000 | N83: 1 | P83: 1 | Q83: 2 | R83: =SUM(N83:Q83) -> 4 | U83: =86078*25*P83 -> 2151950 | V83: =70000*25*Q83 -> 3500000 | Y83: HL | AB83: =SUM(N83:O83)-SUM(D83:E83) -> 0
C84: SEWING ASTER BKS | F84: 4 | H84: =SUM(D84:G84) -> 4 | I84: 2 | L84: =86078*25*F84 -> 8607800 | M84: =V84*(1+$L$2) -> 0 | R84: =SUM(N84:Q84) -> 0 | U84: =86078*25*P84 -> 0 | V84: =70000*25*Q84 -> 0 | Y84: UNIT RATE | AB84: =SUM(N84:O84)-SUM(D84:E84) -> 0
C85: BLOK LEM SIGLOCH | F85: 2 | G85: 2 | H85: =SUM(D85:G85) -> 4 | I85: 2 | L85: =U85*(1+$L$2) -> 4519095 | M85: =V85*(1+$L$2) -> 3675000 | P85: 2 | Q85: 2 | R85: =SUM(N85:Q85) -> 4 | U85: =86078*25*P85 -> 4303900 | V85: =70000*25*Q85 -> 3500000 | Y85: HL/UR | AB85: =SUM(N85:O85)-SUM(D85:E85) -> 0
C86: BLOK LEM WOOJIN | F86: 2 | H86: =SUM(D86:G86) -> 2 | I86: 1 | L86: =86078*25*F86 -> 4303900 | M86: =V86*(1+$L$2) -> 0 | R86: =SUM(N86:Q86) -> 0 | U86: =86078*25*P86 -> 0 | V86: =70000*25*Q86 -> 0 | Y86: HL/UR | AB86: =SUM(N86:O86)-SUM(D86:E86) -> 0
C87: CASE MAKER DA | D87: 1 | F87: 1 | G87: 2 | H87: =SUM(D87:G87) -> 4 | I87: 2 | L87: =U87*(1+$L$2) -> 2259547.5 | M87: =V87*(1+$L$2) -> 3675000 | N87: 1 | P87: 1 | Q87: 2 | R87: =SUM(N87:Q87) -> 4 | U87: =86078*25*P87 -> 2151950 | V87: =70000*25*Q87 -> 3500000 | Y87: HL | AB87: =SUM(N87:O87)-SUM(D87:E87) -> 0
C88: CASE MAKER SW | G88: 2 | H88: =SUM(D88:G88) -> 2 | I88: 1 | L88: =U88*(1+$L$2) -> 0 | M88: =70000*25*G88 -> 3500000 | R88: =SUM(N88:Q88) -> 0 | U88: =86078*25*P88 -> 0 | V88: =70000*25*Q88 -> 0 | Y88: HL/UR | AB88: =SUM(N88:O88)-SUM(D88:E88) -> 0
C89: LAMINASI 1 | F89: 2 | G89: 2 | H89: =SUM(D89:G89) -> 4 | I89: 2 | L89: =U89*(1+$L$2) -> 4519095 | M89: =V89*(1+$L$2) -> 3675000 | P89: 2 | Q89: 2 | R89: =SUM(N89:Q89) -> 4 | U89: =86078*25*P89 -> 4303900 | V89: =70000*25*Q89 -> 3500000 | Y89: UNIT RATE | AB89: =SUM(N89:O89)-SUM(D89:E89) -> 0
C90: LAMINASI 2 (CUTTER) | F90: 1 | G90: 2 | H90: =SUM(D90:G90) -> 3 | I90: 2 | L90: =86078*25*F90 -> 2151950 | M90: =70000*25*G90 -> 3500000 | R90: =SUM(N90:Q90) -> 0 | U90: =86078*25*P90 -> 0 | V90: =70000*25*Q90 -> 0 | Y90: UNIT RATE | AB90: =SUM(N90:O90)-SUM(D90:E90) -> 0
C91: DEBOSS | G91: 3 | H91: =SUM(D91:G91) -> 3 | I91: 3 | L91: =U91*(1+$L$2) -> 0 | M91: =70000*25*G91 -> 5250000 | R91: =SUM(N91:Q91) -> 0 | U91: =86078*25*P91 -> 0 | V91: =70000*25*Q91 -> 0 | Y91: UNIT RATE | AB91: =SUM(N91:O91)-SUM(D91:E91) -> 0
C92: BINDING TSK | F92: 2 | G92: 2 | H92: =SUM(D92:G92) -> 4 | I92: 2 | L92: =U92*(1+$L$2) -> 4519095 | M92: =V92*(1+$L$2) -> 3675000 | P92: 2 | Q92: 2 | R92: =SUM(N92:Q92) -> 4 | U92: =86078*25*P92 -> 4303900 | V92: =70000*25*Q92 -> 3500000 | Y92: HL | AB92: =SUM(N92:O92)-SUM(D92:E92) -> 0
C93: CASE IN KOLBUS | D93: 1 | F93: 1 | G93: 4 | H93: =SUM(D93:G93) -> 6 | I93: 2 | L93: =U93*(1+$L$2) -> 2259547.5 | M93: =V93*(1+$L$2) -> 7350000 | N93: 1 | P93: 1 | Q93: 4 | R93: =SUM(N93:Q93) -> 6 | U93: =86078*25*P93 -> 2151950 | V93: =70000*25*Q93 -> 7000000 | Y93: HL | AB93: =SUM(N93:O93)-SUM(D93:E93) -> 0
C94: CASE IN MANUAL & REVISI | G94: 11 | H94: =SUM(D94:G94) -> 11 | I94: 2 | L94: =U94*(1+$L$2) -> 0 | M94: =V94*(1+$L$2) -> 20212500 | Q94: 11 | R94: =SUM(N94:Q94) -> 11 | U94: =86078*25*P94 -> 0 | V94: =70000*25*Q94 -> 19250000 | Y94: HL | AB94: =SUM(N94:O94)-SUM(D94:E94) -> 0
C95: SORTIR (HASIL CASE IN) + PROGRESS WIP | G95: 5 | H95: =SUM(D95:G95) -> 5 | I95: 1 | L95: =U95*(1+$L$2) -> 0 | M95: =V95*(1+$L$2) -> 9187500 | Q95: 5 | R95: =SUM(N95:Q95) -> 5 | U95: =86078*25*P95 -> 0 | V95: =70000*25*Q95 -> 8750000 | Y95: HL | AB95: =SUM(N95:O95)-SUM(D95:E95) -> 0
C96: CUTTING BOARD 1 | G96: 2 | H96: =SUM(D96:G96) -> 2 | I96: 1 | L96: =U96*(1+$L$2) -> 2259547.5 | M96: =V96*(1+$L$2) -> 1837500 | P96: 1 | Q96: 1 | R96: =SUM(N96:Q96) -> 2 | U96: =86078*25*P96 -> 2151950 | V96: =70000*25*Q96 -> 1750000 | Y96: HL | AB96: =SUM(N96:O96)-SUM(D96:E96) -> 0
C97: SHRINK 1 | F97: 2 | G97: 2 | H97: =SUM(D97:G97) -> 4 | I97: 2 | L97: =U97*(1+$L$2) -> 4519095 | M97: =V97*(1+$L$2) -> 3675000 | P97: 2 | Q97: 2 | R97: =SUM(N97:Q97) -> 4 | U97: =86078*25*P97 -> 4303900 | V97: =70000*25*Q97 -> 3500000 | Y97: HL | AB97: =SUM(N97:O97)-SUM(D97:E97) -> 0
C98: SHRINK 2 | F98: 2 | G98: 2 | H98: =SUM(D98:G98) -> 4 | I98: 2 | L98: =86078*25*F98 -> 4303900 | M98: =70000*25*G98 -> 3500000 | R98: =SUM(N98:Q98) -> 0 | U98: =86078*25*P98 -> 0 | V98: =70000*25*Q98 -> 0 | AB98: =SUM(N98:O98)-SUM(D98:E98) -> 0
C99: SHRINK 3 | F99: 2 | G99: 2 | H99: =SUM(D99:G99) -> 4 | I99: 2 | L99: =86078*25*F99 -> 4303900 | M99: =70000*25*G99 -> 3500000 | R99: =SUM(N99:Q99) -> 0 | U99: =86078*25*P99 -> 0 | V99: =70000*25*Q99 -> 0 | AB99: =SUM(N99:O99)-SUM(D99:E99) -> 0
C100: REWINDER | G100: 1 | H100: =SUM(D100:G100) -> 1 | I100: 2 | L100: =U100*(1+$L$2) -> 0 | M100: =V100*(1+$L$2) -> 1837500 | Q100: 1 | R100: =SUM(N100:Q100) -> 1 | U100: =86078*25*P100 -> 0 | V100: =70000*25*Q100 -> 1750000 | Y100: HL | AB100: =SUM(N100:O100)-SUM(D100:E100) -> 0
...

Sheet BKS
A1: IDEAL KEBUTUHAN SDM PERKOM 2024 | W1: SELISIH | AB1: IDEAL KEBUTUHAN SDM PERKOM 2023 | AO1: SELISIH
A2: CABANG BEKASI (GUDANG SENTRAL) | L2: 0.05 | N2: =SUBTOTAL(9,N6:N14) -> 0 | O2: =SUBTOTAL(9,O6:O14) -> 1 | P2: =SUBTOTAL(9,P6:P14) -> 13 | S2: =SUM(N2:P2) -> 14 | U2: w32 | W2: =78-65 -> 13 | AB2: CABANG BEKASI | AH2: =SUBTOTAL(9,AH6:AH38) -> 18 | AI2: =SUBTOTAL(9,AI6:AI38) -> 9 | AJ2: =SUBTOTAL(9,AJ6:AJ38) -> 56.6 | AL2: =SUM(AH2:AJ2) -> 83.6 | AO2: =78-65 -> 13
A3: NO | B3: DIVISI | C3: MESIN | D3: Kebutuhan (Orang) | I3: SHIFT | J3: BIAYA (RP) | N3: EXISTING | S3: BIAYA (RP) | W3: OUTPUT/OMSET (RP) | X3: RASIO (%) | Y3: KETERANGAN | AB3: NO | AC3: DIVISI | AD3: MESIN | AE3: Kebutuhan (Orang) | AF3: SHIFT | AG3: BIAYA (RP) | AH3: EXISTING | AL3: BIAYA (RP) | AO3: OUTPUT/OMSET (RP) | AP3: RASIO (%) | AQ3: KETERANGAN
D4: TETAP | E4: KONTRAK | F4: OS FIX | G4: OS VAR | H4: total | J4: TETAP | K4: KONTRAK | L4: OS/FIX COST | M4: OS/VAR COST | N4: TETAP | O4: KONTRAK | P4: OS FIX | Q4: OS VAR | R4: total | S4: TETAP | T4: KONTRAK | U4: OS/FIX COST | V4: OS/VAR COST | AH4: TETAP | AI4: KONTRAK | AJ4: OS/HL | AK4: total | AL4: TETAP | AM4: KONTRAK | AN4: OS/HL
A5: TOTAL SDM/BIAYA | D5: =SUBTOTAL(9,D6:D14) -> 0 | E5: =SUBTOTAL(9,E6:E14) -> 1 | F5: =SUBTOTAL(9,F6:F14) -> 13 | G5: =SUBTOTAL(9,G6:G14) -> 6 | H5: =SUBTOTAL(9,H6:H14) -> 14 | L5: =SUBTOTAL(9,L6:L14) -> 37780851 | M5: =SUBTOTAL(9,M6:M14) -> 32881356 | N5: =SUBTOTAL(9,N6:N14) -> 0 | O5: =SUBTOTAL(9,O6:O14) -> 1 | P5: =SUBTOTAL(9,P6:P14) -> 13 | Q5: =SUBTOTAL(9,Q6:Q14) -> 0 | R5: =SUBTOTAL(9,R6:R14) -> 14 | S5: 84223569 | T5: 60488716 | U5: =SUBTOTAL(9,U6:U14) -> 35981763 | AB5: TOTAL SDM/BIAYA | AE5: =SUBTOTAL(9,AE6:AE38) -> 84 | AH5: =SUBTOTAL(9,AH6:AH38) -> 18 | AI5: =SUBTOTAL(9,AI6:AI38) -> 9 | AJ5: =SUBTOTAL(9,AJ6:AJ38) -> 56.6 | AL5: 84223569 | AM5: 60488716 | AN5: =SUBTOTAL(9,AN6:AN38) -> 0
A6: 1 | B6: GA/UMUM | C6: GA/UMUM | F6: 1 | H6: =SUM(D6:F6) -> 1 | L6: =U6*(1+$L$2) -> 2100000 | P6: 1 | R6: =SUM(N6:P6) -> 1 | U6: =80000*25*P6 -> 2000000 | AC6: BM | AE6: 1 | AF6: 1 | AH6: 1 | AK6: =SUM(AH6:AJ6) -> 1
C7: SECURITY | F7: 1 | H7: =SUM(D7:F7) -> 1 | L7: =U7*(1+$L$2) -> 5480226.2 | P7: 1 | R7: =SUM(N7:P7) -> 1 | U7: =5219263*P7 -> 5219263 | AC7: KADIV PRODUKSI | AE7: 1 | AF7: 1 | AI7: 1 | AK7: =SUM(AH7:AJ7) -> 1
B8: MARKETING | C8: MARKETINIG | F8: 1 | H8: =SUM(D8:F8) -> 1 | L8: =U8*(1+$L$2) -> 3937500 | P8: 1 | R8: =SUM(N8:P8) -> 1 | U8: =150000*25*P8 -> 3750000
A9: 2 | B9: GUDANG SENTRAL | C9: ADMIN GUDANG | F9: 2 | H9: =SUM(D9:F9) -> 2 | L9: =U9*(1+$L$2) -> 7087500 | P9: 2 | R9: =SUM(N9:P9) -> 2 | U9: =135000*25*P9 -> 6750000 | AC9: KARU PRODUKSI | AE9: 1 | AF9: 1 | AI9: 1 | AK9: =SUM(AH9:AJ9) -> 1 | AQ9: QC SHIFT PAGI
C10: GUDANG | E10: 1 | F10: 1 | H10: =SUM(D10:F10) -> 2 | K10: =T10*(1+$L$2) -> 5776803.9 | L10: =U10*(1+$L$2) -> 3688125 | O10: 1 | P10: 1 | R10: =SUM(N10:P10) -> 2 | T10: =5501718*O10 -> 5501718 | U10: =140500*25*P10 -> 3512500
C11: SORTIR GUDANG | F11: 1 | G11: 1 | H11: =SUM(D11:F11) -> 1 | L11: =U11*(1+$L$2) -> 2231250 | M11: =5480226*G11 -> 5480226 | P11: 1 | R11: =SUM(N11:P11) -> 1 | U11: =85000*25*P11 -> 2125000 | V11: =65000*25*Q11 -> 0 | AB11: 1 | AC11: KEUANGAN | AD11: ACC | AE11: 1 | AF11: 1 | AI11: 1 | AK11: =SUM(AH11:AJ11) -> 1
C12: PENATAAN GUDANG | F12: 2 | G12: 2 | H12: =SUM(D12:F12) -> 2 | L12: =U12*(1+$L$2) -> 4200000 | M12: =5480226*G12 -> 10960452 | P12: 2 | R12: =SUM(N12:P12) -> 2 | U12: =80000*25*P12 -> 4000000 | V12: =65000*25*Q12 -> 0 | AD12: KASIR/KEU | AE12: 2 | AF12: 1 | AI12: 2 | AK12: =SUM(AH12:AJ12) -> 2
C13: LOADING/UNLOADING | F13: 3 | G13: 3 | H13: =SUM(D13:F13) -> 3 | L13: =U13*(1+$L$2) -> 5118750 | M13: =5480226*G13 -> 16440678 | P13: 3 | R13: =SUM(N13:P13) -> 3 | U13: =65000*25*P13 -> 4875000 | V13: =65000*25*Q13 -> 0 | AD13: TRESURY/UMUM PENAGIHAN | AE13: 1 | AF13: 1 | AJ13: 1 | AK13: =SUM(AH13:AJ13) -> 1
C14: DRIVER EKSPEDISI | F14: 1 | H14: =SUM(D14:F14) -> 1 | L14: =U14*(1+$L$2) -> 3937500 | P14: 1 | R14: =SUM(N14:P14) -> 1 | U14: =150000*25*P14 -> 3750000 | AB14: 2 | AC14: PURCHASING | AE14: 2 | AF14: 1 | AH14: 1 | AJ14: 1 | AK14: =SUM(AH14:AJ14) -> 2
D15: =SUM(D6:D14) -> 0 | E15: =SUM(E6:E14) -> 1 | F15: =SUM(F6:F14) -> 13 | G15: =SUM(G6:G14) -> 6 | H15: =SUM(H6:H14) -> 14 | K15: =SUM(K6:K14) -> 5776803.9 | L15: =SUM(L6:L14) -> 37780851 | M15: =SUM(M6:M14) -> 32881356 | N15: =SUM(N6:N14) -> 0 | O15: =SUM(O6:O14) -> 1 | P15: =SUM(P6:P14) -> 13 | Q15: =SUM(Q6:Q14) -> 0 | R15: =SUM(R6:R14) -> 14 | T15: =SUM(T6:T14) -> 5501718 | U15: =SUM(U6:U14) -> 35981763 | V15: =SUM(V6:V14) -> 0 | AB15: 3 | AC15: MARKETING | AK15: =SUM(AH15:AJ15) -> 0
AB16: 4 | AC16: HC | AD16: HRD | AE16: 1 | AF16: 1 | AH16: 1 | AK16: =SUM(AH16:AJ16) -> 1
AD17: GA/UMUM | AE17: 3 | AF17: 3 | AJ17: 3 | AK17: =SUM(AH17:AJ17) -> 3 | AQ17: OFFICE, PRODUKSI, LAPANGAN
AD18: SECURITY | AE18: 4 | AF18: 2 | AJ18: 1.6 | AK18: =SUM(AH18:AJ18) -> 1.6
AB19: 5 | AC19: PPIC | AD19: PLANNING | AE19: 1 | AF19: 1 | AI19: 1 | AK19: =SUM(AH19:AJ19) -> 1
AD20: GUDANG BAHAN BAKU | AE20: 1 | AF20: 1 | AH20: 1 | AK20: =SUM(AH20:AJ20) -> 1
AD21: GUDANG BARANG JADI | AE21: 1 | AF21: 1 | AH21: 1 | AK21: =SUM(AH21:AJ21) -> 1
AD22: EKSPEDISI | AE22: 3 | AF22: 1 | AJ22: 3 | AK22: =SUM(AH22:AJ22) -> 3
AB23: 6 | AC23: QA | AD23: QC | AE23: 2 | AF23: 2 | AH23: 1 | AK23: =SUM(AH23:AJ23) -> 1 | AQ23: QC SHIFT MALAM
AB24: 7 | AC24: TEKNIK | AD24: MEKANIK | AE24: 4 | AF24: 3 | AH24: 2 | AI24: 1 | AJ24: 1 | AK24: =SUM(AH24:AJ24) -> 4
AD25: ELEKTRIK | AE25: 1 | AF25: 2 | AH25: 1 | AK25: =SUM(AH25:AJ25) -> 1
AB26: 8 | AC26: PRACETAK | AD26: KODAK 1 | AE26: 2 | AF26: 2 | AH26: 1 | AI26: 1 | AJ26: 1 | AK26: =SUM(AH26:AJ26) -> 3 | AQ26: PRACETAK, EDITOR MATERI
AD27: AVALON | AE27: 1 | AF27: 1 | AH27: 1 | AK27: =SUM(AH27:AJ27) -> 1
AB28: 9 | AC28: SHEET | AD28: MITSUBISHI | AE28: 9 | AF28: 3 | AH28: 2 | AJ28: 7 | AK28: =SUM(AH28:AJ28) -> 9
AB29: 10 | AC29: WEB | AD29: UNIVERSAL 630 | AE29: 12 | AF29: 3 | AH29: 2 | AI29: 1 | AJ29: 9 | AK29: =SUM(AH29:AJ29) -> 12
AB30: 11 | AC30: FINISHING KOMERSIAL | AD30: LIPAT STHAL | AE30: 3 | AF30: 3 | AJ30: 3 | AK30: =SUM(AH30:AJ30) -> 3
AD31: LIPAT PM | AK31: =SUM(AH31:AJ31) -> 0
AD32: LIPAT MBO | AK32: =SUM(AH32:AJ32) -> 0
AD33: TIGRA | AE33: 8 | AF33: 2 | AH33: 2 | AJ33: 6 | AK33: =SUM(AH33:AJ33) -> 8 | AQ33: PLAN MOVING KE BAWEN
AD34: STICTHING MULLER | AE34: 8 | AF34: 2 | AH34: 1 | AJ34: 7 | AK34: =SUM(AH34:AJ34) -> 8
AD35: POTONG ITOTECH | AE35: 1 | AF35: 1 | AJ35: 3 | AK35: =SUM(AH35:AJ35) -> 3
AD36: POTONG POLAR | AK36: =SUM(AH36:AJ36) -> 0
AD37: SORTIR DAN PACKING | AE37: 10 | AF37: 2 | AJ37: 10 | AK37: =SUM(AH37:AJ37) -> 10
AE39: =SUM(AE6:AE38) -> 84 | AH39: =SUM(AH6:AH38) -> 18 | AI39: =SUM(AI6:AI38) -> 9 | AJ39: =SUM(AJ6:AJ38) -> 56.6 | AK39: =SUM(AK6:AK38) -> 83.6
AJ40: =AE39-AK39 -> 0.4 | AK40: =AK39/AE39 -> 0.9952381

Sheet DPS
A1: IDEAL KEBUTUHAN SDM PERKOM 2025 | Y1: IDEAL KEBUTUHAN SDM PERKOM 2023
A2: CABANG DENPASAR | O2: PROGNOSIS | Y2: CABANG DENPASAR | AH2: PROGNOSIS
A3: NO | B3: DIVISI | C3: MESIN | D3: KEBUTUHAN | I3: SHIFT | J3: EXISTING | O3: BIAYA (RP) | R3: REALISASI | U3: OUTPUT/OMSET (RP) | V3: RASIO (%) | W3: SELISIH SDM | Y3: NO | Z3: DIVISI | AA3: MESIN | AB3: KEBUTUHAN (ORANG) | AC3: BIAYA (RP) | AD3: EXISTING | AH3: BIAYA (RP) | AK3: REALISASI | AN3: OUTPUT/OMSET (RP) | AO3: RASIO (%)
D4: TETAP | E4: KONTRAK | F4: OS FIX | G4: OS VAR | H4: TOTAL | J4: TETAP | K4: KONTRAK | L4: OS FIX | M4: OS VAR | N4: total | O4: TETAP | P4: KONTRAK | Q4: OS/HL | R4: MINGGU 1 | S4: MINGGU 2 | T4: MINGGU 3 | AD4: TETAP | AE4: KONTRAK | AF4: OS/HL | AG4: total | AH4: TETAP | AI4: KONTRAK | AJ4: OS/HL | AK4: MINGGU 1 | AL4: MINGGU 2 | AM4: MINGGU 3
A5: TOTAL SDM/BIAYA | J5: =SUM(J6:J39) -> 11 | K5: =SUM(K6:K39) -> 3 | L5: =SUM(L6:L39) -> 23 | O5: 58320345 | P5: 19687458 | Q5: =SUM(Q6:Q58) -> 51079350 | V5: =SUM(O5:Q5)/U5 -> #DIV/0! | Y5: TOTAL SDM/BIAYA | AB5: =SUM(AB6:AB39) -> 32 | AC5: =SUM(AC6:AC39) -> 0 | AD5: =SUM(AD6:AD39) -> 12 | AE5: =SUM(AE6:AE39) -> 4 | AF5: =SUM(AF6:AF39) -> 16 | AH5: 58320345 | AI5: 19687458 | AJ5: =SUM(AJ6:AJ58) -> 51079350 | AO5: =SUM(AH5:AJ5)/AN5 -> #DIV/0!
A6: 1 | B6: KEUANGAN | C6: ACC | D6: 1 | H6: =SUM(D6:G6) -> 1 | I6: 1 | J6: 1 | N6: =SUM(J6:M6) -> 1 | W6: =H6-N6 -> 0 | Y6: 1 | Z6: KEUANGAN | AA6: ACC | AB6: 1 | AE6: 1 | AG6: =SUM(AD6:AF6) -> 1
C7: KASIR/KEU | D7: 1 | H7: =SUM(D7:G7) -> 1 | I7: 1 | J7: 1 | N7: =SUM(J7:M7) -> 1 | W7: =H7-N7 -> 0 | AA7: KASIR/KEU | AB7: 1 | AD7: 1 | AG7: =SUM(AD7:AF7) -> 1
C8: TREASURY/PIUTANG | F8: 1 | H8: =SUM(D8:G8) -> 1 | I8: 1 | L8: 1 | N8: =SUM(J8:M8) -> 1 | Q8: 2629125 | W8: =H8-N8 -> 0 | AA8: TRESURY | AB8: 2 | AD8: 1 | AF8: 1 | AG8: =SUM(AD8:AF8) -> 2 | AJ8: 2629125
A9: 2 | B9: PURCHASING | H9: =SUM(D9:G9) -> 0 | N9: =SUM(J9:M9) -> 0 | W9: =H9-N9 -> 0 | Y9: 2 | Z9: PURCHASING | AG9: =SUM(AD9:AF9) -> 0
A10: 3 | B10: MARKETING | F10: 3 | H10: =SUM(D10:G10) -> 3 | I10: 1 | L10: 3 | N10: =SUM(J10:M10) -> 3 | W10: =H10-N10 -> 0 | Y10: 3 | Z10: MARKETING | AG10: =SUM(AD10:AF10) -> 0
B11: ADMIN MARKETING | F11: 1 | H11: =SUM(D11:G11) -> 1 | L11: 1 | N11: =SUM(J11:M11) -> 1
A12: 4 | B12: HC | C12: HRD | H12: =SUM(D12:G12) -> 0 | N12: =SUM(J12:M12) -> 0 | W12: =H12-N12 -> 0 | Y12: 4 | Z12: HC | AA12: HRD | AG12: =SUM(AD12:AF12) -> 0
C13: GA/UMUM : KANTOR | F13: 2 | H13: =SUM(D13:G13) -> 2 | I13: 1 | L13: 2 | N13: =SUM(J13:M13) -> 2 | Q13: 2316625 | W13: =H13-N13 -> 0 | AA13: GA/UMUM | AB13: 1 | AF13: 1 | AG13: =SUM(AD13:AF13) -> 1 | AJ13: 2316625
C14: GA/UMUM : PRODUKSI | W14: =H14-N14 -> 0
C15: GA/UMUM : AFVAL | W15: =H15-N15 -> 0
C16: SECURITY | F16: 4 | H16: =SUM(D16:G16) -> 4 | I16: 1 & 2 | L16: 4 | N16: =SUM(J16:M16) -> 4 | Q16: 19246500 | W16: =H16-N16 -> 0 | AA16: SECURITY | AB16: 4 | AF16: 4 | AG16: =SUM(AD16:AF16) -> 4 | AJ16: 19246500
A17: 5 | B17: PPIC | C17: PLANNING | D17: 1 | F17: 1 | H17: =SUM(D17:G17) -> 2 | I17: 1 | J17: 1 | L17: 1 | N17: =SUM(J17:M17) -> 2 | Q17: 2629125 | W17: =H17-N17 -> 0 | Y17: 5 | Z17: PPIC | AA17: PLANNING | AB17: 2 | AD17: 1 | AF17: 1 | AG17: =SUM(AD17:AF17) -> 2 | AJ17: 2629125
C18: GUDANG BAHAN BAKU | D18: 1 | H18: =SUM(D18:G18) -> 1 | I18: 1 | J18: 1 | N18: =SUM(J18:M18) -> 1 | W18: =H18-N18 -> 0 | AA18: GUDANG BAHAN BAKU | AB18: 1 | AD18: 1 | AG18: =SUM(AD18:AF18) -> 1
C19: GUDANG BARANG JADI | H19: =SUM(D19:G19) -> 0 | N19: =SUM(J19:M19) -> 0 | W19: =H19-N19 -> 0 | AA19: GUDANG BARANG JADI | AG19: =SUM(AD19:AF19) -> 0
C20: EKSPEDISI | F20: 1 | H20: =SUM(D20:G20) -> 1 | I20: 1 | L20: 1 | N20: =SUM(J20:M20) -> 1 | Q20: 2466625 | W20: =H20-N20 -> 0 | AA20: Ekspedisi | AB20: 1 | AF20: 1 | AG20: =SUM(AD20:AF20) -> 1 | AJ20: 2466625
A21: 6 | B21: QA | C21: QC | H21: =SUM(D21:G21) -> 0 | N21: =SUM(J21:M21) -> 0 | W21: =H21-N21 -> 0 | Y21: 6 | Z21: QA | AA21: QC | AG21: =SUM(AD21:AF21) -> 0
A22: 7 | B22: TEKNIK | C22: MEKANIK | D22: 1 | E22: 1 | F22: 1 | H22: =SUM(D22:G22) -> 3 | I22: 1 &2 | J22: 1 | K22: 1 | L22: 1 | N22: =SUM(J22:M22) -> 3 | Q22: 3365375 | W22: =H22-N22 -> 0 | Y22: 7 | Z22: TEKNIK | AA22: MEKANIK | AB22: 3 | AD22: 2 | AF22: 1 | AG22: =SUM(AD22:AF22) -> 3 | AJ22: 3365375
C23: ELEKTRIK | F23: 2 | H23: =SUM(D23:G23) -> 2 | I23: 1 & 2 | L23: 2 | N23: =SUM(J23:M23) -> 2 | W23: =H23-N23 -> 0 | AA23: ELEKTRIK | AB23: 1 | AE23: 1 | AG23: =SUM(AD23:AF23) -> 1
A24: 8 | B24: PRACETAK | C24: CTP AVALON A8T | D24: 2 | F24: 2 | H24: =SUM(D24:G24) -> 4 | I24: 1 | J24: 2 | L24: 2 | N24: =SUM(J24:M24) -> 4 | Q24: 4844500 | W24: =H24-N24 -> 0 | Y24: 8 | Z24: PRACETAK | AA24: CTP Thermal 1 | AB24: 4 | AD24: 2 | AF24: 2 | AG24: =SUM(AD24:AF24) -> 4 | AJ24: 4844500
C25: CTP AVALON 1823 | I25: 2 | W25: =H25-N25 -> 0 | AA25: CTP Thermal 2 | AG25: =SUM(AD25:AF25) -> 0
A26: 9 | B26: SHEET | C26: KOMORI | D26: 1 | F26: 2 | H26: =SUM(D26:G26) -> 3 | I26: 1 | J26: 1 | L26: 1 | N26: =SUM(J26:M26) -> 2 | Q26: 3352875 | W26: =H26-N26 -> 1 | Y26: 9 | Z26: SHEET | AA26: KOMORI | AB26: 2 | AD26: 1 | AF26: 1 | AG26: =SUM(AD26:AF26) -> 2 | AJ26: 3352875
A27: 10 | B27: WEB | C27: LINE GOSS SSC 3 TOWER | D27: 3 | F27: 4 | H27: =SUM(D27:G27) -> 7 | I27: 2 | J27: 3 | L27: 4 | N27: =SUM(J27:M27) -> 7 | Q27: 10228600 | W27: =H27-N27 -> 0 | Y27: 10 | Z27: WEB | AA27: GOSS SSC | AB27: 7 | AD27: 3 | AF27: 4 | AG27: =SUM(AD27:AF27) -> 7 | AJ27: 10228600
C28: LINE GOSS SSC 1 TOWER | N28: =SUM(J28:M28) -> 0 | W28: =H28-N28 -> 0 | AA28: SHARPLINE | AG28: =SUM(AD28:AF28) -> 0
A29: 11 | B29: FINISHING KOMERSIAL | C29: TRIMER YOSHINO | D29: 1 | E29: 1 | H29: =SUM(D29:G39) -> 8 | I29: 1 | K29: 2 | N29: =SUM(J29:M39) -> 8 | W29: =H29-N29 -> 0 | Y29: 11 | Z29: FINISHING KOMERSIAL | AA29: TRIMER YOSHINO | AB29: 2 | AE29: 2 | AG29: =SUM(AD29:AF29) -> 2
C30: STITCHING OSAKA | W30: =H30-N30 -> 0 | AA30: STITCHING | AG30: =SUM(AD30:AF30) -> 0
C31: LIPAT PURPLE MAGNA | W31: =H31-N31 -> 0 | AA31: LIPAT PURPLE MAGNA | AG31: =SUM(AD31:AF31) -> 0
C32: POTONG SHLM LONG 104 | W32: =H32-N32 -> 0 | AA32: POTONG SHLM 1 | AG32: =SUM(AD32:AF32) -> 0
C33: POTONG SHLM QZ920 B | W33: =H33-N33 -> 0 | AA33: POTONG SHLM 2 | AG33: =SUM(AD33:AF33) -> 0
C34: BINDING TIGRA | G34: 6 | M34: 6 | W34: =H34-N34 -> 0 | AA34: BENDING TIGRA | AG34: =SUM(AD34:AF34) -> 0
C35: SISIP GATEHERED 001 | W35: =H35-N35 -> 0 | AA35: SISIP GATEHERED 001 | AG35: =SUM(AD35:AF35) -> 0
C36: SHRINK | W36: =H36-N36 -> 0 | AA36: SHRINK | AG36: =SUM(AD36:AF36) -> 0
C37: CUTTING/PLONG | W37: =H37-N37 -> 0 | AA37: CUTTING | AG37: =SUM(AD37:AF37) -> 0
C38: LAMINASI (GLOSSY &DOFF) | W38: =H38-N38 -> 0
C39: UV/glossy | W39: =H39-N39 -> 0 | AA39: UV/glossy | AG39: =SUM(AD39:AF39) -> 0
D40: =SUM(D6:D39) -> 12 | E40: =SUM(E6:E39) -> 2 | F40: =SUM(F6:F39) -> 24 | G40: =SUM(G6:G39) -> 6 | H40: =SUM(H6:H39) -> 44 | J40: =SUM(J6:J39) -> 11 | K40: =SUM(K6:K39) -> 3 | L40: =SUM(L6:L39) -> 23 | M40: =SUM(M6:M39) -> 6 | N40: =SUM(N6:N39) -> 43 | O40: =SUM(O6:O29) -> 0 | R40: =SUM(R6:R29) -> 0 | S40: =SUM(S6:S29) -> 0 | T40: =SUM(T6:T29) -> 0 | W40: =SUM(W6:W37) -> 1 | AB40: =SUM(AB6:AB37) -> 32 | AD40: =SUM(AD6:AD37) -> 12 | AE40: =SUM(AE6:AE37) -> 4 | AF40: =SUM(AF6:AF37) -> 16 | AG40: =SUM(AG6:AG37) -> 32 | AH40: =SUM(AH6:AH29) -> 0 | AK40: =SUM(AK6:AK29) -> 0 | AL40: =SUM(AL6:AL29) -> 0 | AM40: =SUM(AM6:AM29) -> 0
AB41: Selisih SDM | AF41: =AB40-AG40 -> 0 | AG41: =AG40/AB40 -> 1

Sheet BWN
A1: IDEAL KEBUTUHAN SDM PERKOM 2025
A2: CABANG BAWEN SOLO
A3: NO | B3: DIVISI | C3: MESIN | D3: KEBUTUHAN | J3: EXISTING | Q3: BIAYA | T3: OUTPUT/OMSET (RP) | U3: RASIO (%)
D4: SHIFT | E4: TETAP | F4: KONTRAK | G4: OS FIX | H4: OS VAR | I4: TOTAL | J4: SHIFT | K4: TETAP | L4: KONTRAK | M4: OS FIX | N4: OS VAR | O4: OS BOR | P4: TOTAL | Q4: TETAP | R4: KONTRAK | S4: OS/HL | V4: KURANG | W4: NOTE
A5: TOTAL SDM/BIAYA | E5: =SUM(E6:E76) -> 37 | F5: =SUM(F6:F76) -> 14 | G5: =SUM(G6:G76) -> 91 | H5: =SUM(H6:H76) -> 183 | I5: =SUM(I6:I76) -> 325 | K5: =SUM(K6:K76) -> 36 | L5: =SUM(L6:L76) -> 9 | M5: =SUM(M6:M76) -> 71 | N5: =SUM(N6:N76) -> 97 | O5: =SUM(O6:O76) -> 33 | P5: =SUM(P6:P76) -> 246
A6: 1 | B6: GM | D6: 1 | E6: 1 | I6: =SUM(E6:H6) -> 1 | J6: 1 | L6: 1 | P6: =SUM(K6:O6) -> 1 | V6: =#REF!-P6 -> #REF! | Y6: =P6-I6 -> 0 | Z6: =SUM(K6:L6)-SUM(E6:F6) -> 0
A7: 2 | B7: ASMEN | D7: 1 | E7: 1 | F7: 1 | I7: =SUM(E7:H7) -> 2 | J7: 1 | L7: 2 | P7: =SUM(K7:O7) -> 2 | V7: =#REF!-P7 -> #REF! | Y7: =P7-I7 -> 0 | Z7: =SUM(K7:L7)-SUM(E7:F7) -> 0
A8: 3 | B8: KEUANGAN | C8: ACC | D8: 1 | E8: 1 | I8: =SUM(E8:H8) -> 1 | J8: 1 | K8: 1 | P8: =SUM(K8:O8) -> 1 | V8: =#REF!-P8 -> #REF! | Y8: =P8-I8 -> 0 | Z8: =SUM(K8:L8)-SUM(E8:F8) -> 0
C9: KASIR/KEU | D9: 1 | G9: 1 | I9: =SUM(E9:H9) -> 1 | J9: 1 | M9: 1 | P9: =SUM(K9:O9) -> 1 | V9: =#REF!-P9 -> #REF! | Y9: =P9-I9 -> 0 | Z9: =SUM(K9:L9)-SUM(E9:F9) -> 0
C10: INVOICING | D10: 1 | G10: 1 | I10: =SUM(E10:H10) -> 1 | J10: 1 | M10: 1 | P10: =SUM(K10:O10) -> 1 | V10: =#REF!-P10 -> #REF! | W10: DIBANTU PSG | Y10: =P10-I10 -> 0 | Z10: =SUM(K10:L10)-SUM(E10:F10) -> 0
C11: TRESURY | D11: 1 | E11: 1 | I11: =SUM(E11:H11) -> 1 | J11: 1 | K11: 1 | P11: =SUM(K11:O11) -> 1 | V11: =#REF!-P11 -> #REF! | Y11: =P11-I11 -> 0 | Z11: =SUM(K11:L11)-SUM(E11:F11) -> 0
A12: 2 | B12: PURCHASING | C12: PURCHASING | D12: 1 | F12: 1 | I12: =SUM(E12:H12) -> 1 | J12: 1 | L12: 1 | P12: =SUM(K12:O12) -> 1 | V12: =#REF!-P12 -> #REF! | Y12: =P12-I12 -> 0 | Z12: =SUM(K12:L12)-SUM(E12:F12) -> 0
A13: 3 | B13: MARKETING | C13: MD | D13: 1 | G13: 1 | I13: =SUM(E13:H13) -> 1 | P13: =SUM(K13:O13) -> 0 | V13: =#REF!-P13 -> #REF! | Y13: =P13-I13 -> -1 | Z13: =SUM(K13:L13)-SUM(E13:F13) -> 0
C14: ADM MARKETING | D14: 1 | G14: 1 | I14: =SUM(E14:H14) -> 1 | J14: 1 | M14: 1 | P14: =SUM(K14:O14) -> 1 | V14: =#REF!-P14 -> #REF! | Y14: =P14-I14 -> 0 | Z14: =SUM(K14:L14)-SUM(E14:F14) -> 0
C15: MARKETING PROYEK | D15: 1 | I15: =SUM(E15:H15) -> 0 | P15: =SUM(K15:O15) -> 0 | V15: =#REF!-P15 -> #REF! | Y15: =P15-I15 -> 0 | Z15: =SUM(K15:L15)-SUM(E15:F15) -> 0
C16: MARKETING | D16: 1 | E16: 4 | F16: 1 | I16: =SUM(E16:H16) -> 5 | J16: 1 | K16: 4 | L16: 1 | P16: =SUM(K16:O16) -> 5 | V16: =#REF!-P16 -> #REF! | Y16: =P16-I16 -> 0 | Z16: =SUM(K16:L16)-SUM(E16:F16) -> 0
A17: 4 | B17: HC | C17: HRD | D17: 1 | E17: 1 | I17: =SUM(E17:H17) -> 1 | J17: 1 | K17: 1 | P17: =SUM(K17:O17) -> 1 | V17: =#REF!-P17 -> #REF! | Y17: =P17-I17 -> 0 | Z17: =SUM(K17:L17)-SUM(E17:F17) -> 0
C18: GA | D18: 1 | E18: 1 | I18: =SUM(E18:H18) -> 1 | J18: 1 | K18: 1 | P18: =SUM(K18:O18) -> 1 | V18: =#REF!-P18 -> #REF! | Y18: =P18-I18 -> 0 | Z18: =SUM(K18:L18)-SUM(E18:F18) -> 0
C19: GA/UMUM : KANTOR | D19: 1 | G19: 1 | I19: =SUM(E19:H19) -> 1 | J19: 1 | M19: 1 | P19: =SUM(K19:O19) -> 1 | V19: =#REF!-P19 -> #REF! | Y19: =P19-I19 -> 0 | Z19: =SUM(K19:L19)-SUM(E19:F19) -> 0
C20: GA/UMUM : SAPU PEL PRODUKSI | D20: 2 | G20: 1 | H20: 1 | I20: =SUM(E20:H20) -> 2 | J20: 1 | M20: 1 | P20: =SUM(K20:O20) -> 1 | Y20: =P20-I20 -> -1 | Z20: =SUM(K20:L20)-SUM(E20:F20) -> 0
C21: GA/UMUM : AVAL | D21: 3 | G21: 6 | H21: 2 | I21: =SUM(E21:H21) -> 8 | J21: 2 | M21: 5 | P21: =SUM(K21:O21) -> 5 | Y21: =P21-I21 -> -3 | Z21: =SUM(K21:L21)-SUM(E21:F21) -> 0
C22: SECURITY | D22: 3 | G22: =8+3 -> 11 | I22: =SUM(E22:H22) -> 11 | J22: 3 | M22: =7+3 -> 10 | P22: =SUM(K22:O22) -> 10 | V22: =#REF!-P22 -> #REF! | Y22: =P22-I22 -> -1 | Z22: =SUM(K22:L22)-SUM(E22:F22) -> 0
A23: 5 | B23: PPIC | C23: PLANNING | D23: 2 | E23: 1 | F23: 1 | G23: 1 | I23: =SUM(E23:H23) -> 3 | J23: 1 | K23: 1 | M23: 2 | P23: =SUM(K23:O23) -> 3 | V23: =#REF!-P23 -> #REF! | Y23: =P23-I23 -> 0 | Z23: =SUM(K23:L23)-SUM(E23:F23) -> -1
C24: INVENTORY CONTROL, MANUFACTURE | D24: 1 | E24: 1 | G24: 1 | I24: =SUM(E24:H24) -> 2 | J24: 1 | K24: 1 | M24: 1 | P24: =SUM(K24:O24) -> 2 | Y24: =P24-I24 -> 0 | Z24: =SUM(K24:L24)-SUM(E24:F24) -> 0
C25: GUDANG BAHAN BAKU + SPAREPART | D25: 2 | E25: 3 | G25: 1 | I25: =SUM(E25:H25) -> 4 | J25: 2 | K25: 3 | M25: 1 | P25: =SUM(K25:O25) -> 4 | V25: =#REF!-P25 -> #REF! | Y25: =P25-I25 -> 0 | Z25: =SUM(K25:L25)-SUM(E25:F25) -> 0
C26: GUDANG BARANG JADI | D26: 2 | E26: 1 | G26: 1 | I26: =SUM(E26:H26) -> 2 | J26: 1 | K26: 1 | P26: =SUM(K26:O26) -> 1 | V26: =#REF!-P26 -> #REF! | Y26: =P26-I26 -> -1 | Z26: =SUM(K26:L26)-SUM(E26:F26) -> 0
C27: EKSPEDISI - DRIVER | D27: 1 | H27: 1 | I27: =SUM(E27:H27) -> 1 | J27: 1 | N27: 1 | P27: =SUM(K27:O27) -> 1 | V27: =#REF!-P27 -> #REF! | Y27: =P27-I27 -> 0 | Z27: =SUM(K27:L27)-SUM(E27:F27) -> 0
C28: GUDANG SENTRAL BAWEN | D28: 2 | G28: 6 | I28: =SUM(E28:H28) -> 6 | J28: 1 | M28: 6 | P28: =SUM(K28:O28) -> 6 | Y28: =P28-I28 -> 0 | Z28: =SUM(K28:L28)-SUM(E28:F28) -> 0
A29: 6 | B29: IT | C29: IT | D29: 1 | F29: 1 | I29: =SUM(E29:H29) -> 1 | P29: =SUM(K29:O29) -> 0 | Y29: =P29-I29 -> -1 | Z29: =SUM(K29:L29)-SUM(E29:F29) -> -1
A30: 7 | B30: QA | C30: QC | D30: 3 | F30: 1 | G30: 2 | I30: =SUM(E30:H30) -> 3 | J30: 2 | M30: 1 | P30: =SUM(K30:O30) -> 1 | V30: =#REF!-P30 -> #REF! | W30: PROSES REKRUT | Y30: =P30-I30 -> -2 | Z30: =SUM(K30:L30)-SUM(E30:F30) -> -1
A31: 8 | B31: TEKNIK | C31: WAKADIV | D31: 1 | E31: 1 | I31: =SUM(E31:H31) -> 1 | J31: 1 | K31: 1 | P31: =SUM(K31:O31) -> 1 | V31: =#REF!-P31 -> #REF! | Y31: =P31-I31 -> 0 | Z31: =SUM(K31:L31)-SUM(E31:F31) -> 0
C32: MEKANIK | D32: 3 | E32: 5 | F32: 1 | G32: 2 | I32: =SUM(E32:H32) -> 8 | J32: 3 | K32: 5 | M32: 3 | P32: =SUM(K32:O32) -> 8 | Y32: =P32-I32 -> 0 | Z32: =SUM(K32:L32)-SUM(E32:F32) -> -1
C33: ELEKTRIK | D33: 3 | E33: 1 | G33: 3 | I33: =SUM(E33:H33) -> 4 | J33: 3 | K33: 1 | M33: 3 | P33: =SUM(K33:O33) -> 4 | V33: =#REF!-P33 -> #REF! | Y33: =P33-I33 -> 0 | Z33: =SUM(K33:L33)-SUM(E33:F33) -> 0
A34: 9 | B34: PRACETAK | C34: DESAIN GRAFIS | D34: 2 | E34: 1 | G34: 1 | I34: =SUM(E34:H34) -> 2 | J34: 2 | K34: 1 | M34: 1 | P34: =SUM(K34:O34) -> 2 | V34: =#REF!-P34 -> #REF! | Y34: =P34-I34 -> 0 | Z34: =SUM(K34:L34)-SUM(E34:F34) -> 0
C35: CTP THERMAL AGFA 1 | D35: 3 | E35: 1 | G35: 2 | I35: =SUM(E35:H35) -> 3 | J35: 3 | K35: 1 | M35: 1 | N35: 1 | P35: =SUM(K35:O35) -> 3 | Y35: =P35-I35 -> 0 | Z35: =SUM(K35:L35)-SUM(E35:F35) -> 0
C36: CTP THERMAL AGFA 2 | D36: 3 | G36: 2 | I36: =SUM(E36:H36) -> 2 | J36: 3 | M36: 2 | P36: =SUM(K36:O36) -> 2 | V36: =#REF!-P36 -> #REF! | Y36: =P36-I36 -> 0 | Z36: =SUM(K36:L36)-SUM(E36:F36) -> 0
C37: CTCP CRON 2 | I37: =SUM(E37:H37) -> 0 | P37: =SUM(K37:O37) -> 0 | V37: =#REF!-P37 -> #REF! | Y37: =P37-I37 -> 0 | Z37: =SUM(K37:L37)-SUM(E37:F37) -> 0
A38: 10 | B38: SHEET | C38: KOORDINATOR | D38: 1 | E38: 1 | I38: =SUM(E38:H38) -> 1 | J38: 1 | K38: 1 | P38: =SUM(K38:O38) -> 1 | V38: =#REF!-P38 -> #REF! | Y38: =P38-I38 -> 0 | Z38: =SUM(K38:L38)-SUM(E38:F38) -> 0
C39: KOMORI 1 | D39: 3 | E39: 1 | F39: 1 | G39: 2 | H39: 5 | I39: =SUM(E39:H39) -> 9 | J39: 3 | K39: 1 | L39: 1 | M39: 2 | N39: 5 | P39: =SUM(K39:O39) -> 9 | Y39: =P39-I39 -> 0 | Z39: =SUM(K39:L39)-SUM(E39:F39) -> 0
C40: KOMORI 2 | D40: 3 | E40: 1 | G40: 2 | H40: 6 | I40: =SUM(E40:H40) -> 9 | J40: 3 | K40: 1 | M40: 2 | N40: 6 | P40: =SUM(K40:O40) -> 9 | V40: =#REF!-P40 -> #REF! | Y40: =P40-I40 -> 0 | Z40: =SUM(K40:L40)-SUM(E40:F40) -> 0
A41: 11 | B41: WEB | C41: KADIV/ WAKARU/ KOORDINATOR | D41: 1 | E41: 2 | G41: 1 | I41: =SUM(E41:H41) -> 3 | J41: 1 | K41: 2 | M41: 1 | P41: =SUM(K41:O41) -> 3 | V41: =#REF!-P42 -> #REF! | Y41: =P41-I41 -> 0 | Z41: =SUM(K41:L41)-SUM(E41:F41) -> 0
C42: GOSS UNIVERSAL | D42: 3 | E42: 2 | G42: 1 | H42: 12 | I42: =SUM(E42:H42) -> 15 | J42: 2 | K42: 2 | M42: 3 | N42: 6 | P42: =SUM(K42:O42) -> 11 | V42: =#REF!-P43 -> #REF! | Y42: =P42-I42 -> -4 | Z42: =SUM(K42:L42)-SUM(E42:F42) -> 0
C43: GOSS SHANGHAI LINE 1 - KORAN | D43: 1 | E43: 2 | F43: 1 | G43: 2 | I43: =SUM(E43:H43) -> 5 | J43: 1 | K43: 2 | M43: 3 | P43: =SUM(K43:O43) -> 5 | V43: =#REF!-P44 -> #REF! | W43: JP | Y43: =P43-I43 -> 0 | Z43: =SUM(K43:L43)-SUM(E43:F43) -> -1
C44: GOSS SHANGHAI LINE 1 | D44: 1 | F44: 1 | G44: 1 | H44: 3 | I44: =SUM(E44:H44) -> 5 | J44: 1 | P44: =SUM(K44:O44) -> 0 | V44: =#REF!-P45 -> #REF! | Y44: =P44-I44 -> -5 | Z44: =SUM(K44:L44)-SUM(E44:F44) -> -1
C45: GOSS SHANGHAI LINE 2 | D45: 3 | F45: 1 | G45: 5 | H45: 9 | I45: =SUM(E45:H45) -> 15 | J45: 3 | K45: 1 | M45: 3 | N45: 8 | P45: =SUM(K45:O45) -> 12 | V45: =#REF!-P46 -> #REF! | W45: DIBANTU PSG | Y45: =P45-I45 -> -3 | Z45: =SUM(K45:L45)-SUM(E45:F45) -> 0
A46: 12 | B46: FINISHING KOMERSIAL | C46: BINDING (TSK) + TRIMMER | D46: 3 | E46: 1 | G46: 3 | H46: 19 | I46: =SUM(E46:H46) -> 23 | J46: 2 | K46: 1 | M46: 3 | N46: 8 | P46: =SUM(K46:O46) -> 12 | V46: =#REF!-P48 -> #REF! | Y46: =P46-I46 -> -11 | Z46: =SUM(K46:L46)-SUM(E46:F46) -> 0
C47: BINDING (YOSHINO) + TRIMMER | D47: 3 | F47: 1 | G47: 2 | H47: 12 | I47: =SUM(E47:H47) -> 15 | J47: 2 | L47: 1 | M47: 1 | N47: 9 | P47: =SUM(K47:O47) -> 11 | Y47: =P47-I47 -> -4 | Z47: =SUM(K47:L47)-SUM(E47:F47) -> 0
C48: STICHING MULLER MARTINI - EKS BEKASI | D48: 3 | G48: 3 | H48: 9 | I48: =SUM(E48:H48) -> 12 | J48: 2 | M48: 2 | N48: 5 | P48: =SUM(K48:O48) -> 7 | V48: =#REF!-P49 -> #REF! | Y48: =P48-I48 -> -5 | Z48: =SUM(K48:L48)-SUM(E48:F48) -> 0
C49: STITCHING MULLER MARTINI - EKS JEMBER | D49: 3 | G49: 3 | H49: 9 | I49: =SUM(E49:H49) -> 12 | J49: 2 | M49: 2 | N49: 5 | P49: =SUM(K49:O49) -> 7 | V49: =#REF!-P50 -> #REF! | Y49: =P49-I49 -> -5 | Z49: =SUM(K49:L49)-SUM(E49:F49) -> 0
C50: LIPAT STAHL - EKS BEKASI | D50: 2 | G50: 1 | H50: 3 | I50: =SUM(E50:H50) -> 4 | J50: 0 | N50: 5 | P50: =SUM(K50:O50) -> 5 | V50: =#REF!-P51 -> #REF! | Y50: =P50-I50 -> 1 | Z50: =SUM(K50:L50)-SUM(E50:F50) -> 0
C51: LIPAT STAHL 1 PLANO | D51: 2 | G51: 1 | H51: 3 | I51: =SUM(E51:H51) -> 4 | J51: 2 | N51: 4 | P51: =SUM(K51:O51) -> 4 | V51: =#REF!-P52 -> #REF! | Y51: =P51-I51 -> 0 | Z51: =SUM(K51:L51)-SUM(E51:F51) -> 0
C52: LIPAT GUK 1 PLANO | D52: 2 | G52: 1 | H52: 3 | I52: =SUM(E52:H52) -> 4 | J52: 2 | P52: =SUM(K52:O52) -> 0 | V52: =#REF!-P53 -> #REF! | Y52: =P52-I52 -> -4 | Z52: =SUM(K52:L52)-SUM(E52:F52) -> 0
C53: LIPAT MBO | D53: 2 | G53: 1 | H53: 3 | I53: =SUM(E53:H53) -> 4 | J53: 2 | N53: 2 | P53: =SUM(K53:O53) -> 2 | V53: =#REF!-P54 -> #REF! | Y53: =P53-I53 -> -2 | Z53: =SUM(K53:L53)-SUM(E53:F53) -> 0
C54: LIPAT RATAN 1 | D54: 2 | H54: 4 | I54: =SUM(E54:H54) -> 4 | P54: =SUM(K54:O54) -> 0 | V54: =#REF!-P55 -> #REF! | Y54: =P54-I54 -> -4 | Z54: =SUM(K54:L54)-SUM(E54:F54) -> 0
C55: LIPAT RATAN 2 | D55: 2 | H55: 4 | I55: =SUM(E55:H55) -> 4 | P55: =SUM(K55:O55) -> 0 | V55: =#REF!-P56 -> #REF! | Y55: =P55-I55 -> -4 | Z55: =SUM(K55:L55)-SUM(E55:F55) -> 0
C56: POTONG POLAR | D56: 2 | G56: 1 | H56: 1 | I56: =SUM(E56:H56) -> 2 | J56: 2 | M56: 1 | N56: 1 | P56: =SUM(K56:O56) -> 2 | V56: =#REF!-P57 -> #REF! | Y56: =P56-I56 -> 0 | Z56: =SUM(K56:L56)-SUM(E56:F56) -> 0
C57: POTONG SHLM 1 | D57: 2 | G57: 1 | H57: 1 | I57: =SUM(E57:H57) -> 2 | J57: 2 | M57: 1 | N57: 1 | P57: =SUM(K57:O57) -> 2 | V57: =#REF!-P58 -> #REF! | Y57: =P57-I57 -> 0 | Z57: =SUM(K57:L57)-SUM(E57:F57) -> 0
C58: POTONG SHLM 2 | D58: 2 | H58: 1 | I58: =SUM(E58:H58) -> 1 | J58: 2 | N58: 1 | P58: =SUM(K58:O58) -> 1 | V58: =#REF!-P59 -> #REF! | Y58: =P58-I58 -> 0 | Z58: =SUM(K58:L58)-SUM(E58:F58) -> 0
C59: POTONG MASTER | D59: 2 | G59: 1 | I59: =SUM(E59:H59) -> 1 | J59: 2 | M59: 1 | P59: =SUM(K59:O59) -> 1 | V59: =#REF!-P60 -> #REF! | Y59: =P59-I59 -> 0 | Z59: =SUM(K59:L59)-SUM(E59:F59) -> 0
C60: POTONG 3 SISI | D60: 2 | E60: 1 | G60: 2 | H60: 6 | I60: =SUM(E60:H60) -> 9 | J60: 3 | K60: 1 | M60: 2 | N60: 6 | P60: =SUM(K60:O60) -> 9 | V60: =#REF!-P61 -> #REF! | W60: DIBANTU PSG | Y60: =P60-I60 -> 0 | Z60: =SUM(K60:L60)-SUM(E60:F60) -> 0
C61: UV | D61: 2 | H61: 2 | I61: =SUM(E61:H61) -> 2 | J61: 2 | N61: 2 | P61: =SUM(K61:O61) -> 2 | V61: =#REF!-P63 -> #REF! | W61: DIBANTU PSG | Y61: =P61-I61 -> 0 | Z61: =SUM(K61:L61)-SUM(E61:F61) -> 0
C62: KARU/ KOORDINATOR | D62: 2 | E62: 1 | F62: 2 | G62: 2 | I62: =SUM(E62:H62) -> 5 | J62: 2 | K62: 1 | L62: 2 | O62: 2 | P62: =SUM(K62:O62) -> 5 | Y62: =P62-I62 -> 0 | Z62: =SUM(K62:L62)-SUM(E62:F62) -> 0
A63: 13 | B63: ALQUR'AN | C63: LAMINASI | D63: 2 | G63: 2 | H63: 2 | I63: =SUM(E63:H63) -> 4 | J63: 2 | N63: 2 | P63: =SUM(K63:O63) -> 2 | V63: =#REF!-P64 -> #REF! | W63: BORONGAN | Y63: =P63-I63 -> -2 | Z63: =SUM(K63:L63)-SUM(E63:F63) -> 0
C64: CASEMAKER MANUAL | D64: 1 | H64: 10 | I64: =SUM(E64:H64) -> 10 | O64: 8 | P64: =SUM(K64:O64) -> 8 | V64: =#REF!-P65 -> #REF! | Y64: =P64-I64 -> -2 | Z64: =SUM(K64:L64)-SUM(E64:F64) -> 0
C65: SIDEBLAT | D65: 2 | H65: 2 | I65: =SUM(E65:H65) -> 2 | P65: =SUM(K65:O65) -> 0 | V65: =#REF!-P66 -> #REF! | W65: BORONGAN | Y65: =P65-I65 -> -2 | Z65: =SUM(K65:L65)-SUM(E65:F65) -> 0
C66: CASEIN MANUAL | D66: 1 | H66: 10 | I66: =SUM(E66:H66) -> 10 | O66: 8 | P66: =SUM(K66:O66) -> 8 | V66: =#REF!-P67 -> #REF! | Y66: =P66-I66 -> -2 | Z66: =SUM(K66:L66)-SUM(E66:F66) -> 0
C67: NEKING | D67: 2 | H67: 4 | I67: =SUM(E67:H67) -> 4 | P67: =SUM(K67:O67) -> 0 | V67: =#REF!-P68 -> #REF! | W67: DIBANTU PSG | Y67: =P67-I67 -> -4 | Z67: =SUM(K67:L67)-SUM(E67:F67) -> 0
C68: HOTPRINT | D68: 2 | H68: 2 | I68: =SUM(E68:H68) -> 2 | P68: =SUM(K68:O68) -> 0 | V68: =#REF!-#REF! -> #REF! | Y68: =P68-I68 -> -2 | Z68: =SUM(K68:L68)-SUM(E68:F68) -> 0
C69: SEWING VENTURA | D69: 3 | G69: 1 | H69: 2 | I69: =SUM(E69:H69) -> 3 | P69: =SUM(K69:O69) -> 0 | V69: =#REF!-#REF! -> #REF! | Y69: =P69-I69 -> -3 | Z69: =SUM(K69:L69)-SUM(E69:F69) -> 0
C70: SEWING ASTER | D70: 3 | G70: 1 | H70: 2 | I70: =SUM(E70:H70) -> 3 | J70: 1 | M70: 1 | N70: 2 | P70: =SUM(K70:O70) -> 3 | V70: =#REF!-P69 -> #REF! | Y70: =P70-I70 -> 0 | Z70: =SUM(K70:L70)-SUM(E70:F70) -> 0
C71: BLOKLEM MANUAL | D71: 2 | H71: 5 | I71: =SUM(E71:H71) -> 5 | N71: 5 | P71: =SUM(K71:O71) -> 5 | V71: =#REF!-#REF! -> #REF! | Y71: =P71-I71 -> 0 | Z71: =SUM(K71:L71)-SUM(E71:F71) -> 0
C72: POTONG BOARD | D72: 2 | G72: 1 | H72: 1 | I72: =SUM(E72:H72) -> 2 | J72: 1 | P72: =SUM(K72:O72) -> 0 | V72: =#REF!-P71 -> #REF! | W72: DIBANTU PSG | Y72: =P72-I72 -> -2 | Z72: =SUM(K72:L72)-SUM(E72:F72) -> 0
C73: SPIN CUTER | D73: 1 | I73: =SUM(E73:H73) -> 0 | P73: =SUM(K73:O73) -> 0 | V73: =#REF!-P72 -> #REF! | Y73: =P73-I73 -> 0 | Z73: =SUM(K73:L73)-SUM(E73:F73) -> 0
C74: PACKING/SHRINK(MANUAL) | D74: 3 | G74: 3 | H74: 21 | I74: =SUM(E74:H74) -> 24 | J74: 2 | N74: 9 | O74: 15 | P74: =SUM(K74:O74) -> 24 | V74: =#REF!-P73 -> #REF! | Y74: =P74-I74 -> 0 | Z74: =SUM(K74:L74)-SUM(E74:F74) -> 0
C75: ADMIN PRODUKSI | D75: 1 | G75: 2 | I75: =SUM(E75:H75) -> 2 | J75: 1 | M75: 2 | P75: =SUM(K75:O75) -> 2 | V75: =#REF!-P74 -> #REF! | Y75: =P75-I75 -> 0 | Z75: =SUM(K75:L75)-SUM(E75:F75) -> 0
C76: SUPPORT PRODUKSI (CETAK KE FINISHING) | D76: 3 | H76: 3 | I76: =SUM(E76:H76) -> 3 | J76: 3 | N76: 3 | P76: =SUM(K76:O76) -> 3 | V76: =#REF!-P74 -> #REF! | W76: DIBANTU PSG | Y76: =P76-I76 -> 0 | Z76: =SUM(K76:L76)-SUM(E76:F76) -> 0
E77: =SUM(E6:E76) -> 37 | F77: =SUM(F6:F76) -> 14 | G77: =SUM(G6:G76) -> 91 | H77: =SUM(H6:H76) -> 183 | I77: =SUM(I6:I76) -> 325 | K77: =SUM(K6:K76) -> 36 | L77: =SUM(L6:L76) -> 9 | M77: =SUM(M6:M76) -> 71 | N77: =SUM(N6:N76) -> 97 | O77: =SUM(O6:O76) -> 33 | P77: =SUM(P6:P76) -> 246 | T77: =SUM(T45:T76) -> 0 | U77: =SUM(U45:U76) -> 0 | V77: =SUM(V45:V76) -> #REF! | W77: 14 | X77: =V77-W77 -> #REF! | Y77: =SUM(Y6:Y76) -> -79
B83: MESIN YANG TIDAK DIGUNAKAN | C83: STITCHING ZHENGTU
C84: CASEMAKER ZHENGRUN
C85: CASEIN STAHL
C86: COLLATING

Sheet NGK
A1: IDEAL KEBUTUHAN SDM PERKOM 2025
A2: CABANG NGANJUK
A3: NO | B3: DIVISI | C3: MESIN | D3: KEBUTUHAN | J3: BIAYA (RP) | K3: EXISTING | Q3: BIAYA (RP) | T3: OUTPUT/OMSET (RP) | U3: RASIO (%)
D4: SHIFT | E4: TETAP | F4: KONTRAK | G4: OS FIX | H4: OS VAR (HL & BOR) | I4: TOTAL | K4: SHIFT | L4: TETAP | M4: KONTRAK | N4: OS FIX | O4: OS VAR (HL & BOR) | P4: TOTAL | Q4: TETAP | R4: KONTRAK | S4: OS/HL | V4: SELISIH SDM
A5: TOTAL SDM/BIAYA | E5: =SUM(E6:E51) -> 14 | F5: =SUM(F6:F51) -> 1 | G5: =SUM(G6:G51) -> 30 | H5: =SUM(H6:H51) -> 74 | I5: =SUM(I6:I51) -> 118 | L5: =SUM(L6:L51) -> 13 | M5: =SUM(M6:M51) -> 1 | N5: =SUM(N6:N51) -> 19 | O5: =SUM(O6:O51) -> 65 | P5: =SUM(P6:P51) -> 97 | Q5: 95082611 | R5: 41612458 | S5: =SUM(S6:S51) -> 0
A6: 1 | B6: GM | D6: 1 | E6: 1 | I6: =SUM(E6:H6) -> 1 | K6: 1 | M6: 1 | P6: =SUM(L6:O6) -> 1 | V6: =P6-I6 -> 0 | Z6: =SUM(L6:M6)-SUM(E6:F6) -> 0
A7: 2 | B7: KEUANGAN | C7: ACC | D7: 1 | I7: =SUM(E7:H7) -> 0 | K7: 1 | P7: =SUM(L7:O7) -> 0 | V7: =P7-I7 -> 0 | Z7: =SUM(L7:M7)-SUM(E7:F7) -> 0
C8: KASIR/KEU | D8: 1 | E8: 1 | I8: =SUM(E8:H8) -> 1 | K8: 1 | L8: 1 | P8: =SUM(L8:O8) -> 1 | V8: =P8-I8 -> 0 | Z8: =SUM(L8:M8)-SUM(E8:F8) -> 0
C9: TRESURY | D9: 1 | E9: 1 | I9: =SUM(E9:H9) -> 1 | K9: 1 | L9: 1 | P9: =SUM(L9:O9) -> 1 | V9: =P9-I9 -> 0 | Z9: =SUM(L9:M9)-SUM(E9:F9) -> 0
A10: 3 | B10: PURCHASING | D10: 1 | E10: 1 | I10: =SUM(E10:H10) -> 1 | K10: 1 | L10: 1 | P10: =SUM(L10:O10) -> 1 | V10: =P10-I10 -> 0 | Z10: =SUM(L10:M10)-SUM(E10:F10) -> 0
A11: 4 | B11: MARKETING | I11: =SUM(E11:H11) -> 0 | K11: 1 | P11: =SUM(L11:O11) -> 0 | V11: =P11-I11 -> 0 | Z11: =SUM(L11:M11)-SUM(E11:F11) -> 0
A12: 5 | B12: HC | C12: HRD | D12: 1 | I12: =SUM(E12:H12) -> 0 | P12: =SUM(L12:O12) -> 0 | V12: =P12-I12 -> 0 | Z12: =SUM(L12:M12)-SUM(E12:F12) -> 0
C13: GA/UMUM - KANTOR | D13: 1 | G13: 1 | I13: =SUM(E13:H13) -> 1 | K13: 1 | N13: 1 | P13: =SUM(L13:O13) -> 1 | V13: =P13-I13 -> 0 | Z13: =SUM(L13:M13)-SUM(E13:F13) -> 0
C14: GA/UMUM - PRODUKSI | D14: 3 | E14: 1 | G14: 5 | I14: =SUM(E14:H14) -> 6 | K14: 2 | L14: 1 | N14: 2 | P14: =SUM(L14:O14) -> 3 | V14: =P14-I14 -> -3 | Z14: =SUM(L14:M14)-SUM(E14:F14) -> 0
C15: SECURITY | D15: 3 | G15: 4 | I15: =SUM(E15:H15) -> 4 | K15: 3 | N15: 4 | P15: =SUM(L15:O15) -> 4 | V15: =P15-I15 -> 0 | Z15: =SUM(L15:M15)-SUM(E15:F15) -> 0
A16: 6 | B16: PPIC | C16: PLANNING, MANUFACTURE | D16: 1 | G16: 1 | I16: =SUM(E16:H16) -> 1 | K16: 1 | N16: 1 | P16: =SUM(L16:O16) -> 1 | V16: =P16-I16 -> 0 | Z16: =SUM(L16:M16)-SUM(E16:F16) -> 0
C17: INVENTORY CONTROL | D17: 1 | E17: 1 | G17: 1 | I17: =SUM(E17:H17) -> 2 | L17: 1 | N17: 1 | P17: =SUM(L17:O17) -> 2 | V17: =P17-I17 -> 0 | Z17: =SUM(L17:M17)-SUM(E17:F17) -> 0
C18: GUDANG BAHAN BAKU | D18: 2 | G18: 2 | I18: =SUM(E18:H18) -> 2 | K18: 1 | N18: 1 | P18: =SUM(L18:O18) -> 1 | V18: =P18-I18 -> -1 | Z18: =SUM(L18:M18)-SUM(E18:F18) -> 0
C19: GUDANG SPAREPART | D19: 1 | G19: 1 | I19: =SUM(E19:H19) -> 1 | K19: 1 | P19: =SUM(L19:O19) -> 0 | V19: =P19-I19 -> -1 | Z19: =SUM(L19:M19)-SUM(E19:F19) -> 0
C20: GUDANG BARANG JADI | D20: 1 | H20: 1 | I20: =SUM(E20:H20) -> 1 | K20: 1 | N20: 1 | P20: =SUM(L20:O20) -> 1 | V20: =P20-I20 -> 0 | Z20: =SUM(L20:M20)-SUM(E20:F20) -> 0
B21: EKSPEDISI | C21: DRIVER | I21: =SUM(E21:H21) -> 0 | K21: 1 | P21: =SUM(L21:O21) -> 0 | V21: =P21-I21 -> 0 | Z21: =SUM(L21:M21)-SUM(E21:F21) -> 0
A22: 7 | B22: IT | D22: 1 | G22: 1 | K22: 1 | N22: 1 | Z22: =SUM(L22:M22)-SUM(E22:F22) -> 0
A23: 8 | B23: QA | C23: QC | D23: 2 | F23: 1 | G23: 2 | I23: =SUM(E23:H23) -> 3 | K23: 1 | P23: =SUM(L23:O23) -> 0 | V23: =P23-I23 -> -3 | Z23: =SUM(L23:M23)-SUM(E23:F23) -> -1
A24: 9 | B24: TEKNIK | C24: MEKANIK | D24: 3 | E24: 2 | G24: 2 | I24: =SUM(E24:H24) -> 4 | K24: 2 | L24: 2 | N24: 1 | P24: =SUM(L24:O24) -> 3 | V24: =P24-I24 -> -1 | Z24: =SUM(L24:M24)-SUM(E24:F24) -> 0
C25: ELEKTRIK | D25: 3 | E25: 1 | G25: 2 | I25: =SUM(E25:H25) -> 3 | K25: 2 | L25: 1 | N25: 1 | P25: =SUM(L25:O25) -> 2 | V25: =P25-I25 -> -1 | Z25: =SUM(L25:M25)-SUM(E25:F25) -> 0
A26: 10 | B26: PRACETAK/MD | C26: SCREEN 1 | D26: 3 | G26: 1 | I26: =SUM(E26:H26) -> 1 | K26: 3 | N26: 1 | P26: =SUM(L26:O26) -> 1 | V26: =P26-I26 -> 0 | Z26: =SUM(L26:M26)-SUM(E26:F26) -> 0
C27: AVALON | D27: 3 | G27: 1 | I27: =SUM(E27:H27) -> 1 | K27: 3 | P27: =SUM(L27:O27) -> 0 | V27: =P27-I27 -> -1 | Z27: =SUM(L27:M27)-SUM(E27:F27) -> 0
A28: 11 | B28: SHEET | C28: KOMORI 1 | D28: 3 | E28: 1 | G28: 2 | H28: 3 | I28: =SUM(E28:H28) -> 6 | K28: 3 | L28: 1 | N28: 1 | O28: 1 | P28: =SUM(L28:O28) -> 3 | V28: =P28-I28 -> -3 | Z28: =SUM(L28:M28)-SUM(E28:F28) -> 0
C29: MITSUBISHI | D29: 3 | I29: =SUM(E29:H29) -> 0 | K29: 1 | P29: =SUM(L29:O29) -> 0 | V29: =P29-I29 -> 0 | Z29: =SUM(L29:M29)-SUM(E29:F29) -> 0
A30: 12 | B30: WEB | C30: KEPALA DIVISI PRODUKSI | I30: =SUM(E30:H30) -> 0 | K30: 1 | P30: =SUM(L30:O30) -> 0 | V30: =P30-I30 -> 0 | Z30: =SUM(L30:M30)-SUM(E30:F30) -> 0
C31: KOORDINATOR | D31: 1 | G31: 1 | I31: =SUM(E31:H31) -> 1 | K31: 1 | P31: =SUM(L31:O31) -> 0 | Z31: =SUM(L31:M31)-SUM(E31:F31) -> 0
C32: TENSOR | D32: 3 | E32: 1 | H32: 4 | I32: =SUM(E32:H32) -> 5 | K32: 1 | L32: 1 | O32: 4 | P32: =SUM(L32:O32) -> 5 | V32: =P32-I32 -> 0 | Z32: =SUM(L32:M32)-SUM(E32:F32) -> 0
C33: VEGAS | D33: 3 | E33: 1 | H33: 4 | I33: =SUM(E33:H33) -> 5 | K33: 3 | L33: 1 | O33: 4 | P33: =SUM(L33:O33) -> 5 | V33: =P33-I33 -> 0 | Z33: =SUM(L33:M33)-SUM(E33:F33) -> 0
C34: UNIVERSAL | D34: 3 | E34: 1 | I34: =SUM(E34:H34) -> 1 | K34: 3 | L34: 1 | P34: =SUM(L34:O34) -> 1 | V34: =P34-I34 -> 0 | Z34: =SUM(L34:M34)-SUM(E34:F34) -> 0
A35: 13 | B35: FINISHING KOMERSIAL | C35: ADMIN FINISHING | D35: 1 | G35: 1 | I35: =SUM(E35:H35) -> 1 | K35: 1 | N35: 1 | P35: =SUM(L35:O35) -> 1 | V35: =P35-I35 -> 0 | Z35: =SUM(L35:M35)-SUM(E35:F35) -> 0
C36: KARU FINISHING | D36: 1 | I36: =SUM(E36:H36) -> 0 | K36: 1 | P36: =SUM(L36:O36) -> 0 | V36: =P36-I36 -> 0 | Z36: =SUM(L36:M36)-SUM(E36:F36) -> 0
C37: BINDING MULLER + TRIMMER 1 | D37: 3 | E37: 1 | G37: 2 | H37: 8 | I37: =SUM(E37:H37) -> 11 | K37: 3 | L37: 1 | N37: 2 | O37: 8 | P37: =SUM(L37:O37) -> 11 | V37: =P37-I37 -> 0 | Z37: =SUM(L37:M37)-SUM(E37:F37) -> 0
C38: OSAKO | D38: 2 | H38: 8 | I38: =SUM(E38:H38) -> 8 | K38: 2 | O38: 8 | P38: =SUM(L38:O38) -> 8 | V38: =P38-I38 -> 0 | Z38: =SUM(L38:M38)-SUM(E38:F38) -> 0
C39: TIGRA | I39: =SUM(E39:H39) -> 0 | P39: =SUM(L39:O39) -> 0 | V39: =P39-I39 -> 0 | Z39: =SUM(L39:M39)-SUM(E39:F39) -> 0
C40: LIPAT PM | D40: 2 | H40: 2 | I40: =SUM(E40:H40) -> 2 | K40: 2 | O40: 2 | P40: =SUM(L40:O40) -> 2 | V40: =P40-I40 -> 0 | Z40: =SUM(L40:M40)-SUM(E40:F40) -> 0
C41: LIPAT MBO | D41: 2 | H41: 2 | I41: =SUM(E41:H41) -> 2 | K41: 2 | O41: 2 | P41: =SUM(L41:O41) -> 2 | V41: =P41-I41 -> 0 | Z41: =SUM(L41:M41)-SUM(E41:F41) -> 0
C42: POTONG LINE | D42: 1 | H42: 2 | I42: =SUM(E42:H42) -> 2 | K42: 1 | O42: 2 | P42: =SUM(L42:O42) -> 2 | V42: =P42-I42 -> 0 | Z42: =SUM(L42:M42)-SUM(E42:F42) -> 0
C43: TRIMMER 2 | D43: 2 | H43: 6 | I43: =SUM(E43:H43) -> 6 | K43: 1 | O43: 3 | P43: =SUM(L43:O43) -> 3 | V43: =P43-I43 -> -3 | Z43: =SUM(L43:M43)-SUM(E43:F43) -> 0
C44: UV VARNISH | D44: 2 | H44: 2 | I44: =SUM(E44:H44) -> 2 | K44: 2 | O44: 1 | P44: =SUM(L44:O44) -> 1 | V44: =P44-I44 -> -1 | Z44: =SUM(L44:M44)-SUM(E44:F44) -> 0
A45: 14 | B45: ALQUR'AN | C45: SEWING ICHIDA 1 | D45: 3 | H45: 3 | I45: =SUM(E45:H45) -> 3 | K45: 2 | O45: 2 | P45: =SUM(L45:O45) -> 2 | V45: =P45-I45 -> -1 | Z45: =SUM(L45:M45)-SUM(E45:F45) -> 0
C46: SEWING ICHIDA 2 | D46: 3 | H46: 3 | I46: =SUM(E46:H46) -> 3 | K46: 2 | O46: 2 | P46: =SUM(L46:O46) -> 2 | V46: =P46-I46 -> -1 | Z46: =SUM(L46:M46)-SUM(E46:F46) -> 0
C47: LAMINASI 1 | D47: 1 | H47: 1 | I47: =SUM(E47:H47) -> 1 | K47: 1 | O47: 1 | P47: =SUM(L47:O47) -> 1 | V47: =P47-I47 -> 0 | Z47: =SUM(L47:M47)-SUM(E47:F47) -> 0
C48: LAMINASI 2 | D48: 1 | I48: =SUM(E48:H48) -> 0 | K48: 1 | P48: =SUM(L48:O48) -> 0 | V48: =P48-I48 -> 0 | Z48: =SUM(L48:M48)-SUM(E48:F48) -> 0
C49: SHRINK 1 | D49: 2 | H49: 2 | I49: =SUM(E49:H49) -> 2 | K49: 2 | O49: 2 | P49: =SUM(L49:O49) -> 2 | V49: =P49-I49 -> 0 | Z49: =SUM(L49:M49)-SUM(E49:F49) -> 0
C50: CASEMAKER | D50: 1 | H50: 1 | I50: =SUM(E50:H50) -> 1 | K50: 1 | O50: 1 | P50: =SUM(L50:O50) -> 1 | V50: =P50-I50 -> 0 | Z50: =SUM(L50:M50)-SUM(E50:F50) -> 0
B51: SUPPORT PRODUKSI (CETAK KE FINISHING) | D51: 3 | H51: 22 | I51: =SUM(E51:H51) -> 22 | K51: 1 | O51: =2+20 -> 22 | P51: =SUM(L51:O51) -> 22 | V51: =P51-I51 -> 0 | Z51: =SUM(L51:M51)-SUM(E51:F51) -> 0
E52: =SUM(E6:E51) -> 14 | F52: =SUM(F6:F51) -> 1 | G52: =SUM(G6:G51) -> 30 | H52: =SUM(H6:H51) -> 74 | I52: =SUM(I6:I51) -> 118 | K52: =SUM(K6:K51) -> 67 | L52: =SUM(L6:L51) -> 13 | M52: =SUM(M6:M51) -> 1 | N52: =SUM(N6:N51) -> 19 | O52: =SUM(O6:O51) -> 65 | P52: =SUM(P6:P51) -> 97 | Q52: =SUM(Q7:Q51) -> 0 | T52: =SUM(T7:T51) -> 0 | U52: =SUM(U7:U51) -> 0 | V52: =SUM(V6:V51) -> -20
Q54: TOTAL | T54: =L51+M51+O51 -> 22
L55: termasuk marketing holding | Q55: KURANG | T55: =#REF!-T54 -> #REF!

Sheet DCI
A1: IDEAL KEBUTUHAN SDM PERKOM 2025
A2: DINAMIKA CAHAYA INSANI (DCI)
A3: NO | B3: DIVISI | C3: MESIN | D3: KEBUTUHAN | J3: BIAYA (RP) | K3: EXISTING | Q3: BIAYA (RP) | T3: OUTPUT/OMSET (RP) | U3: RASIO (%)
D4: SHIFT | E4: TETAP | F4: KONTRAK | G4: OS FIX | H4: OS VAR (HL & BOR) | I4: TOTAL | K4: SHIFT | L4: TETAP | M4: KONTRAK | N4: OS FIX | O4: OS VAR (HL & BOR) | P4: TOTAL | Q4: TETAP | R4: KONTRAK | S4: OS/HL | V4: SELISIH SDM | W4: KETERANGAN
A5: TOTAL SDM/BIAYA | E5: =SUM(E6:E50) -> 10 | F5: =SUM(F6:F50) -> 2 | G5: =SUM(G6:G50) -> 17 | H5: =SUM(H6:H50) -> 35 | I5: =SUM(I6:I50) -> 64 | L5: =SUM(L6:L50) -> 10 | M5: =SUM(M6:M50) -> 1 | N5: =SUM(N6:N50) -> 12 | O5: =SUM(O6:O50) -> 23 | P5: =SUM(P6:P50) -> 46 | Q5: 95082611 | R5: 41612458 | S5: =SUM(S6:S51) -> 0
A6: 1 | B6: GM | I6: =SUM(E6:H6) -> 0 | P6: =SUM(L6:O6) -> 0 | V6: =P6-I6 -> 0 | Z6: =SUM(L6:M6)-SUM(E6:F6) -> 0
A7: 2 | B7: KEUANGAN | C7: ACC | D7: 1 | E7: 1 | I7: =SUM(E7:H7) -> 1 | K7: 1 | L7: 1 | P7: =SUM(L7:O7) -> 1 | V7: =P7-I7 -> 0 | Z7: =SUM(L7:M7)-SUM(E7:F7) -> 0
C8: KASIR/KEU | I8: =SUM(E8:H8) -> 0 | P8: =SUM(L8:O8) -> 0 | V8: =P8-I8 -> 0 | Z8: =SUM(L8:M8)-SUM(E8:F8) -> 0
C9: TRESURY | I9: =SUM(E9:H9) -> 0 | P9: =SUM(L9:O9) -> 0 | V9: =P9-I9 -> 0 | Z9: =SUM(L9:M9)-SUM(E9:F9) -> 0
A10: 3 | B10: PURCHASING | I10: =SUM(E10:H10) -> 0 | P10: =SUM(L10:O10) -> 0 | V10: =P10-I10 -> 0 | Z10: =SUM(L10:M10)-SUM(E10:F10) -> 0
A11: 4 | B11: MARKETING | I11: =SUM(E11:H11) -> 0 | P11: =SUM(L11:O11) -> 0 | V11: =P11-I11 -> 0 | Z11: =SUM(L11:M11)-SUM(E11:F11) -> 0
A12: 5 | B12: HC | C12: HRD | I12: =SUM(E12:H12) -> 0 | P12: =SUM(L12:O12) -> 0 | V12: =P12-I12 -> 0 | Z12: =SUM(L12:M12)-SUM(E12:F12) -> 0
C13: GA/UMUM - KANTOR | I13: =SUM(E13:H13) -> 0 | P13: =SUM(L13:O13) -> 0 | V13: =P13-I13 -> 0 | Z13: =SUM(L13:M13)-SUM(E13:F13) -> 0
C14: GA/UMUM - PRODUKSI | I14: =SUM(E14:H14) -> 0 | P14: =SUM(L14:O14) -> 0 | V14: =P14-I14 -> 0 | Z14: =SUM(L14:M14)-SUM(E14:F14) -> 0
C15: SECURITY | I15: =SUM(E15:H15) -> 0 | P15: =SUM(L15:O15) -> 0 | V15: =P15-I15 -> 0 | Z15: =SUM(L15:M15)-SUM(E15:F15) -> 0
A16: 6 | B16: PPIC | C16: PLANNING, MANUFACTURE | D16: 1 | F16: 1 | I16: =SUM(E16:H16) -> 1 | K16: 1 | M16: 1 | P16: =SUM(L16:O16) -> 1 | V16: =P16-I16 -> 0 | Z16: =SUM(L16:M16)-SUM(E16:F16) -> 0
C17: INVENTORY CONTROL | D17: 1 | F17: 1 | I17: =SUM(E17:H17) -> 1 | P17: =SUM(L17:O17) -> 0 | V17: =P17-I17 -> -1 | Z17: =SUM(L17:M17)-SUM(E17:F17) -> -1
C18: GUDANG BAHAN BAKU | H18: 1 | I18: =SUM(E18:H18) -> 1 | K18: 1 | O18: 1 | P18: =SUM(L18:O18) -> 1 | V18: =P18-I18 -> 0 | Z18: =SUM(L18:M18)-SUM(E18:F18) -> 0
C19: GUDANG SPAREPART | I19: =SUM(E19:H19) -> 0 | P19: =SUM(L19:O19) -> 0 | V19: =P19-I19 -> 0 | Z19: =SUM(L19:M19)-SUM(E19:F19) -> 0
C20: GUDANG BARANG JADI | I20: =SUM(E20:H20) -> 0 | P20: =SUM(L20:O20) -> 0 | V20: =P20-I20 -> 0 | Z20: =SUM(L20:M20)-SUM(E20:F20) -> 0
B21: EKSPEDISI | C21: DRIVER | I21: =SUM(E21:H21) -> 0 | P21: =SUM(L21:O21) -> 0 | V21: =P21-I21 -> 0 | Z21: =SUM(L21:M21)-SUM(E21:F21) -> 0
A22: 7 | B22: QA | C22: QC | D22: 1 | G22: 1 | I22: =SUM(E22:H22) -> 1 | P22: =SUM(L22:O22) -> 0 | V22: =P22-I22 -> -1 | Z22: =SUM(L22:M22)-SUM(E22:F22) -> 0
A23: 8 | B23: TEKNIK | C23: MEKANIK | D23: 2 | G23: 2 | I23: =SUM(E23:H23) -> 2 | K23: 2 | N23: 1 | P23: =SUM(L23:O23) -> 1 | V23: =P23-I23 -> -1 | Z23: =SUM(L23:M23)-SUM(E23:F23) -> 0
C24: ELEKTRIK | D24: 1 | G24: 1 | I24: =SUM(E24:H24) -> 1 | K24: 1 | N24: 1 | P24: =SUM(L24:O24) -> 1 | V24: =P24-I24 -> 0 | Z24: =SUM(L24:M24)-SUM(E24:F24) -> 0
A25: 9 | B25: PRACETAK/MD | C25: SCREEN 1 | D25: 3 | E25: 1 | G25: 1 | H25: 1 | I25: =SUM(E25:H25) -> 3 | K25: 3 | L25: 1 | N25: 1 | O25: 1 | P25: =SUM(L25:O25) -> 3 | V25: =P25-I25 -> 0 | Z25: =SUM(L25:M25)-SUM(E25:F25) -> 0
C26: AVALON | I26: =SUM(E26:H26) -> 0 | K26: 3 | P26: =SUM(L26:O26) -> 0 | V26: =P26-I26 -> 0 | Z26: =SUM(L26:M26)-SUM(E26:F26) -> 0
A27: 10 | B27: SHEET | C27: KOMORI 1 | D27: 3 | E27: 1 | G27: 1 | H27: 1 | I27: =SUM(E27:H27) -> 3 | K27: 3 | L27: 1 | N27: 1 | O27: 1 | P27: =SUM(L27:O27) -> 3 | V27: =P27-I27 -> 0 | Z27: =SUM(L27:M27)-SUM(E27:F27) -> 0
C28: MITSUBISHI | D28: 2 | G28: 1 | H28: 1 | I28: =SUM(E28:H28) -> 2 | K28: 1 | P28: =SUM(L28:O28) -> 0 | V28: =P28-I28 -> -2 | Z28: =SUM(L28:M28)-SUM(E28:F28) -> 0
A29: 11 | B29: WEB | C29: KEPALA DIVISI PRODUKSI | D29: 1 | E29: 1 | I29: =SUM(E29:H29) -> 1 | K29: 1 | L29: 1 | P29: =SUM(L29:O29) -> 1 | V29: =P29-I29 -> 0 | Z29: =SUM(L29:M29)-SUM(E29:F29) -> 0
C30: KOORDINATOR | D30: 1 | G30: 1 | I30: =SUM(E30:H30) -> 1 | K30: 1 | P30: =SUM(L30:O30) -> 0 | Z30: =SUM(L30:M30)-SUM(E30:F30) -> 0
C31: TENSOR | D31: 1 | E31: 1 | G31: 1 | H31: 1 | I31: =SUM(E31:H31) -> 3 | K31: 1 | L31: 1 | N31: 1 | O31: 1 | P31: =SUM(L31:O31) -> 3 | V31: =P31-I31 -> 0 | Z31: =SUM(L31:M31)-SUM(E31:F31) -> 0
C32: VEGAS | D32: 3 | E32: 1 | G32: 2 | H32: 1 | I32: =SUM(E32:H32) -> 4 | K32: 3 | L32: 1 | N32: 2 | O32: 1 | P32: =SUM(L32:O32) -> 4 | V32: =P32-I32 -> 0 | Z32: =SUM(L32:M32)-SUM(E32:F32) -> 0
C33: UNIVERSAL | D33: 3 | I33: =SUM(E33:H33) -> 0 | K33: 3 | P33: =SUM(L33:O33) -> 0 | V33: =P33-I33 -> 0 | Z33: =SUM(L33:M33)-SUM(E33:F33) -> 0
A34: 12 | B34: FINISHING KOMERSIAL | C34: ADMIN FINISHING | D34: 1 | G34: 1 | I34: =SUM(E34:H34) -> 1 | K34: 1 | P34: =SUM(L34:O34) -> 0 | V34: =P34-I34 -> -1 | Z34: =SUM(L34:M34)-SUM(E34:F34) -> 0
C35: KARU FINISHING | D35: 1 | E35: 1 | I35: =SUM(E35:H35) -> 1 | K35: 1 | L35: 1 | P35: =SUM(L35:O35) -> 1 | V35: =P35-I35 -> 0 | Z35: =SUM(L35:M35)-SUM(E35:F35) -> 0
C36: BINDING MULLER + TRIMMER 1 | D36: 3 | E36: 2 | G36: 5 | H36: 4 | I36: =SUM(E36:H36) -> 11 | K36: 3 | L36: 2 | N36: 5 | O36: 3 | P36: =SUM(L36:O36) -> 10 | V36: =P36-I36 -> -1 | Z36: =SUM(L36:M36)-SUM(E36:F36) -> 0
C37: OSAKO | D37: 2 | E37: 1 | H37: 5 | I37: =SUM(E37:H37) -> 6 | K37: 2 | L37: 1 | O37: 5 | P37: =SUM(L37:O37) -> 6 | V37: =P37-I37 -> 0 | Z37: =SUM(L37:M37)-SUM(E37:F37) -> 0
C38: TIGRA | I38: =SUM(E38:H38) -> 0 | P38: =SUM(L38:O38) -> 0 | V38: =P38-I38 -> 0 | Z38: =SUM(L38:M38)-SUM(E38:F38) -> 0
C39: LIPAT PM | D39: 2 | H39: 2 | I39: =SUM(E39:H39) -> 2 | K39: 2 | O39: 2 | P39: =SUM(L39:O39) -> 2 | V39: =P39-I39 -> 0 | Z39: =SUM(L39:M39)-SUM(E39:F39) -> 0
C40: LIPAT MBO | D40: 2 | H40: 2 | I40: =SUM(E40:H40) -> 2 | K40: 2 | O40: 2 | P40: =SUM(L40:O40) -> 2 | V40: =P40-I40 -> 0 | Z40: =SUM(L40:M40)-SUM(E40:F40) -> 0
C41: POTONG LINE | D41: 1 | H41: 1 | I41: =SUM(E41:H41) -> 1 | K41: 1 | O41: 1 | P41: =SUM(L41:O41) -> 1 | V41: =P41-I41 -> 0 | Z41: =SUM(L41:M41)-SUM(E41:F41) -> 0
C42: TRIMMER 2 | D42: 1 | H42: 3 | I42: =SUM(E42:H42) -> 3 | K42: 1 | O42: 3 | P42: =SUM(L42:O42) -> 3 | V42: =P42-I42 -> 0 | Z42: =SUM(L42:M42)-SUM(E42:F42) -> 0
C43: UV VARNISH | D43: 2 | H43: 2 | I43: =SUM(E43:H43) -> 2 | K43: 2 | O43: 2 | P43: =SUM(L43:O43) -> 2 | V43: =P43-I43 -> 0 | Z43: =SUM(L43:M43)-SUM(E43:F43) -> 0
A44: 13 | B44: ALQUR'AN | C44: SEWING ICHIDA 1 | D44: 2 | H44: 2 | I44: =SUM(E44:H44) -> 2 | K44: 2 | P44: =SUM(L44:O44) -> 0 | V44: =P44-I44 -> -2 | Z44: =SUM(L44:M44)-SUM(E44:F44) -> 0
C45: SEWING ICHIDA 2 | D45: 2 | H45: 2 | I45: =SUM(E45:H45) -> 2 | K45: 2 | P45: =SUM(L45:O45) -> 0 | V45: =P45-I45 -> -2 | Z45: =SUM(L45:M45)-SUM(E45:F45) -> 0
C46: LAMINASI 1 | D46: 1 | H46: 1 | I46: =SUM(E46:H46) -> 1 | K46: 1 | P46: =SUM(L46:O46) -> 0 | V46: =P46-I46 -> -1 | Z46: =SUM(L46:M46)-SUM(E46:F46) -> 0
C47: LAMINASI 2 | I47: =SUM(E47:H47) -> 0 | K47: 1 | P47: =SUM(L47:O47) -> 0 | V47: =P47-I47 -> 0 | Z47: =SUM(L47:M47)-SUM(E47:F47) -> 0
C48: SHRINK 1 | D48: 2 | H48: 4 | I48: =SUM(E48:H48) -> 4 | K48: 2 | P48: =SUM(L48:O48) -> 0 | V48: =P48-I48 -> -4 | Z48: =SUM(L48:M48)-SUM(E48:F48) -> 0
C49: CASEMAKER | I49: =SUM(E49:H49) -> 0 | K49: 1 | P49: =SUM(L49:O49) -> 0 | V49: =P49-I49 -> 0 | Z49: =SUM(L49:M49)-SUM(E49:F49) -> 0
B50: SUPPORT PRODUKSI (CETAK KE FINISHING) | D50: 1 | H50: 1 | I50: =SUM(E50:H50) -> 1 | K50: 1 | P50: =SUM(L50:O50) -> 0 | V50: =P50-I50 -> -1 | Z50: =SUM(L50:M50)-SUM(E50:F50) -> 0
E51: =SUM(E6:E50) -> 10 | F51: =SUM(F6:F50) -> 2 | G51: =SUM(G6:G50) -> 17 | H51: =SUM(H6:H50) -> 35 | I51: =SUM(I6:I50) -> 64 | K51: =SUM(K6:K50) -> 50 | L51: =SUM(L6:L50) -> 10 | M51: =SUM(M6:M50) -> 1 | N51: =SUM(N6:N50) -> 12 | O51: =SUM(O6:O50) -> 23 | P51: =SUM(P6:P50) -> 46 | V51: =SUM(V6:V50) -> -17
Q52: =SUM(Q7:Q51) -> 0 | T52: =SUM(T7:T51) -> 0 | U52: =SUM(U7:U51) -> 0
Q54: TOTAL | T54: =L51+M51+O51 -> 34
Q55: KURANG | T55: =#REF!-T54 -> #REF!

Sheet JBR
A1: IDEAL KEBUTUHAN SDM PERKOM 2024 | Z1: IDEAL KEBUTUHAN SDM PERKOM 2023
A2: CABANG JEMBER | Z2: CABANG JEMBER
A3: NO | B3: DIVISI | C3: MESIN | D3: KEBUTUHAN (ORANG) | I3: BIAYA (RP) | L3: EXISTING | Q3: BIAYA (RP) | T3: OUTPUT/OMSET (RP) | U3: RASIO (%) | V3: SELISIH SDM | Z3: NO | AA3: DIVISI | AB3: MESIN | AC3: KEBUTUHAN (ORANG) | AD3: BIAYA (RP) | AE3: EXISTING | AI3: BIAYA (RP) | AL3: OUTPUT/OMSET (RP) | AM3: RASIO (%)
D4: TETAP | E4: KONTRAK | F4: OS FIX | G4: OS VAR | H4: total | I4: TETAP | J4: KONTRAK | K4: OS FIX | L4: TETAP | M4: KONTRAK | N4: OS FIX | O4: OS VAR | P4: total | Q4: TETAP | R4: KONTRAK | S4: OS FIX | AE4: TETAP | AF4: KONTRAK | AG4: OS/HL | AH4: total | AI4: TETAP | AJ4: KONTRAK | AK4: OS/HL
A5: TOTAL SDM/BIAYA | D5: =SUM(D6:D7) -> 0 | E5: =SUM(E6:E7) -> 0 | F5: =SUM(F6:F7) -> 3 | G5: =SUM(G6:G7) -> 0 | H5: =SUM(H6:H7) -> 3 | I5: =SUM(I6:I7) -> 0 | J5: =SUM(J6:J7) -> 0 | K5: =SUM(K6:K7) -> 6965700 | ... S5: =SUM(S6:S7) -> 6634000 | U5: =SUM(Q5:S5)/T5 -> #DIV/0! | Z5: TOTAL SDM/BIAYA | AC5: =SUM(AC6:AC52) -> 18 | AD5: =SUM(AD6:AD52) -> 0 | AE5: =SUM(AE6:AE52) -> 8 | AF5: =SUM(AF6:AF52) -> 1 | AG5: =SUM(AG6:AG52) -> 9 | AI5: 30690454 | AJ5: 4630086 | AK5: =SUM(AK6:AK52) -> 0 | AM5: =SUM(AI5:AK5)/AL5 -> #DIV/0!
B6: GA/UMUM | C6: GA/UMUM | F6: 1 | H6: =SUM(D6:F6) -> 1 | K6: 2490075 | N6: 1 | P6: =SUM(L6:N6) -> 1 | S6: =76500*31*N6 -> 2371500 | V6: =H6-P6 -> 0 | Z6: 1 | AA6: LEADER | AC6: 1 | AE6: 1 | AH6: =SUM(AE6:AG6) -> 1
C7: SECURITY | F7: 2 | H7: =SUM(D7:F7) -> 2 | K7: 4475625 | N7: 2 | P7: =SUM(L7:N7) -> 2 | S7: =(74500*31)+(63000*31) -> 4262500 | V7: =H7-P7 -> 0 | Z7: 2 | AA7: KEUANAGAN | AB7: KASIR/KEU | AC7: 1 | AE7: 1 | AH7: =SUM(AE7:AG7) -> 1
D8: =SUM(D6:D7) -> 0 | E8: =SUM(E6:E7) -> 0 | F8: =SUM(F6:F7) -> 3 | G8: =SUM(G6:G7) -> 0 | H8: =SUM(H6:H7) -> 3 | I8: =SUM(I6:I7) -> 0 | L8: =SUM(L6:L7) -> 0 | M8: =SUM(M6:M7) -> 0 | N8: =SUM(N6:N7) -> 3 | O8: =SUM(O6:O7) -> 0 | P8: =SUM(P6:P7) -> 3 | Q8: =SUM(Q6:Q7) -> 0 | V8: =SUM(V6:V7) -> 0 | AB8: TRESURY | AH8: =SUM(AE8:AG8) -> 0
D9: Selisih SDM | Z9: 3 | AA9: PURCHASING | AH9: =SUM(AE9:AG9) -> 0
Z10: 4 | AA10: MARKETING | AC10: 1 | AE10: 1 | AH10: =SUM(AE10:AG10) -> 1 | AN10: ikut sby nempel di jember
Z11: 5 | AA11: HC | AB11: HRD | AH11: =SUM(AE11:AG11) -> 0
AB12: GA/UMUM | AC12: 2 | AG12: 2 | AH12: =SUM(AE12:AG12) -> 2
AB13: SECURITY | AC13: 3 | AG13: 3 | AH13: =SUM(AE13:AG13) -> 3
Z14: 6 | AA14: PPIC | AB14: PLANNING | AH14: =SUM(AE14:AG14) -> 0
AB15: GUDANG BAHAN BAKU | AH15: =SUM(AE15:AG15) -> 0 | AN15: di handle ishaq anak web malam
AB16: GUDANG BARANG JADI | AH16: =SUM(AE16:AG16) -> 0
Z17: 7 | AA17: QA | AB17: QC | AH17: =SUM(AE17:AG17) -> 0
Z18: 8 | AA18: TEKNIK | AB18: MEKANIK | AC18: 1 | AF18: 1 | AH18: =SUM(AE18:AG18) -> 1
AB19: ELEKTRIK | AC19: 1 | AG19: 1 | AH19: =SUM(AE19:AG19) -> 1
Z20: 8 | AA20: PRACETAK | AB20: AVALON AGFA | AC20: 2 | AE20: 1 | AH20: =SUM(AE20:AG20) -> 1
Z21: 9 | AA21: SHEET | AB21: KOMORI 1 | AH21: =SUM(AE21:AG21) -> 0
AB22: KOMORI 2 | AH22: =SUM(AE22:AG22) -> 0
AB23: HEIDELBERG | AH23: =SUM(AE23:AG23) -> 0
Z24: 10 | AA24: WEB | AB24: TENSOR | AC24: 6 | AE24: =2+1 -> 3 | AG24: 3 | AH24: =SUM(AE24:AG24) -> 6
AB25: GAB SSC TENSOR | AE25: 1 | AH25: =SUM(AE25:AG25) -> 1
Z26: 11 | AA26: FINISHING KOMERSIAL | AB26: YOSHINO INLINE | AH26: =SUM(AE26:AG26) -> 0
AB27: MULLER PRESTO | AH27: =SUM(AE27:AG27) -> 0
AB28: OSAKO | AH28: =SUM(AE28:AG28) -> 0
AB29: STAHL 1 | AH29: =SUM(AE29:AG29) -> 0
AB30: STAHL 2 | AH30: =SUM(AE30:AG30) -> 0
AB31: STAHL 3 | AH31: =SUM(AE31:AG31) -> 0
AB32: POTONG POLAR | AH32: =SUM(AE32:AG32) -> 0
AB33: POTONG SHLM | AH33: =SUM(AE33:AG33) -> 0
AA34: ALQUR'AN | AB34: COLLATING | AH34: =SUM(AE34:AG34) -> 0
AB35: SEWING VENTURA | AH35: =SUM(AE35:AG35) -> 0
AB36: SEWING ASTER EVO | AH36: =SUM(AE36:AG36) -> 0
AB37: SEWING ASTER BKS | AH37: =SUM(AE37:AG37) -> 0
AB38: BLOK LEM SIGLOCH | AH38: =SUM(AE38:AG38) -> 0
AB39: BLOK LEM WOOJIN | AH39: =SUM(AE39:AG39) -> 0
AB40: CASE MAKER DA | AH40: =SUM(AE40:AG40) -> 0
AB41: CASE MAKER SW | AH41: =SUM(AE41:AG41) -> 0
AB42: LAMINASI 1 | AH42: =SUM(AE42:AG42) -> 0
AB43: LAMINASI 2 (CUTTER) | AH43: =SUM(AE43:AG43) -> 0
AB44: DEBOSS | AH44: =SUM(AE44:AG44) -> 0
AB45: CASE IN KOLBUS | AH45: =SUM(AE45:AG45) -> 0
AB46: CUTTING BOARD 1 | AH46: =SUM(AE46:AG46) -> 0
... AB50: SHRINK 2 | AH50: =SUM(AE50:AG50) -> 0
AA51: REVISI QUR'AN | AH51: =SUM(AE51:AG51) -> 0
AH52: =SUM(AE52:AG52) -> 0
AC53: =SUM(AC6:AC52) -> 18 | AE53: =SUM(AE6:AE52) -> 8 | AF53: =SUM(AF6:AF52) -> 1 | AG53: =SUM(AG6:AG52) -> 9 | AH53: =SUM(AH6:AH52) -> 18 | AI53: =SUM(AI6:AI52) -> 0
AC54: Selisih SDM | AG54: =AC53-AH53 -> 0 | AH54: =AH53/AC53 -> 1

Sheet ATNG
A1: IDEAL KEBUTUHAN SDM PERKOM 2024 | X1: IDEAL KEBUTUHAN SDM PERKOM 2023
A2: CABANG ALIANSI | X2: CABANG ALIANSI
A3: NO | B3: DIVISI | C3: MESIN | D3: KEBUTUHAN | I3: BIAYA (RP) | J3: EXISTING | O3: SELISIH SDM | P3: BIAYA (RP) | S3: OUTPUT/OMSET (RP) | T3: RASIO (%) | X3: NO | Y3: DIVISI | Z3: MESIN | AA3: KEBUTUHAN (ORANG) | AB3: BIAYA (RP) | AC3: EXISTING | AG3: BIAYA (RP) | AJ3: OUTPUT/OMSET (RP) | AK3: RASIO (%)
D4: TETAP | E4: KONTRAK | F4: OS FIX | G4: OS VAR | H4: total | J4: TETAP | K4: KONTRAK | L4: OS FIX | M4: OS VAR | N4: total | P4: TETAP | Q4: KONTRAK | R4: OS/HL | AC4: TETAP | AD4: KONTRAK | AE4: OS/HL | AF4: total | AG4: TETAP | AH4: KONTRAK | AI4: OS/HL
A5: TOTAL SDM/BIAYA | D5: =SUM(D6:D26) -> 9 | E5: =SUM(E6:E26) -> 2 | F5: =SUM(F6:F26) -> 22 | G5: =SUM(G6:G26) -> 0 | H5: =SUM(H6:H26) -> 33 | J5: =SUM(J6:J26) -> 9 | K5: =SUM(K6:K26) -> 2 | L5: =SUM(L6:L26) -> 22 | M5: =SUM(M6:M26) -> 0 | N5: =SUM(N6:N26) -> 33 | O5: =SUM(O6:O26) -> 0 | P5: 55081835 | Q5: 9272942 | R5: =SUM(R6:R26) -> 24800000 | X5: TOTAL SDM/BIAYA | AA5: =SUM(AA6:AA34) -> 24 | AC5: =SUM(AC6:AC34) -> 9 | AD5: =SUM(AD6:AD34) -> 3 | AE5: =SUM(AE6:AE34) -> 10 | AG5: 55081835 | AH5: 9272942 | AI5: =SUM(AI6:AI34) -> 24800000
A6: 1 | B6: KEUANGAN | C6: ACC | H6: =SUM(D6:G6) -> 0 | N6: =SUM(J6:M6) -> 0 | O6: =H6-N6 -> 0 | X6: 1 | Y6: KEUANGAN | Z6: ACC | AF6: =SUM(AC6:AE6) -> 0
C7: KASIR/KEU | H7: =SUM(D7:G7) -> 0 | N7: =SUM(J7:M7) -> 0 | O7: =H7-N7 -> 0 | Z7: KASIR/KEU | AA7: 1 | AE7: 1 | AF7: =SUM(AC7:AE7) -> 1
C8: TREASURY | F8: 2 | H8: =SUM(D8:G8) -> 2 | L8: 2 | N8: =SUM(J8:M8) -> 2 | O8: =H8-N8 -> 0 | R8: =115000*20 -> 2300000 | Z8: TRESURY | AF8: =SUM(AC8:AE8) -> 0 | AI8: =115000*20 -> 2300000
A9: 2 | B9: GA/UMUM | C9: GA/UMUM - AVAL | F9: 2 | H9: =SUM(D9:G9) -> 2 | L9: 2 | N9: =SUM(J9:M9) -> 2 | O9: =H9-N9 -> 0 | R9: =(150000*25)+(100000*20)+(150000*25) -> 9500000 | U9: DRIVER, UMUM KEBERSIHAN DAN PENAGIHAN, UMUM UNTUK LOADING GBJ DAN AVAL | X9: 2 | Y9: PURCHASING | AF9: =SUM(AC9:AE9) -> 0
C10: GA/UMUM - CLEANING | F10: 2 | H10: =SUM(D10:G10) -> 2 | L10: 2 | N10: =SUM(J10:M10) -> 2 | O10: =H10-N10 -> 0 | X10: 3 | Y10: MARKETING | AF10: =SUM(AC10:AE10) -> 0
C11: SECURITY | F11: 3 | H11: =SUM(D11:G11) -> 3 | L11: 3 | N11: =SUM(J11:M11) -> 3 | O11: =H11-N11 -> 0 | R11: 3500000 | U11: 12 JAM PER SHIFT | X11: 4 | Y11: HC | Z11: HRD | AF11: =SUM(AC11:AE11) -> 0
A12: 3 | B12: PPIC | C12: PLANNING | E12: 1 | H12: =SUM(D12:G12) -> 1 | K12: 1 | N12: =SUM(J12:M12) -> 1 | O12: =H12-N12 -> 0 | Z12: GA/UMUM | AA12: 2 | AE12: 3 | AF12: =SUM(AC12:AE12) -> 3 | AI12: =(150000*25)+(100000*20)+(150000*25) -> 9500000 | AL12: DRIVER, UMUM KEBERSIHAN DAN PENAGIHAN, UMUM UNTUK LOADING GBJ DAN AVAL
C13: GUDANG BAHAN BAKU | E13: 1 | H13: =SUM(D13:G13) -> 1 | K13: 1 | N13: =SUM(J13:M13) -> 1 | O13: =H13-N13 -> 0 | Z13: SECURITY | AA13: 2 | AE13: 1 | AF13: =SUM(AC13:AE13) -> 1 | AI13: 3500000 | AL13: 12 JAM PER SHIFT
C14: GUDANG BARANG JADI | H14: =SUM(D14:G14) -> 0 | N14: =SUM(J14:M14) -> 0 | O14: =H14-N14 -> 0 | X14: 5 | Y14: PPIC | Z14: PLANNING | AA14: 1 | AC14: 1 | AF14: =SUM(AC14:AE14) -> 1
C15: DRIVER EKSPEDISI | F15: 2 | H15: =SUM(D15:G15) -> 2 | L15: 2 | N15: =SUM(J15:M15) -> 2 | O15: =H15-N15 -> 0 | Z15: GUDANG BAHAN BAKU | AD15: 1 | AF15: =SUM(AC15:AE15) -> 1
A16: 4 | B16: QA | C16: QC | H16: =SUM(D16:G16) -> 0 | N16: =SUM(J16:M16) -> 0 | O16: =H16-N16 -> 0 | Z16: GUDANG BARANG JADI | AE16: 1 | AF16: =SUM(AC16:AE16) -> 1
A17: 5 | B17: TEKNIK | C17: KARU MEKANIK | D17: 1 | H17: =SUM(D17:G17) -> 1 | J17: 1 | N17: =SUM(J17:M17) -> 1 | O17: =H17-N17 -> 0 | U17: PERBAIKAN DAN PEMELIHARAAN MESIN | X17: 6 | Y17: QA | Z17: QC | AA17: 1 | AF17: =SUM(AC17:AE17) -> 0
C18: MEKANIK | D18: 1 | F18: 1 | H18: =SUM(D18:G18) -> 2 | J18: 1 | L18: 1 | N18: =SUM(J18:M18) -> 2 | O18: =H18-N18 -> 0 | X18: 7 | Y18: TEKNIK | Z18: MEKANIK | AA18: 1 | AC18: 2 | AF18: =SUM(AC18:AE18) -> 2 | AL18: PERBAIKAN DAN PEMELIHARAAN MESIN
C19: KARU ELEKTRIK | D19: 1 | H19: =SUM(D19:G19) -> 1 | J19: 1 | N19: =SUM(J19:M19) -> 1 | O19: =H19-N19 -> 0 | Z19: ELEKTRIK | AA19: 1 | AC19: 1 | AF19: =SUM(AC19:AE19) -> 1 | AL19: TAMBAH PHL KARENA MESIN RUSAK PARAH
C20: ELEKTRIK | F20: 1 | H20: =SUM(D20:G20) -> 1 | L20: 1 | N20: =SUM(J20:M20) -> 1 | O20: =H20-N20 -> 0 | U20: TAMBAH PHL KARENA MESIN RUSAK PARAH | X20: 8 | Y20: PRACETAK | Z20: KODAK 1 | AF20: =SUM(AC20:AE20) -> 0
A21: 6 | B21: PRACETAK | C21: CTCP CRON | F21: 2 | H21: =SUM(D21:G21) -> 2 | L21: 2 | N21: =SUM(J21:M21) -> 2 | O21: =H21-N21 -> 0 | Z21: KODAK 2 | AF21: =SUM(AC21:AE21) -> 0
C22: CTCP AVALON | F22: 2 | H22: =SUM(D22:G22) -> 2 | L22: 2 | N22: =SUM(J22:M22) -> 2 | O22: =H22-N22 -> 0 | R22: =140000*25 -> 3500000 | Z22: SCREEN 1 | AF22: =SUM(AC22:AE22) -> 0
A23: 7 | B23: WEB | C23: KADIV PROTEK | D23: 1 | H23: =SUM(D23:G23) -> 1 | J23: 1 | N23: =SUM(J23:M23) -> 1 | O23: =H23-N23 -> 0 | R23: =+(120000*25*2) -> 6000000 | Z23: SCREEN 2 | AF23: =SUM(AC23:AE23) -> 0
C24: KARU WEB | D24: 1 | H24: =SUM(D24:G24) -> 1 | J24: 1 | N24: =SUM(J24:M24) -> 1 | O24: =H24-N24 -> 0 | Z24: CTCP CRON | AA24: 2 | AD24: 1 | AE24: 1 | AF24: =SUM(AC24:AE24) -> 2
C25: OPERATOR WEB COLLORMAN | D25: 4 | F25: 5 | H25: =SUM(D25:G25) -> 9 | J25: 4 | L25: 5 | N25: =SUM(J25:M25) -> 9 | O25: =H25-N25 -> 0 | Z25: CTCP AVALON | AA25: 2 | AE25: 2 | AF25: =SUM(AC25:AE25) -> 2 | AI25: =140000*25 -> 3500000
A26: 8 | B26: IT | C26: IT , (ADMIN ALL PACK + PRACETAK PAGI) | H26: =SUM(D26:G26) -> 0 | N26: =SUM(J26:M26) -> 0 | O26: =H26-N26 -> 0 | X26: 9 | Y26: WEB | Z26: UNISET 1 | AF26: =SUM(AC26:AE26) -> 0
D27: =SUM(D6:D26) -> 9 | E27: =SUM(E6:E26) -> 2 | F27: =SUM(F6:F26) -> 22 | G27: =SUM(G6:G26) -> 0 | H27: =SUM(H6:H26) -> 33 | J27: =SUM(J6:J26) -> 9 | K27: =SUM(K6:K26) -> 2 | L27: =SUM(L6:L26) -> 22 | M27: =SUM(M6:M26) -> 0 | N27: =SUM(N6:N26) -> 33 | O27: =SUM(O6:O26) -> 0 | Z27: UNISET 2 | AF27: =SUM(AC27:AE27) -> 0
Z28: GOSS UNIVERSAL | AF28: =SUM(AC28:AE28) -> 0
Z29: KBA 63 | AF29: =SUM(AC29:AE29) -> 0
Z30: GLOBAL | AF30: =SUM(AC30:AE30) -> 0
Z31: TENSOR | AF31: =SUM(AC31:AE31) -> 0
Z32: DEV HORISSON | AF32: =SUM(AC32:AE32) -> 0
Z33: COLLORMAN | AA33: 10 | AC33: 5 | AE33: 1 | AF33: =SUM(AC33:AE33) -> 6 | AI33: =+(120000*25*2) -> 6000000
X34: 10 | Y34: IT | Z34: IT , (ADMIN ALL PACK + PRACETAK PAGI) | AA34: 1 | AD34: 1 | AF34: =SUM(AC34:AE34) -> 1
AA35: =SUM(AA6:AA34) -> 24 | AC35: =SUM(AC6:AC34) -> 9 | AD35: =SUM(AD6:AD34) -> 3 | AE35: =SUM(AE6:AE34) -> 10 | AF35: =SUM(AF6:AF34) -> 22
AA36: Selisih SDM | AE36: =AA35-AF35 -> 2 | AF36: =AF35/AA35 -> 0.91666667

Sheet RESUME
A1: RESUME Jumlah Tenaga kerja 2025
A2: kebutuhan Vs existing
M3: deviasi
A4: cabang | B4: KEBUTUHAN | F4: EXISTING | J4: Selisih SDM
B5: Tetap/Kontrak | C5: OS Fix | D5: OS Variable | E5: total kebutuhan | F5: Tetap/Kontrak | G5: OS Fix | H5: OS Variable | I5: total existing | K5: rasio kebutuhan/existing karyawan | L5: rasio kebutuhan/existing os | M5: juml all | N5: rasio all | O5: keterangan
A6: surabaya | B6: =SBY!D112+SBY!E112 -> 130 | C6: =SBY!F112 -> 182 | D6: =SBY!G112 -> 270 | E6: =SUM(B6:D6) -> 582 | F6: =SBY!N112+SBY!O112 -> 124 | G6: =SBY!P112 -> 114 | H6: =SBY!Q112 -> 204 | I6: =SUM(F6:H6) -> 442 | J6: =E6-I6 -> 140 | K6: =(F6-B6)/B6 -> -0.046153846 | L6: =(G6-C6)/C6 -> -0.37362637 | M6: =I6-E6 -> -140 | N6: =M6/E6 -> -0.24054983 | O6: rekrut acc, ppic, mkt, kadiv produksi, r&d, elektrik
A7: bekasi | B7: =BKS!D15+BKS!E15 -> 1 | C7: =BKS!F15 -> 13 | D7: =BKS!G15 -> 6 | E7: =SUM(B7:D7) -> 20 | F7: =BKS!N15+BKS!O15 -> 1 | G7: =BKS!P15 -> 13 | H7: =BKS!Q15 -> 0 | I7: =SUM(F7:H7) -> 14 | J7: =E7-I7 -> 6 | K7: 0 | L7: 0 | M7: =I7-E7 -> -6 | N7: 0
A8: bawen | B8: =BWN!E77+BWN!F77 -> 51 | C8: =BWN!G77 -> 91 | D8: =BWN!H77 -> 183 | E8: =SUM(B8:D8) -> 325 | F8: =BWN!K77+BWN!L77 -> 45 | G8: =BWN!M77 -> 71 | H8: =BWN!N77+BWN!O77 -> 130 | I8: =SUM(F8:H8) -> 246 | J8: =E8-I8 -> 79 | K8: =(F8-B8)/B8 -> -0.11764706 | L8: =(G8-C8)/C8 -> -0.21978022 | M8: =I8-E8 -> -79 | N8: =M8/E8 -> -0.24307692 | O8: rekrut ppic, it, qc, mekanik, web
A9: nganjuk | B9: =NGK!E52+NGK!F52 -> 15 | C9: =NGK!G52 -> 30 | D9: =NGK!H52 -> 74 | E9: =SUM(B9:D9) -> 119 | F9: =NGK!L52+NGK!M52 -> 14 | G9: =NGK!N52 -> 19 | H9: =NGK!O52 -> 65 | I9: =SUM(F9:H9) -> 98 | J9: =E9-I9 -> 21 | K9: =(F9-B9)/B9 -> -0.066666667 | L9: =(G9-C9)/C9 -> -0.36666667 | M9: =I9-E9 -> -21 | N9: =M9/E9 -> -0.17647059 | O9: rekrut qc
A10: dci | B10: =DCI!E51+DCI!F51 -> 12 | C10: =DCI!G51 -> 17 | D10: =DCI!H51 -> 35 | E10: =SUM(B10:D10) -> 64 | F10: =DCI!L51+DCI!M51 -> 11 | G10: =DCI!N51 -> 12 | H10: =DCI!O51 -> 23 | I10: =SUM(F10:H10) -> 46 | J10: =E10-I10 -> 18 | O10: rekrut ppic, it, qc, mekanik, web
A11: jember | B11: =JBR!D8+JBR!E8 -> 0 | C11: =JBR!F8 -> 3 | D11: =JBR!G8 -> 0 | E11: =SUM(B11:D11) -> 3 | F11: =JBR!L8+JBR!M8 -> 0 | G11: =JBR!N8 -> 3 | H11: =JBR!O8 -> 0 | I11: =SUM(F11:H11) -> 3 | J11: =E11-I11 -> 0 | K11: 0 | L11: =(G11-C11)/C11 -> 0 | M11: =I11-E11 -> 0 | N11: =M11/E11 -> 0
A12: bali | B12: =DPS!D40+DPS!E40 -> 14 | C12: =DPS!F40 -> 24 | D12: =DPS!G40 -> 6 | E12: =SUM(B12:D12) -> 44 | F12: =DPS!J40+DPS!K40 -> 14 | G12: =DPS!L40 -> 23 | H12: =DPS!M40 -> 6 | I12: =SUM(F12:H12) -> 43 | J12: =E12-I12 -> 1 | K12: =(F12-B12)/B12 -> 0 | L12: =(G12-C13)/C13 -> 0.045454545 | M12: =I12-E12 -> -1 | N12: =M12/E12 -> -0.022727273
A13: atng | B13: =ATNG!D27+ATNG!E27 -> 11 | C13: =ATNG!F27 -> 22 | D13: =ATNG!G27 -> 0 | E13: =SUM(B13:D13) -> 33 | F13: =ATNG!J27+ATNG!K27 -> 11 | G13: =ATNG!L27 -> 22 | H13: =ATNG!M27 -> 0 | I13: =SUM(F13:H13) -> 33 | J13: =E13-I13 -> 0 | K13: =(F13-B13)/B13 -> 0 | L13: =(G13-C14)/C14 -> -0.94240838 | M13: =I13-E13 -> 0 | N13: =M13/E13 -> 0
A14: PERKOM | B14: =SUM(B6:B13) -> 234 | C14: =SUM(C6:C13) -> 382 | D14: =SUM(D6:D13) -> 574 | E14: =SUM(E6:E13) -> 1190 | F14: =SUM(F6:F13) -> 220 | G14: =SUM(G6:G13) -> 277 | H14: =SUM(H6:H13) -> 428 | I14: =SUM(I6:I13) -> 925 | J14: =SUM(J6:J13) -> 265 | K14: =F14/B14 -> 0.94017094 | L14: =G14/C14 -> 0.72513089 | M14: =I14-E14 -> -265 | N14: =M14/E14 -> -0.22268908
A18: BIAYA GAJI PER BULAN SDM SBU PERKOM
A19: cabang | B19: KEBUTUHAN | F19: EXISTING | J19: GROWTH | K19: GAJI T/K SAJA 2025 | L19: THR 2025 | M19: BPJS (Perusahaan) 2025 | N19: Rawat Jalan 2025 | O19: Rawat Inap 2025
B20: Tetap/Kontrak | C20: OS Fix | D20: OS Variable | E20: total kebutuhan | F20: Tetap/Kontrak | G20: OS Fix | H20: OS Variable | I20: total existing | K20: Per Bulan | L20: Per Bulan | M20: Per Bulan | N20: Per Bulan | O20: Per Bulan
A21: surabaya | B21: =F21+(5%*F21)+(6*4900000) -> 7.6438988e+08 | C21: =SBY!L112 -> 4.4338781e+08 | D21: =SBY!M112 -> 500631250 | E21: =SUM(B21:D21) -> 1708408945 | F21: =550515709+149474655 -> 699990364 | G21: =SBY!U112 -> 275234625 | H21: =SBY!V112 -> 360125000 | I21: =SUM(F21:H21) -> 1335349989 | J21: =E21-I21 -> 3.7305896e+08 | K21: =727744071+29400000 -> 757144071 | L21: =(727744071/12)+(C21/12)+(D21/12) -> 1.3931359e+08 | M21: =(10.89%*K21)+(2%*C21)+(2%*D21) -> 1.0133337e+08 | N21: =1%*K21 -> 7571440.7 | O21: =1.5%*K21 -> 11357161
A22: bekasi | B22: =F22+(5%*F22) -> 5776803.9 | C22: =BKS!L15 -> 37780851 | D22: =BKS!M15 -> 32881356 | E22: =SUM(B22:D22) -> 76439011 | F22: =BKS!T15 -> 5501718 | G22: =BKS!U15 -> 35981763 | H22: =BKS!V15 -> 0 | I22: =SUM(F22:H22) -> 41483481 | J22: =E22-I22 -> 34955530 | K22: =B22 -> 5776803.9 | L22: =(727744071/12)+(C22/12)+(D22/12) -> 66533857 | M22: =(10.89%*K22)+(2%*C22)+(2%*D22) -> 2042338.1 | N22: =1%*K22 -> 57768.039 | O22: =1.5%*K22 -> 86652.058
A23: bawen | B23: =+F23*1.08+2750000*6 -> 2.6528045e+08 | C23: =+G23*1.08 -> 1.540497e+08 | D23: =D8*25*75000 -> 343125000 | E23: =SUM(B23:D23) -> 7.6245514e+08 | F23: =225052264+5300000 -> 230352264 | G23: =134688607+7950000 -> 142638607 | H23: =+H8*25*75000 -> 243750000 | I23: =SUM(F23:H23) -> 616740871 | J23: =E23-I23 -> 1.4571427e+08 | K23: =236304877+16500000 -> 252804877 | L23: =(727744071/12)+(C23/12)+(D23/12) -> 1.0207656e+08 | M23: =(10.89%*K23)+(2%*C23)+(2%*D23) -> 37473945 | N23: =1%*K23 -> 2528048.8 | O23: =1.5%*K23 -> 3792073.2
A24: nganjuk | B24: =+F24*1.08+(1*2500000) -> 80556338 | C24: =+G24*1.08 -> 32080196 | D24: =D9*25*75000 -> 138750000 | E24: =SUM(B24:D24) -> 2.5138653e+08 | F24: =70274387+2000000 -> 72274387 | G24: 29703885 | H24: =+H9*25*70000 -> 113750000 | I24: =SUM(F24:H24) -> 215728272 | J24: =E24-I24 -> 35658262 | K24: =73788106+2500000 -> 76288106 | L24: =(727744071/12)+(C24/12)+(D24/12) -> 74881189 | M24: =(10.89%*K24)+(2%*C24)+(2%*D24) -> 11724379 | N24: =1%*K24 -> 762881.06 | O24: =1.5%*K24 -> 1144321.6
A25: dci | B25: =+F25*1.08+(1*2500000) -> 56054236 | C25: =+G25*1.08 -> 18504005 | D25: =D10*25*75000 -> 65625000 | E25: =SUM(B25:D25) -> 1.4018324e+08 | F25: =49337256+250000 -> 49587256 | G25: 17133338 | H25: =+H10*25*70000 -> 40250000 | I25: =SUM(F25:H25) -> 106970594 | K25: =51804119+2500000 -> 54304119 | L25: =(727744071/12)+(C25/12)+(D25/12) -> 67656090 | M25: =(10.89%*K25)+(2%*C25)+(2%*D25) -> 7596298.7 | N25: =1%*K25 -> 543041.19 | O25: =1.5%*K25 -> 814561.79
A26: jember | B26: =F26 -> 0 | C26: =C11*30*75000 -> 6750000 | D26: =D11*25*75000 -> 0 | E26: =SUM(B26:D26) -> 6750000 | F26: 0 | G26: =G11*30*75000 -> 6750000 | H26: =H11*25*75000 -> 0 | I26: =SUM(F26:H26) -> 6750000 | J26: =E26-I26 -> 0 | L26: =(727744071/12)+(C26/12)+(D26/12) -> 61207839 | M26: =(10.89%*K26)+(2%*C26)+(2%*D26) -> 135000 | N26: =1%*K26 -> 0 | O26: =1.5%*K26 -> 0
A27: bali | B27: =F27+(1*2*3251664) -> 79530817 | C27: =C12*25*110000 -> 66000000 | D27: =D12*25*50000 -> 7500000 | E27: =SUM(B27:D27) -> 153030817 | F27: =59165976+13861513 -> 73027489 | G27: =G12*25*110000 -> 63250000 | H27: =H12*25*50000 -> 7500000 | I27: =SUM(F27:H27) -> 143777489 | J27: =E27-I27 -> 9253328 | K27: =75839905+7000000 -> 82839905 | L27: =(727744071/12)+(C27/12)+(D27/12) -> 66770339 | M27: =(10.89%*K27)+(2%*C27)+(2%*D27) -> 10491266 | N27: =1%*K27 -> 828399.05 | O27: =1.5%*K27 -> 1242598.6
A28: atng | B28: =F28+(5%*F28) -> 66948465 | C28: =C13*25*150000 -> 82500000 | D28: =D13*25*175000 -> 0 | E28: =SUM(B28:D28) -> 1.4944847e+08 | F28: =54317432+9443011 -> 63760443 | G28: =G13*25*137000 -> 75350000 | H28: =H13*25*175000 -> 0 | I28: =SUM(F28:H28) -> 139110443 | J28: =E28-I28 -> 10338022 | K28: 66841256 | L28: =(727744071/12)+(C28/12)+(D28/12) -> 67520339 | M28: =(10.89%*K28)+(2%*C28)+(2%*D28) -> 8929012.8 | N28: =1%*K28 -> 668412.56 | O28: =1.5%*K28 -> 1002618.8
A29: TOTAL GAJI PERKOM | B29: =SUM(B21:B28) -> 1318536988 | C29: =SUM(C21:C28) -> 8.4105256e+08 | D29: =SUM(D21:D28) -> 1088512606 | E29: =SUM(E21:E28) -> 3248102155 | F29: =SUM(F21:F28) -> 1194493921 | G29: =SUM(G21:G28) -> 646042218 | H29: =SUM(H21:H28) -> 765375000 | I29: =SUM(I21:I28) -> 2605911139 | ... O29: =SUM(O21:O28) -> 19439987
B33: Mempermudah dalam pengolahan data dan dapat meningkatkan efisiensi operasional (On Progress Quantum)
B37: Mencari SDM yang lebih berkompeten, baik dari pendidikan maupun soft skill/hard skill

Sheet resume lama
C2: RESUME Jumlah Tenaga kerja 2024
C3: kebutuhan Vs existing
L4: deviasi
C5: cabang | D5: kebutuhan tetap/kontrak | E5: kebutuhan os | F5: total kebutuhan | G5: existing tetap/kontrak | H5: existing os | I5: total existing | J5: rasio kebutuhan/existing karyawan | K5: rasio kebutuhan/existing os | L5: juml all | M5: rasio all
C6: surabaya | D6: =SBY!D112+SBY!E112 -> 130 | E6: =SBY!F112 -> 182 | F6: =SBY!#REF! -> #ERROR! | G6: 128 | H6: =SBY!P112 -> 114 | I6: =SBY!R112 -> 442 | J6: =(G6-D6)/D6 -> -0.015384615 | K6: =(H6-E6)/E6 -> -0.37362637 | L6: =I6-F6 -> #ERROR! | M6: =L6/F6 -> #ERROR!
C7: bekasi | D7: 0 | E7: 0 | F7: 0 | G7: =BKS!N15 -> 0 | H7: =BKS!P15 -> 13 | I7: =BKS!R15 -> 14 | J7: 0 | K7: 0 | L7: =I7-F7 -> 14 | M7: 0
C8: bawen | D8: 46 | E8: 238 | F8: =#REF! -> #REF! | G8: =BWN!K76+BWN!L76 -> 0 | H8: =BWN!N76+BWN!O76 -> 3 | I8: =BWN!P76 -> 3 | J8: =(G8-D8)/D8 -> -1 | K8: =(H8-E8)/E8 -> -0.98739496 | L8: =I8-F8 -> #REF! | M8: =L8/F8 -> #REF!
C9: nganjuk & dci | D9: 25 | E9: 77 | F9: =#REF! -> #REF! | G9: =NGK!L51+NGK!M51 -> 0 | H9: =NGK!O51 -> 22 | I9: =NGK!P51 -> 22 | J9: =(G9-D9)/D9 -> -1 | K9: =(H9-E9)/E9 -> -0.71428571 | L9: =I9-F9 -> #REF! | M9: =L9/F9 -> #REF!
C10: jember | D10: 0 | E10: 3 | F10: =JBR!D8 -> 0 | G10: =JBR!L8 -> 0 | H10: =JBR!N8 -> 3 | I10: =JBR!P8 -> 3 | J10: 0 | K10: =(H10-E10)/E10 -> 0 | L10: =I10-F10 -> 3 | M10: =L10/F10 -> #DIV/0!
C11: bali | D11: =DPS!D40+DPS!E40 -> 14 | E11: =DPS!F40 -> 24 | F11: =#REF! -> #REF! | G11: =DPS!J40+DPS!K40 -> 14 | H11: =DPS!L40 -> 23 | I11: =DPS!N40 -> 43 | J11: =(G11-D11)/D11 -> 0 | K11: =(H11-E11)/E11 -> -0.041666667 | L11: =I11-F11 -> #REF! | M11: =L11/F11 -> #REF!
C12: atng | D12: =ATNG!D27+ATNG!E27 -> 11 | E12: =ATNG!F27 -> 22 | F12: =#REF! -> #REF! | G12: =ATNG!J27+ATNG!K27 -> 11 | H12: =ATNG!L27 -> 22 | I12: =ATNG!N27 -> 33 | J12: =(G12-D12)/D12 -> 0 | K12: =(H12-E12)/E12 -> 0 | L12: =I12-F12 -> #REF! | M12: =L12/F12 -> #REF!
C13: PERKOM | D13: =SUM(D6:D12) -> 226 | E13: =SUM(E6:E12) -> 546 | F13: =SUM(F6:F12) -> #ERROR! | G13: =SUM(G6:G12) -> 153 | H13: =SUM(H6:H12) -> 200 | I13: =SUM(I6:I12) -> 560 | J13: =G13/D13 -> 0.67699115 | K13: =H13/E13 -> 0.36630037 | L13: =I13-F13 -> #ERROR! | M13: =L13/F13 -> #ERROR!
C15: Biaya SDM
D17: Fix cost karyawan | E17: Fix cost OS | F17: Variable cost | G17: Total Biaya | H17: Jumlah Karyawan | I17: Jumlah OS | J17: Total | K17: rasio fix cost karyawan | L17: rasio fix cost OS | M17: Omset | N17: Omset/Biaya | O17: Output Produksi | P17: Prosentase karyawan/output
C18: surabaya | D18: 722449164 | E18: 168700250 | F18: 1069238514 | G18: =SUM(D18:F18) -> 1960387928 | H18: =G6 -> 128 | I18: =H6 -> 114 | J18: =H18+I18 -> 242 | K18: =D18/G18 -> 0.36852357 | L18: =E18/G18 -> 0.086054524 | M18: 15000000000 | N18: =G18/M18 -> 0.13069253 | P18: =O18/J18 -> 0
C19: bekasi | D19: 0 | E19: 0 | F19: 0 | G19: =SUM(D19:F19) -> 0 | H19: =G7 -> 0 | I19: =H7 -> 13 | J19: =H19+I19 -> 13 | K19: 0 | L19: 0 | M19: 0 | N19: 0
C20: bawen | D20: 220104125 | E20: 64078150 | F20: 159062617 | G20: =SUM(D20:F20) -> 443244892 | H20: =G8 -> 0 | I20: =H8 -> 3 | J20: =H20+I20 -> 3 | K20: =D20/G20 -> 0.49657453 | L20: =E20/G20 -> 0.14456602 | M20: 7000000000 | N20: =G20/M20 -> 0.063320699
C21: nganjuk | D21: 72135652 | E21: 14685240 | F21: 89699816 | G21: =SUM(D21:F21) -> 176520708 | H21: 14 | I21: 92 | J21: =H21+I21 -> 106 | K21: =D21/G21 -> 0.40865263 | L21: =E21/G21 -> 0.083192732 | M21: 4500000000 | N21: =G21/M21 -> 0.039226824
C22: jember | D22: 0 | E22: 6571000 | F22: 86286 | G22: =SUM(D22:F22) -> 6657286 | H22: =G10 -> 0 | I22: =H10 -> 3 | J22: =H22+I22 -> 3 | K22: =D22/G22 -> 0 | L22: =E22/G22 -> 0.98703886 | M22: 0 | N22: 0
C23: bali | D23: 77048060 | E23: 42164892 | F23: 137968011 | G23: =SUM(D23:F23) -> 257180963 | H23: =G11 -> 14 | I23: =H11 -> 23 | J23: =H23+I23 -> 37 | K23: =D23/G23 -> 0.29958695 | L23: =E23/G23 -> 0.16395028 | M23: 1500000000 | N23: =G23/M23 -> 0.17145398
C24: atng | D24: 66931644 | E24: 39625000 | F24: 4106083 | G24: =SUM(D24:F24) -> 110662727 | H24: =G12 -> 11 | I24: =H12 -> 22 | J24: =H24+I24 -> 33 | K24: =D24/G24 -> 0.60482554 | L24: =E24/G24 -> 0.35806998 | M24: 1000000000 | N24: =G24/M24 -> 0.11066273
C25: dci | D25: 49497501 | E25: 0 | F25: 18494490 | G25: =SUM(D25:F25) -> 67991991 | H25: 11 | I25: 11 | J25: =H25+I25 -> 22 | K25: =D25/G25 -> 0.72799017 | L25: =E25/G25 -> 0
D26: =SUM(D18:D25) -> 1208166146 | E26: =SUM(E18:E25) -> 335824532 | F26: =SUM(F18:F25) -> 1478655817 | G26: =SUM(G18:G25) -> 3022646495 | H26: =SUM(H18:H25) -> 178 | I26: =SUM(I18:I25) -> 281 | J26: =SUM(J18:J25) -> 459 | K26: =SUM(K18:K25) -> 2.9061534 | ... N26: =SUM(N18:N25) -> 0.51535675
C28: Leader & Total Mesin Cabang
C30: Cabang | D30: Nama | E30: Level | F30: Total Mesin
C31: surabaya | D31: Edy Riyanto | E31: Kadiv Produksi | F31: 15 | G31: Web, Sheet, Pracetak
D32: Nurul Abidin | E32: Wakadiv Produksi | F32: 26 | G32: Finishing
C33: bekasi | D33: - | E33: - | F33: 0 | G33: -
C34: bawen | D34: Dedy Haryadi | E34: Kadiv Produksi & Teknik | F34: 35 | G34: Web, Sheet, Pracetak, Finishing
C35: nganjuk | D35: Aris Widodo | E35: Kadiv Produksi | F35: 21 | G35: Web, Sheet, Pracetak, Finishing
C36: jember | D36: - | E36: - | F36: 0 | G36: -
C37: bali | D37: Ayu Purnami | E37: Kadiv Accounting | F37: 17 | G37: Web, Sheet, Pracetak, Finishing
C38: atng | D38: Roby Andryanto | E38: Kadiv Protek dan PPIC | F38: 3 | G38: Web, Pracetak
A41: JENIS KELAMIN | H41: PENDIDIKAN | O41: USIA
A42: AREA | B42: LAKI - LAKI | D42: PEREMPUAN | F42: TOTAL | H42: AREA | I42: SMA/SMK | J42: DIPLOMA | K42: SARJANA | L42: MAGISTER | M42: TOTAL | O42: AREA | P42: < 20 th | Q42: 20 - 30 th | R42: 31 - 40 th | S42: 41 - 50 th | T42: > 50 th | U42: TOTAL
B43: TETAP | C43: KONTRAK | D43: TETAP | E43: KONTRAK
A44: BEKASI | B44: 0 | C44: 0 | D44: 0 | E44: 0 | F44: =SUM(B44:E44) -> 0 | H44: BEKASI | I44: - | J44: - | K44: - | L44: - | M44: =SUM(I44:L44) -> 0 | O44: BEKASI | P44: - | Q44: - | R44: - | S44: - | T44: - | U44: =SUM(P44:T44) -> 0
A45: BASO | B45: 28 | C45: 12 | D45: 2 | E45: 1 | F45: =SUM(B45:E45) -> 43 | H45: BASO | I45: 26 | J45: 3 | K45: 13 | L45: 1 | M45: =SUM(I45:L45) -> 43 | O45: BASO | P45: - | Q45: 11 | R45: 16 | S45: 16 | T45: - | U45: =SUM(P45:T45) -> 43
A46: NGANJUK | B46: 11 | C46: 1 | D46: 2 | E46: 0 | F46: =SUM(B46:E46) -> 14 | H46: NGANJUK | I46: 10 | J46: 2 | K46: 2 | L46: - | M46: =SUM(I46:L46) -> 14 | O46: NGANJUK | P46: - | Q46: - | R46: 9 | S46: 4 | T46: 1 | U46: =SUM(P46:T46) -> 14
A47: JEMBER | B47: 0 | C47: 0 | D47: 0 | E47: 0 | F47: =SUM(B47:E47) -> 0 | H47: JEMBER | I47: - | J47: - | K47: - | L47: - | M47: =SUM(I47:L47) -> 0 | O47: JEMBER | P47: - | Q47: - | R47: - | S47: - | T47: - | U47: =SUM(P47:T47) -> 0
A48: BALI | B48: 9 | C48: 3 | D48: 2 | E48: 0 | F48: =SUM(B48:E48) -> 14 | H48: BALI | I48: 13 | J48: - | K48: 1 | L48: - | M48: =SUM(I48:L48) -> 14 | O48: BALI | P48: - | Q48: 3 | R48: 8 | S48: 3 | T48: - | U48: =SUM(P48:T48) -> 14
A49: ALIANSI | B49: 9 | C49: 2 | D49: 0 | E49: 0 | F49: =SUM(B49:E49) -> 11 | H49: ALIANSI | I49: 9 | J49: - | K49: 2 | L49: - | M49: =SUM(I49:L49) -> 11 | O49: ALIANSI | P49: - | Q49: 3 | R49: 6 | S49: 2 | T49: - | U49: =SUM(P49:T49) -> 11
A50: MALANG | B50: 0 | C50: 0 | D50: 0 | E50: 0 | F50: =SUM(B50:E50) -> 0 | H50: MALANG | I50: - | J50: - | K50: - | L50: - | M50: =SUM(I50:L50) -> 0 | O50: MALANG | P50: - | Q50: - | R50: - | S50: - | T50: - | U50: =SUM(P50:T50) -> 0
A51: SURABAYA | B51: 100 | C51: 21 | D51: 2 | E51: 5 | F51: =SUM(B51:E51) -> 128 | H51: SURABAYA | I51: 95 | J51: 14 | K51: 19 | L51: - | M51: =SUM(I51:L51) -> 128 | O51: SURABAYA | P51: - | Q51: 12 | R51: 84 | S51: 32 | T51: - | U51: =SUM(P51:T51) -> 128
A52: DCI | B52: 9 | C52: 1 | D52: 1 | E52: 0 | F52: =SUM(B52:E52) -> 11 | H52: DCI | I52: 9 | J52: 1 | K52: 1 | L52: - | M52: =SUM(I52:L52) -> 11 | O52: DCI | P52: - | Q52: 1 | R52: 5 | S52: 5 | T52: - | U52: =SUM(P52:T52) -> 11
B53: =SUM(B44:B52) -> 166 | C53: =SUM(C44:C52) -> 40 | D53: =SUM(D44:D52) -> 9 | E53: =SUM(E44:E52) -> 6 | F53: =SUM(F44:F52) -> 221 | I53: =SUM(I44:I52) -> 162 | J53: =SUM(J44:J52) -> 20 | K53: =SUM(K44:K52) -> 38 | L53: =SUM(L44:L52) -> 1 | M53: =SUM(M44:M52) -> 221 | P53: =SUM(P44:P52) -> 0 | Q53: =SUM(Q44:Q52) -> 30 | R53: =SUM(R44:R52) -> 128 | S53: =SUM(S44:S52) -> 62 | T53: =SUM(T44:T52) -> 1 | U53: =SUM(U44:U52) -> 221
B54: =B53/$F$13 -> #ERROR! | C54: =C53/$F$13 -> #ERROR! | D54: =D53/$F$13 -> #ERROR! | E54: =E53/$F$13 -> #ERROR! | I54: =I53/$M$53 -> 0.73303167 | J54: =J53/$M$53 -> 0.090497738 | K54: =K53/$M$53 -> 0.1719457 | L54: =L53/$M$53 -> 0.0045248869 | Q54: =Q53/$U$53 -> 0.13574661 | R54: =R53/$U$53 -> 0.57918552 | S54: =S53/$U$53 -> 0.28054299 | T54: =T53/$U$53 -> 0.0045248869
G56: Divisi | H56: EXISTING 2024 | K56: PENDIDIKAN
A57: AREA | B57: EXISTING 2024 | H57: Tetap | I57: Kontrak | J57: Total | K57: SMA/SMK | L57: DIPLOMA | M57: SARJANA | N57: MAGISTER
B58: Tetap | C58: Kontrak | D58: Total | G58: Acc/Finance | H58: 8 | I58: 5 | J58: =SUM(H58:I58) -> 13 | K58: 4 | L58: 2 | M58: 9
A59: BEKASI | B59: 0 | C59: 0 | D59: 0 | G59: Branch/Assistant Manager | H59: 0 | I59: 5 | J59: =SUM(H59:I59) -> 5 | K59: 1 | N59: 1
A60: BASO | B60: 30 | C60: 13 | D60: 43 | G60: HRD&GA | H60: 5 | I60: 3 | J60: =SUM(H60:I60) -> 8 | K60: 5 | M60: 3
A61: NGANJUK | B61: 13 | C61: 1 | D61: 14 | G61: IT | H61: 2 | I61: 1 | J61: =SUM(H61:I61) -> 3 | L61: 1 | M61: 2
A62: JEMBER | B62: 0 | C62: 0 | D62: 0 | G62: Pemasaran | H62: 13 | I62: 5 | J62: =SUM(H62:I62) -> 18 | K62: 8 | L62: 4 | M62: 6
A63: BALI | B63: 11 | C63: 3 | D63: 14 | G63: Pembelian | H63: 3 | I63: 2 | J63: =SUM(H63:I63) -> 5 | K63: 1 | M63: 4
A64: ALIANSI | B64: 9 | C64: 2 | D64: 11 | G64: PPIC | H64: 24 | I64: 4 | J64: =SUM(H64:I64) -> 28 | K64: 19 | L64: 3 | M64: 6
A65: MALANG | B65: 0 | C65: 0 | D65: 0 | G65: Produksi | H65: =SUM(H66:H69) -> 90 | I65: =SUM(I66:I69) -> 14 | J65: =SUM(J66:J69) -> 104 | K65: =SUM(K66:K69) -> 100 | L65: =SUM(L66:L69) -> 3 | M65: =SUM(M66:M69) -> 1
A66: SURABAYA | B66: 102 | C66: 26 | D66: 128 | G66: - Pracetak | H66: 11 | I66: 1 | J66: =SUM(H66:I66) -> 12 | K66: 8 | L66: 3 | M66: 1
A67: DCI | B67: 10 | C67: 1 | D67: 11 | G67: - Sheet | H67: 16 | I67: 2 | J67: =SUM(H67:I67) -> 18 | K67: 18
A68: Total | B68: =SUM(B59:B67) -> 175 | C68: =SUM(C59:C67) -> 46 | D68: =SUM(D59:D67) -> 221 | G68: - Web | H68: 38 | I68: 5 | J68: =SUM(H68:I68) -> 43 | K68: 43
B69: 0.7918552 | C69: 0.2081448 | G69: - Finishing | H69: 25 | I69: 6 | J69: =SUM(H69:I69) -> 31 | K69: 31
G70: QC / QA | H70: 1 | I70: 3 | J70: =SUM(H70:I70) -> 4 | K70: 2 | L70: 1 | M70: 1
A71: SDM Tetap/Kontrak | C71: 221 | G71: Teknik | H71: =SUM(H72:H73) -> 29 | I71: =SUM(I72:I73) -> 4 | J71: =SUM(J72:J73) -> 33 | K71: =SUM(K72:K73) -> 23 | L71: =SUM(L72:L73) -> 6 | M71: =SUM(M72:M73) -> 4
A72: SDM Existing | C72: 815 | G72: - Elektrik | H72: 9 | I72: 1 | J72: =SUM(H72:I72) -> 10 | K72: 7 | L72: 2 | M72: 1
G73: - Mekanik | H73: 20 | I73: 3 | J73: =SUM(H73:I73) -> 23 | K73: 16 | L73: 4 | M73: 3
A74: rasio total SDM Tetap/Kontrak | C74: 0.27 | G74: Total | H74: =SUM(H58:H65,H70:H71) -> 175 | I74: =SUM(I58:I65,I70:I71) -> 46 | J74: =SUM(J58:J65,J70:J71) -> 221 | K74: =SUM(K58:K65,K70:K71) -> 163 | L74: =SUM(L58:L65,L70:L71) -> 20 | M74: =SUM(M58:M65,M70:M71) -> 36 | N74: =SUM(N58:N65,N70:N71) -> 1
A83: Strategy SDM
A84: 1 | B84: Pelatihan/Training SDM | D84: Mereview ulang pelatihan mesin-mesin temprina & pelatihan yang di butuhkan masing-masing dept. Untuk memaksimalkan kompetensi SDM
A85: 2 | B85: Talent Mapping
A86: 3 | B86: Pendidikan (misal program melanjutkan kuliah atau sertifikat keahlian)
A87: 4 | B87: Pengembangan sistem | D87: Mempermudah dalam pengolahan data dan dapat meningkatkan efisiensi operasional (On Progress Quantum)
A88: 5 | B88: Kesempatan (jenjang karir)
A89: 6 | B89: update jobdesc
A90: 7 | B90: Coaching
A91: 8 | B91: Recruitment | D91: Mencari SDM yang lebih berkompeten, baik dari pendidikan maupun soft skill/hard skill

Sheet rentang kendali
A1: Leader & Total Mesin Cabang
A3: Cabang | B3: Nama | C3: Level | D3: Total Mesin
A4: surabaya | B4: Edy Riyanto | C4: Kadiv Produksi | D4: 15 | E4: Web, Sheet, Pracetak
B5: Nurul Abidin | C5: Wakadiv Produksi | D5: 26 | E5: Finishing
A6: bekasi | B6: - | C6: - | D6: 0 | E6: -
A7: bawen | B7: Dedy Haryadi | C7: Kadiv Produksi & Teknik | D7: 35 | E7: Web, Sheet, Pracetak, Finishing
A8: nganjuk | B8: Aris Widodo | C8: Kadiv Produksi | D8: 21 | E8: Web, Sheet, Pracetak, Finishing
A9: jember | B9: - | C9: - | D9: 0 | E9: -
A10: bali | B10: Ayu Purnami | C10: Kadiv Accounting | D10: 17 | E10: Web, Sheet, Pracetak, Finishing
A11: atng | B11: Roby Andryanto | C11: Kadiv Protek dan PPIC | D11: 3 | E11: Web, Pracetak
A15: Rentang Kendali Bagian Produksi
A17: Cabang | B17: Omset Thn 2023 (Rp) | C17: Output Thn 2023 | D17: Leader | F17: Existing | K17: Pracetak | N17: Sheet | S17: Web | X17: Finishing
D18: Nama | E18: Jabatan | F18: Delegasi | H18: Mesin (all) | I18: Mesin Aktif | J18: Operator | K18: Delegasi | L18: Jumlah Mesin | M18: Operator | N18: Delegasi | O18: Output (lembar) | P18: Rata2 output | Q18: Jumlah Mesin | R18: Operator | S18: Delegasi | T18: Output (web) | U18: Rata2 output | V18: Jumlah Mesin | W18: Operator | X18: Delegasi | Y18: Jumlah Mesin | Z18: Operator
A19: Surabaya | B19: 193051961000 | C19: 420786603 | D19: Edy Riyanto | E19: Kadiv Produksi | F19: 9 | G19: (1) Wakadiv, (5) Karu, (3) Wakaru | H19: =6+3+10+41 -> 60 | I19: =L19+Q19+V19+Y19 -> 50 | J19: =M19+R19+W19+Z19 -> 48 | K19: (2) Karu & Wakaru | L19: 6 | M19: 5 | N19: (2) Karu & Wakaru | O19: 33463030 | P19: =O19/R19 -> 4182878.8 | Q19: 3 | R19: 8 | S19: (3) Karu & Wakaru | T19: 387323573 | U19: =T19/W19 -> 20385451 | V19: 8 | W19: =18+1 -> 19 | X19: (2) Wakadiv & Karu | Y19: 33 | Z19: 16
A20: Bawen | B20: 89402427760 | C20: 208056244 | D20: Dedy Haryadi | E20: Kadiv Produksi | F20: 2 | G20: (1) Karu, (1) Wakaru | H20: =3+2+3+20 -> 28 | I20: =L20+Q20+V20+Y20 -> 27 | J20: =M20+R20+W20+Z20 -> 26 | K20: (1) Karu | L20: 3 | M20: 6 | O20: 54675912 | P20: =O20/R20 -> 9112652 | Q20: 2 | R20: 6 | S20: (1) Wakaru | T20: 153380331 | U20: =T20/W20 -> 19172541 | V20: 3 | W20: 8 | Y20: 19 | Z20: 6
A21: Nganjuk + DCI | B21: =58761861979+11151241695 -> 69913103674 | C21: 140870572 | D21: Aris Widodo | E21: Kadiv Protek | F21: 1 | G21: (1) Karu | H21: =2+2+3+14 -> 21 | I21: =L21+Q21+V21+Y21 -> 20 | J21: =M21+R21+W21+Z21 -> 23 | L21: 2 | M21: 2 | O21: 17107153 | P21: =O21/R21 -> 5702384.3 | Q21: 2 | R21: 3 | T21: 123763419 | U21: =T21/W21 -> 17680488 | V21: 3 | W21: 7 | X21: (1) Karu | Y21: 13 | Z21: 11
A22: Jember | B22: 1590658000 | I22: =L22+Q22+V22+Y22 -> 0 | J22: =M22+R22+W22+Z22 -> 0
A23: Bali | B23: 18755821000 | C23: 42485146 | D23: Ayu Purnami | E23: Kadiv Accounting | F23: 3 | G23: (3) Karu | H23: =2+1+2+10 -> 15 | I23: =L23+Q23+V23+Y23 -> 15 | J23: =M23+R23+W23+Z23 -> 11 | K23: (1) Karu | L23: 2 | M23: 3 | O23: 8253217 | P23: =O23/R23 -> 4126608.5 | Q23: 1 | R23: 2 | S23: (1) Karu | T23: 34231929 | U23: =T23/W23 -> 6846385.8 | V23: 2 | W23: 5 | X23: (1) Karu | Y23: 10 | Z23: 1
A24: Bekasi | B24: 21753157323 | I24: =L24+Q24+V24+Y24 -> 0 | J24: =M24+R24+W24+Z24 -> 0
A25: ATNG | B25: 13569263000 | C25: 40209868 | D25: Roby Andryanto | E25: Kadiv Protek dan PPIC | F25: 1 | G25: (1) Karu | H25: =3+1 -> 4 | I25: =L25+Q25+V25+Y25 -> 4 | J25: =M25+R25+W25+Z25 -> 9 | L25: 3 | M25: 3 | S25: (1) Karu | T25: 40209868 | U25: =T25/W25 -> 6701644.7 | V25: 1 | W25: 6
B26: =SUM(B19:B25) -> 408036391757 | C26: =SUM(C19:C25) -> 852408433 | F26: =SUM(F19:F25) -> 16 | H26: =SUM(H19:H25) -> 128 | I26: =SUM(I19:I25) -> 116 | J26: =SUM(J19:J25) -> 117 | L26: =SUM(L19:L25) -> 16 | M26: =SUM(M19:M25) -> 19 | O26: =SUM(O19:O25) -> 113499312 | P26: =O26/R26 -> 5973648 | Q26: =SUM(Q19:Q25) -> 8 | R26: =SUM(R19:R25) -> 19 | T26: =SUM(T19:T25) -> 738909120 | U26: =T26/W26 -> 16420203 | V26: =SUM(V19:V25) -> 17 | W26: =SUM(W19:W25) -> 45 | Y26: =SUM(Y19:Y25) -> 75 | Z26: =SUM(Z19:Z25) -> 34
E27: per delegasi : | F27: =J26/F26 -> 7.3125 | G27: kendali thd operator
F28: =I26/F26 -> 7.25 | G28: kendali thd mesin

Sheet Sheet3
A1: JENIS KELAMIN | H1: PENDIDIKAN | Q1: USIA
A2: AREA | B2: LAKI - LAKI | D2: PEREMPUAN | F2: TOTAL | H2: AREA | I2: SD | J2: SMP | K2: SMA/SMK | L2: DIPLOMA | M2: SARJANA | N2: MAGISTER | O2: TOTAL | Q2: AREA | R2: < 20 th | S2: 20 - 30 th | T2: 31 - 40 th | U2: 41 - 50 th | V2: > 50 th | W2: TOTAL
B3: TETAP | C3: KONTRAK | D3: TETAP | E3: KONTRAK
A4: BEKASI | B4: 0 | C4: 0 | D4: 0 | E4: 0 | F4: =SUM(B4:E4) -> 0 | H4: BEKASI | K4: - | L4: - | M4: - | N4: - | O4: =SUM(I4:N4) -> 0 | Q4: BEKASI | R4: - | S4: - | T4: - | U4: - | V4: - | W4: =SUM(R4:V4) -> 0
A5: BASO | B5: 28 | C5: 12 | D5: 2 | E5: 1 | F5: =SUM(B5:E5) -> 43 | H5: BASO | K5: 26 | L5: 3 | M5: 14 | N5: - | O5: =SUM(I5:N5) -> 43 | Q5: BASO | R5: - | S5: 11 | T5: 16 | U5: 16 | V5: - | W5: =SUM(R5:V5) -> 43
A6: NGANJUK | B6: 11 | C6: 1 | D6: 2 | E6: 0 | F6: =SUM(B6:E6) -> 14 | H6: NGANJUK | K6: 10 | L6: 2 | M6: 2 | N6: - | O6: =SUM(I6:N6) -> 14 | Q6: NGANJUK | R6: - | S6: - | T6: 9 | U6: 4 | V6: 1 | W6: =SUM(R6:V6) -> 14
A7: JEMBER | B7: 0 | C7: 0 | D7: 0 | E7: 0 | F7: =SUM(B7:E7) -> 0 | H7: JEMBER | K7: - | L7: - | M7: - | N7: - | O7: =SUM(I7:N7) -> 0 | Q7: JEMBER | R7: - | S7: - | T7: - | U7: - | V7: - | W7: =SUM(R7:V7) -> 0
A8: BALI | B8: 9 | C8: 3 | D8: 2 | E8: 0 | F8: =SUM(B8:E8) -> 14 | H8: BALI | K8: 13 | L8: - | M8: 1 | N8: - | O8: =SUM(I8:N8) -> 14 | Q8: BALI | R8: - | S8: 3 | T8: 8 | U8: 3 | V8: - | W8: =SUM(R8:V8) -> 14
A9: ALIANSI | B9: 9 | C9: 2 | D9: 0 | E9: 0 | F9: =SUM(B9:E9) -> 11 | H9: ALIANSI | K9: 9 | L9: - | M9: 2 | N9: - | O9: =SUM(I9:N9) -> 11 | Q9: ALIANSI | R9: - | S9: 3 | T9: 6 | U9: 2 | V9: - | W9: =SUM(R9:V9) -> 11
A10: MALANG | B10: 0 | C10: 0 | D10: 0 | E10: 0 | F10: =SUM(B10:E10) -> 0 | H10: MALANG | K10: - | L10: - | M10: - | N10: - | O10: =SUM(I10:N10) -> 0 | Q10: MALANG | R10: - | S10: - | T10: - | U10: - | V10: - | W10: =SUM(R10:V10) -> 0
A11: SURABAYA | B11: 100 | C11: 21 | D11: 2 | E11: 5 | F11: =SUM(B11:E11) -> 128 | H11: SURABAYA | K11: 95 | L11: 14 | M11: 19 | N11: - | O11: =SUM(I11:N11) -> 128 | Q11: SURABAYA | R11: - | S11: 12 | T11: 84 | U11: 32 | V11: - | W11: =SUM(R11:V11) -> 128
A12: DCI | B12: 9 | C12: 1 | D12: 1 | E12: 0 | F12: =SUM(B12:E12) -> 11 | H12: DCI | K12: 9 | L12: 1 | M12: 1 | N12: - | O12: =SUM(I12:N12) -> 11 | Q12: DCI | R12: - | S12: 1 | T12: 5 | U12: 5 | V12: - | W12: =SUM(R12:V12) -> 11
B13: =SUM(B4:B12) -> 166 | C13: =SUM(C4:C12) -> 40 | D13: =SUM(D4:D12) -> 9 | E13: =SUM(E4:E12) -> 6 | F13: =SUM(F4:F12) -> 221 | K13: =SUM(K4:K12) -> 162 | L13: =SUM(L4:L12) -> 20 | M13: =SUM(M4:M12) -> 39 | N13: =SUM(N4:N12) -> 0 | O13: =SUM(O4:O12) -> 221 | R13: =SUM(R4:R12) -> 0 | S13: =SUM(S4:S12) -> 30 | T13: =SUM(T4:T12) -> 128 | U13: =SUM(U4:U12) -> 62 | V13: =SUM(V4:V12) -> 1 | W13: =SUM(W4:W12) -> 221
B14: =B13/$F$13 -> 0.75113122 | C14: =C13/$F$13 -> 0.18099548 | D14: =D13/$F$13 -> 0.040723982 | E14: =E13/$F$13 -> 0.027149321 | K14: =K13/$O$13 -> 0.73303167 | L14: =L13/$O$13 -> 0.090497738 | M14: =M13/$O$13 -> 0.17647059 | N14: =N13/$O$13 -> 0 | S14: =S13/$W$13 -> 0.13574661 | T14: =T13/$W$13 -> 0.57918552 | U14: =U13/$W$13 -> 0.28054299 | V14: =V13/$W$13 -> 0.0045248869
A17: Divisi | B17: EXISTING 2024 | L17: AREA | M17: EXISTING 2024
B18: Tetap | C18: Kontrak | D18: Total | M18: Tetap | N18: Kontrak | O18: Total
A19: Acc/Finance | B19: 8 | C19: 5 | D19: =SUM(B19:C19) -> 13 | L19: BEKASI | M19: =B4+D4 -> 0 | N19: =C4+E4 -> 0 | O19: =SUM(M19:N19) -> 0
A20: Branch/Assistant Manager | B20: 0 | C20: 5 | D20: =SUM(B20:C20) -> 5 | L20: BASO | M20: =B5+D5 -> 30 | N20: =C5+E5 -> 13 | O20: =SUM(M20:N20) -> 43
A21: HRD&GA | B21: 5 | C21: 3 | D21: =SUM(B21:C21) -> 8 | L21: NGANJUK | M21: =B6+D6 -> 13 | N21: =C6+E6 -> 1 | O21: =SUM(M21:N21) -> 14
A22: IT | B22: 2 | C22: 1 | D22: =SUM(B22:C22) -> 3 | L22: JEMBER | M22: =B7+D7 -> 0 | N22: =C7+E7 -> 0 | O22: =SUM(M22:N22) -> 0
A23: Pemasaran | B23: 13 | C23: 5 | D23: =SUM(B23:C23) -> 18 | L23: BALI | M23: =B8+D8 -> 11 | N23: =C8+E8 -> 3 | O23: =SUM(M23:N23) -> 14
A24: Pembelian | B24: 3 | C24: 2 | D24: =SUM(B24:C24) -> 5 | L24: ALIANSI | M24: =B9+D9 -> 9 | N24: =C9+E9 -> 2 | O24: =SUM(M24:N24) -> 11
A25: PPC | B25: 24 | C25: 4 | D25: =SUM(B25:C25) -> 28 | L25: MALANG | M25: =B10+D10 -> 0 | N25: =C10+E10 -> 0 | O25: =SUM(M25:N25) -> 0
A26: Produksi | B26: =SUM(B27:B30) -> 90 | C26: =SUM(C27:C30) -> 14 | D26: =SUM(D27:D30) -> 104 | L26: SURABAYA | M26: =B11+D11 -> 102 | N26: =C11+E11 -> 26 | O26: =SUM(M26:N26) -> 128
A27: - Pracetak | B27: 11 | C27: 1 | D27: =SUM(B27:C27) -> 12 | L27: DCI | M27: =B12+D12 -> 10 | N27: =C12+E12 -> 1 | O27: =SUM(M27:N27) -> 11
A28: - Sheet | B28: 16 | C28: 2 | D28: =SUM(B28:C28) -> 18 | L28: Total | M28: =SUM(M19:M27) -> 175 | N28: =SUM(N19:N27) -> 46 | O28: =SUM(O19:O27) -> 221
A29: - Web | B29: 38 | C29: 5 | D29: =SUM(B29:C29) -> 43 | M29: =M28/$O$28 -> 0.7918552 | N29: =N28/$O$28 -> 0.2081448
A30: - Finishing | B30: 25 | C30: 6 | D30: =SUM(B30:C30) -> 31
A31: QC / QA | B31: 1 | C31: 3 | D31: =SUM(B31:C31) -> 4
A32: Teknik | B32: =SUM(B33:B34) -> 29 | C32: =SUM(C33:C34) -> 4 | D32: =SUM(D33:D34) -> 33
A33: - Elektrik | B33: 9 | C33: 1 | D33: =SUM(B33:C33) -> 10
A34: - Mekanik | B34: 20 | C34: 3 | D34: =SUM(B34:C34) -> 23
A35: Total | B35: =SUM(B19:B26,B31:B32) -> 175 | C35: =SUM(C19:C26,C31:C32) -> 46 | D35: =SUM(D19:D26,D31:D32) -> 221
H36: =H35/G35 -> #DIV/0!
K49: =H49/G49 -> #DIV/0!

Sheet Data Karyawan
D3: =SUBTOTAL(103,D5:D225) -> 23
B4: No | C4: NIP | D4: Nama Pegawai | E4: No Registrasi | F4: Jabatan | G4: Level | H4: Departemen | I4: Cost Center | J4: Status Karyawan | K4: AwalMasuk | L4: Awal/Periode | M4: Akhir/Sd | N4: TahunPengangkatan | O4: AwalDiangkat | P4: Status | Q4: Pendidikan | R4: L/P | S4: TanggalLahir | T4: TahunLahir | U4: Usia
A5: SMG | B5: 2 | C5: 2214728 | D5: A. FERY ARDIANSAH | E5: 012200050 | F5: Kepala Divisi PPIC | G5: Kasi/Wakasi/Kadiv/W akadiv/Koordinator | H5: Product Planning Control | I5: PPIC | J5: Tetap | K5: 01-APR-22 | L5: 01-APR-22 | N5: 01-APR-22 | O5: 2022 | P5: TK / 0 | Q5: D3 | R5: L | S5: 24-DEC-81 | T5: =YEAR(S5) -> 1981 | U5: =2023-T5 -> 42
A6: SMG | B6: 3 | C6: 2214729 | D6: DEDY HARYADI | E6: 012200051 | F6: Kadiv Produksi & Teknik | G6: Kasi/Wakasi/Kadiv/W akadiv/Koordinator | H6: Produksi | I6: Web | J6: Tetap | K6: 01-APR-22 | L6: 01-APR-22 | N6: 01-APR-22 | O6: 2022 | P6: TK / 0 | Q6: SMK-GF | R6: L | S6: 12-JUN-82 | T6: =YEAR(S6) -> 1982 | U6: =2023-T6 -> 41
A7: SMG | B7: 5 | C7: 2214731 | D7: SLAMET WIDODO | E7: 012200053 | F7: Op. Cetak Web | G7: Staff/Operator | H7: Produksi | I7: Web | J7: Tetap | K7: 01-APR-22 | L7: 01-APR-22 | N7: 01-APR-22 | O7: 2022 | P7: TK / 0 | Q7: SMK-GF | R7: L | S7: 18-MAY-80 | T7: =YEAR(S7) -> 1980 | U7: =2023-T7 -> 43
A8: SMG | B8: 1 | C8: 1201122 | D8: YUNITA HERUWATI | E8: 011201138 | F8: Piutang | G8: Staff/Operator | H8: Accounting/Finan ce | I8: Piutang | J8: Tetap | K8: 10-JUN-12 | L8: 01-JUN-17 | N8: 01-JUN-17 | O8: 2017 | P8: TK / 0 | Q8: S1 | R8: P | S8: 04-FEB-92 | T8: =YEAR(S8) -> 1992 | U8: =2023-T8 -> 31
A9: SMG | B9: 2 | C9: 1101036 | D9: NURUL KHANIFAH | E9: 011100103 | F9: Karu HC | G9: Karu/Wakaru | H9: HRD & Umum | I9: HRD | J9: Tetap | K9: 01-FEB-11 | L9: 01-JAN-14 | N9: 01-JAN-14 | O9: 2014 | P9: TK / 2 | Q9: S1 | R9: P | S9: 13-OCT-89 | T9: =YEAR(S9) -> 1989 | U9: =2023-T9 -> 34
A10: SMG | B10: 4 | C10: 0900894 | D10: GINANJAR | E10: 010902105 | F10: Umum | G10: Staff/Operator | H10: HRD & Umum | I10: Umum | J10: Tetap | K10: 01-AUG-09 | L10: 01-JAN-14 | N10: 01-JAN-14 | O10: 2014 | P10: TK / 2 | Q10: SMK | R10: L | S10: 13-AUG-81 | T10: =YEAR(S10) -> 1981 | U10: =2023-T10 -> 42
A11: SMG | B11: 6 | C11: 2214724 | D11: AFFAN JULIARDI | E11: 012200043 | F11: Kadiv PPIC | G11: Kasi/Wakasi/Kadiv/W akadiv/Koordinator | H11: Product Planning Control | I11: PPIC | J11: Tetap | K11: 07-MAR-22 | L11: 01-JAN-24 | N11: 01-JAN-24 | O11: 2024 | P11: K / 2 | Q11: S1 | R11: L | S11: 20-JUL-84 | T11: =YEAR(S11) -> 1984 | U11: =2023-T11 -> 39
A12: SMG | B12: 7 | C12: 0600926 | D12: SUPRIYANTO | E12: 011000008 | F12: Staff Gudang Barang Jadi | G12: Staff/Operator | H12: Product Planning Control | I12: Gudang B.Jadi | J12: Tetap | K12: 01-MAY-06 | L12: 01-JAN-12 | N12: 01-JAN-12 | O12: 2012 | P12: K / 2 | Q12: STM | R12: L | S12: 05-JUL-86 | T12: =YEAR(S12) -> 1986 | U12: =2023-T12 -> 37
A13: SMG | B13: 8 | C13: 0900884 | D13: AGUS SALIKIN | E13: 010901387 | F13: Staff Gudang Sparepart & Bahan Baku | G13: Staff/Operator | H13: Product Planning Control | I13: PPIC | J13: Tetap | K13: 01-MAY-09 | L13: 01-JAN-12 | N13: 01-JAN-12 | O13: 2012 | P13: K / 2 | Q13: SLTA | R13: L | S13: 15-AUG-86 | T13: =YEAR(S13) -> 1986 | U13: =2023-T13 -> 37
A14: SMG | B14: 9 | C14: 0500323 | D14: RIZKY YANWARIO | E14: 1106022 | F14: Staff Gudang Sparepart & Bahan Baku | G14: Staff/Operator | H14: Product Planning Control | I14: PPIC | J14: Tetap | K14: 02-JUN-04 | L14: 01-JAN-07 | N14: 01-JAN-07 | O14: 2007 | P14: K / 0 | Q14: D3 | R14: L | S14: 04-JAN-82 | T14: =YEAR(S14) -> 1982 | U14: =2023-T14 -> 41
A15: SMG | B15: 10 | C15: 0800681 | D15: SOHIM SAIFUL HIDAYAT | E15: 0108136 | F15: Staff Gudang Sparepart & Bahan Baku | G15: Staff/Operator | H15: Product Planning Control | I15: PPIC | J15: Tetap | K15: 01-JAN-08 | L15: 01-JAN-11 | N15: 01-JAN-11 | O15: 2011 | P15: K / 2 | Q15: S1 | R15: L | S15: 15-AUG-82 | T15: =YEAR(S15) -> 1982 | U15: =2023-T15 -> 41
A16: SMG | B16: 11 | C16: 0800753 | D16: HARIYANTO | E16: 0408005 | F16: Finishing | G16: Staff/Operator | H16: Produksi | I16: Finishing | J16: Tetap | K16: 01-JAN-08 | L16: 01-JAN-11 | N16: 01-JAN-11 | O16: 2011 | P16: K / 2 | Q16: SMK | R16: L | S16: 13-MAR-80 | T16: =YEAR(S16) -> 1980 | U16: =2023-T16 -> 43
A17: SMG | B17: 12 | C17: 1101123 | D17: ACHMAD EDI YULIANTO | E17: 011100510 | F17: Finishing Al Quran | G17: Staff/Operator | H17: Produksi | I17: Alquran | J17: Tetap | K17: 05-MAY-11 | L17: 01-JUN-17 | N17: 01-JUN-17 | O17: 2017 | P17: TK / 0 | Q17: SMK | R17: L | S17: 07-JUL-90 | T17: =YEAR(S17) -> 1990 | U17: =2023-T17 -> 33
A18: SMG | B18: 13 | C18: 0800940 | D18: SLAMET | E18: 010800802 | F18: Finishing Al Quran | G18: Staff/Operator | H18: Produksi | I18: Alquran | J18: Tetap | K18: 01-MAR-08 | L18: 01-FEB-15 | N18: 01-FEB-15 | O18: 2015 | P18: K / 0 | Q18: SMA | R18: L | S18: 30-APR-87 | T18: =YEAR(S18) -> 1987 | U18: =2023-T18 -> 36
A19: SMG | B19: 15 | C19: 1001084 | D19: HANDIKA TATARISA | E19: 011000630 | F19: Karu Pracetak | G19: Karu/Wakaru | H19: Produksi | I19: Pra Cetak | J19: Tetap | K19: 05-MAY-10 | L19: 01-JAN-14 | N19: 01-JAN-14 | O19: 2014 | P19: K / 1 | Q19: S1 | R19: L | S19: 24-JAN-93 | T19: =YEAR(S19) -> 1993 | U19: =2023-T19 -> 30
A20: SMG | B20: 16 | C20: 0500372 | D20: ACHMAD FAUZI PRASETYA | E20: 1106492 | F20: Op. Cetak Sheet | G20: Staff/Operator | H20: Produksi | I20: Sheet | J20: Tetap | K20: 01-MAR-03 | L20: 01-JAN-06 | N20: 01-JAN-06 | O20: 2006 | P20: K / 1 | Q20: SMK-GF | R20: L | S20: 06-APR-84 | T20: =YEAR(S20) -> 1984 | U20: =2023-T20 -> 39
A21: SMG | B21: 17 | C21: 0801273 | D21: FIKRI AKHMADI | E21: 010800682 | F21: Op. Cetak Sheet | G21: Staff/Operator | H21: Produksi | I21: Sheet | J21: Tetap | K21: 29-AUG-08 | L21: 01-JAN-15 | N21: 01-JAN-15 | O21: 2015 | P21: K / 1 | Q21: SMA | R21: L | S21: 31-DEC-85 | T21: =YEAR(S21) -> 1985 | U21: =2023-T21 -> 38
A22: SMG | B22: 18 | C22: 1301167 | D22: MUKHAMAD ASARI | E22: 011300963 | F22: Op. Cetak Sheet | G22: Staff/Operator | H22: Produksi | I22: Sheet | J22: Tetap | K22: 22-JUL-13 | L22: 01-JAN-17 | N22: 01-JAN-17 | O22: 2017 | P22: K / 2 | Q22: SMK-GF | R22: L | S22: 04-JAN-93 | T22: =YEAR(S22) -> 1993 | U22: =2023-T22 -> 30
A23: SMG | B23: 19 | C23: 0400216 | D23: HERMAWAN EKA PRASETYA | E23: 1106507 | F23: Op. Cetak Web | G23: Staff/Operator | H23: Produksi | I23: Web | J23: Tetap | K23: 01-APR-01 | L23: 01-JAN-04 | N23: 01-JAN-04 | O23: 2004 | P23: K / 2 | Q23: SMK-GF | R23: L | S23: 24-AUG-82 | T23: =YEAR(S23) -> 1982 | U23: =2023-T23 -> 41
A24: SMG | B24: 20 | C24: 0900858 | D24: MISNO | E24: 010900782 | F24: Op. Cetak Web | G24: Staff/Operator | H24: Produksi | I24: Web | J24: Tetap | K24: 16-FEB-09 | L24: 01-APR-13 | N24: 01-APR-13 | O24: 2013 | P24: K / 1 | Q24: SMK-GF | R24: L | S24: 04-DEC-86 | T24: =YEAR(S24) -> 1986 | U24: =2023-T24 -> 37
A25: SMG | B25: 21 | C25: 1414348 | D25: RISMANTO | E25: 011301087 | F25: Op. Cetak Web | G25: Staff/Operator | H25: Produksi | I25: Web | J25: Tetap | K25: 01-JUL-14 | L25: 01-JAN-17 | N25: 01-JAN-17 | O25: 2017 | P25: TK / 0 | Q25: SMKN | R25: L | S25: 13-FEB-95 | T25: =YEAR(S25) -> 1995 | U25: =2023-T25 -> 28
A26: SMG | B26: 23 | C26: 1001007 | D26: MOCHAMAD ARIFIN | E26: 011001050 | F26: Pracetak | G26: Staff/Operator | H26: Produksi | I26: Pra Cetak | J26: Tetap | K26: 01-OCT-10 | L26: 01-JAN-14 | N26: 01-JAN-14 | O26: 2014 | P26: K / 1 | Q26: SLTA | R26: L | S26: 12-AUG-92 | T26: =YEAR(S26) -> 1992 | U26: =2023-T26 -> 31
A27: SMG | B27: 24 | C27: 1001005 | D27: AGUS ARIONO | E27: 011001049 | F27: Wakaru Web | G27: Karu/Wakaru | H27: Produksi | I27: Web | J27: Tetap | K27: 01-OCT-10 | L27: 01-JAN-14 | N27: 01-JAN-14 | O27: 2014 | P27: K / 1 | Q27: SMK-GF | R27: L | S27: 17-MAR-91 | T27: =YEAR(S27) -> 1991 | U27: =2023-T27 -> 32
A28: SMG | B28: 25 | C28: 2114658 | D28: MUHAMMAD MAKIN | E28: 012100241 | F28: Karu Elektrik | G28: Karu/Wakaru | H28: Teknik | I28: Elektrik | J28: Tetap | K28: 01-AUG-21 | L28: 01-JAN-23 | N28: 01-JAN-23 | O28: 2023 | P28: K / 2 | Q28: D3 | R28: L | S28: 02-JUL-81 | T28: =YEAR(S28) -> 1981 | U28: =2023-T28 -> 42
A29: SMG | B29: 26 | C29: 0700744 | D29: SETYO WIBOWO | E29: 0208015 | F29: Karu Teknik | G29: Karu/Wakaru | H29: Teknik | I29: Mekanik | J29: Tetap | K29: 10-AUG-07 | L29: 01-JAN-10 | N29: 01-JAN-10 | O29: 2010 | P29: K / 2 | Q29: S1 | R29: L | S29: 25-JUN-83 | T29: =YEAR(S29) -> 1983 | U29: =2023-T29 -> 40
A30: SMG | B30: 27 | C30: 1301214 | D30: DIAN SAPUTRO | E30: 011301236 | F30: Mekanik | G30: Staff/Operator | H30: Teknik | I30: Mekanik | J30: Tetap | K30: 20-NOV-13 | L30: 01-JAN-18 | N30: 01-JAN-18 | O30: 2018 | P30: K / 2 | Q30: SMK | R30: L | S30: 23-DEC-89 | T30: =YEAR(S30) -> 1989 | U30: =2023-T30 -> 34
A31: SMG | B31: 28 | C31: 1614351 | D31: RUSDWIANTO | E31: 011402291 | F31: Mekanik | G31: Staff/Operator | H31: Teknik | I31: Mekanik | J31: Tetap | K31: 01-AUG-16 | L31: 01-JAN-18 | N31: 01-JAN-18 | O31: 2018 | P31: TK / 1 | Q31: SMK | R31: L | S31: 25-FEB-89 | T31: =YEAR(S31) -> 1989 | U31: =2023-T31 -> 34
A32: SMG | B32: 29 | C32: 0700634 | D32: TRI BAGUS KUSUMA | E32: 0207013 | F32: Mekanik | G32: Staff/Operator | H32: Teknik | I32: Mekanik | J32: Tetap | K32: 01-FEB-07 | L32: 01-JAN-11 | N32: 01-JAN-11 | O32: 2011 | P32: TK / 0 | Q32: S1 | R32: L | S32: 24-MAR-82 | T32: =YEAR(S32) -> 1982 | U32: =2023-T32 -> 41
A33: SMG | B33: 30 | C33: 0500432 | D33: TRIYONO | E33: 1106358 | F33: Mekanik | G33: Staff/Operator | H33: Teknik | I33: Mekanik | J33: Tetap | K33: 22-FEB-04 | L33: 01-JAN-07 | N33: 01-JAN-07 | O33: 2007 | P33: K / 2 | Q33: STM | R33: L | S33: 25-APR-82 | T33: =YEAR(S33) -> 1982 | U33: =2023-T33 -> 41
A34: SMG | B34: 31 | C34: 0500290 | D34: SUDARMAWAN | E34: 1106012 | F34: Wakadiv Teknik | G34: Kasi/Wakasi/Kadiv/W akadiv/Koordinator | H34: Teknik | I34: Mekanik | J34: Tetap | K34: 01-AUG-02 | L34: 01-JAN-05 | N34: 01-JAN-05 | O34: 2005 | P34: K / 2 | Q34: SMK | R34: L | S34: 05-NOV-81 | T34: =YEAR(S34) -> 1981 | U34: =2023-T34 -> 42
A35: SMG | B35: 1 | C35: 2214766 | D35: DETA LIANA PUSPITA RIA | E35: 012200156 | F35: Accounting | G35: Staff/Operator | H35: Accounting/Finan ce | I35: Akuntansi | J35: Kontrak 2 | K35: 17-OCT-22 | L35: 01-OCT-23 | M35: 30-JUN-24 | P35: TK / 0 | Q35: S1 | R35: P | S35: 03-DEC-93 | T35: =YEAR(S35) -> 1993 | U35: =2023-T35 -> 30
A36: SMG | B36: 2 | C36: 2114588 | D36: AGUS SURYO ATMOJO | E36: 012100167 | F36: General Manager Commercial Printing | G36: General Manager | H36: General Manager | I36: General Manager | J36: Kontrak pasca pensiun | K36: 01-AUG-21 | L36: 01-JAN-24 | M36: 31-DEC-24 | P36: K / 2 | Q36: S1 | R36: L | S36: 07-AUG-75 | T36: =YEAR(S36) -> 1975 | U36: =2023-T36 -> 48
A37: SMG | B37: 3 | C37: 2314812 | D37: GINANJAR ART MANGKU PARIHEN | E37: 012300076 | F37: IT | G37: Staff/Operator | H37: Information Technology | I37: IT | J37: Kontrak 2 | K37: 03-JUL-23 | L37: 01-JAN-24 | M37: 31-MAR-24 | P37: TK / 0 | Q37: S1 | R37: L | S37: 12-SEP-94 | T37: =YEAR(S37) -> 1994 | U37: =2023-T37 -> 29
A38: SMG | B38: 4 | C38: 2114615 | D38: HADIYANTO | E38: 012100195 | F38: Assistant Manager | G38: Manager | H38: Manager/Branch Manager | I38: Branch Manager | J38: Kontrak pasca pensiun | K38: 01-AUG-21 | L38: 01-JAN-24 | M38: 31-DEC-24 | P38: K / 0 | Q38: S1 | R38: L | S38: 10-JUL-80 | T38: =YEAR(S38) -> 1980 | U38: =2023-T38 -> 43
A39: SMG | B39: 5 | C39: 2114657 | D39: HAKIM NOORDIN MUSYADDAD | E39: 012100240 | F39: Assistant Manager Marketing | G39: Manager | H39: Manager/Branch Manager | I39: Manager Pemasaran | J39: Kontrak pasca pensiun | K39: 01-AUG-21 | L39: 01-JAN-24 | M39: 31-DEC-24 | P39: K / 2 | Q39: SMK-GF | R39: L | S39: 19-SEP-74 | T39: =YEAR(S39) -> 1974 | U39: =2023-T39 -> 49
A40: SMG | B40: 6 | C40: 2314843 | D40: MUHAMMAD LUTHFAN PRANOWO JATI | E40: 012300130 | F40: Marketing | G40: Staff/Operator | H40: Pemasaran | I40: Pemasaran | J40: Kontrak 1 | K40: 01-SEP-23 | L40: 01-SEP-23 | M40: 28-FEB-24 | P40: TK / 0 | Q40: S1 | R40: L | S40: 14-APR-98 | T40: =YEAR(S40) -> 1998 | U40: =2023-T40 -> 25
A41: SMG | B41: 7 | C41: 2114660 | D41: BUDI SETIAWAN. ST | E41: 012100243 | F41: Karu Purchasing | G41: Karu/Wakaru | H41: Pembelian | I41: Pembelian | J41: Kontrak pasca pensiun | K41: 01-AUG-21 | L41: 01-JAN-24 | M41: 31-DEC-24 | P41: K / 2 | Q41: S1 | R41: L | S41: 28-FEB-74 | T41: =YEAR(S41) -> 1974 | U41: =2023-T41 -> 49
A42: SMG | B42: 8 | C42: 2414869 | D42: AGUNG MUSTOFA | E42: 012400008 | F42: Finishing | G42: Staff/Operator | H42: Produksi | I42: Finishing | J42: Kontrak 1 | K42: 01-JAN-24 | L42: 01-JAN-24 | M42: 31-DEC-24 | P42: K / 2 | Q42: SMK-GF | R42: L | S42: 06-JUL-93 | T42: =YEAR(S42) -> 1993 | U42: =2023-T42 -> 30
A43: SMG | B43: 9 | C43: 2414870 | D43: WITRIYANTO | E43: 012400009 | F43: Finishing | G43: Staff/Operator | H43: Produksi | I43: Finishing | J43: Kontrak 1 | K43: 01-JAN-24 | L43: 01-JAN-24 | M43: 31-DEC-24 | P43: TK / 0 | Q43: SMK-GF | R43: L | S43: 26-FEB-85 | T43: =YEAR(S43) -> 1985 | U43: =2023-T43 -> 38
A44: SMG | B44: 10 | C44: 2314777 | D44: DONI SAPUTRO | E44: 012300002 | F44: Op. Cetak Sheet | G44: Staff/Operator | H44: Produksi | I44: Sheet | J44: Kontrak 2 | K44: 01-JAN-23 | L44: 01-JAN-24 | M44: 31-DEC-24 | P44: K / 1 | Q44: SMK-GF | R44: L | S44: 04-JUL-96 | T44: =YEAR(S44) -> 1996 | U44: =2023-T44 -> 27
A45: SMG | B45: 10 | C45: 2414869 | D45: AGUNG MUSTOFA | E45: 012400008 | F45: Finishing | G45: Staff/Operator | H45: Produksi | I45: Finishing | J45: Kontrak 1 | K45: 01-JAN-24 | L45: 01-JAN-24 | M45: 31-DEC-24 | P45: K / 2 | Q45: SMK-GF | R45: L | S45: 06-JUL-93 | T45: =YEAR(S45) -> 1993 | U45: =2023-T45 -> 30
A46: SMG | B46: 10 | C46: 2414870 | D46: WITRIYANTO | E46: 012400009 | F46: Finishing | G46: Staff/Operator | H46: Produksi | I46: Finishing | J46: Kontrak 1 | K46: 01-JAN-24 | L46: 01-JAN-24 | M46: 31-DEC-24 | P46: K / 2 | Q46: SMK-GF | R46: L | S46: 26-FEB-85 | T46: =YEAR(S46) -> 1985 | U46: =2023-T46 -> 38
A47: SMG | B47: 11 | C47: 2314811 | D47: WIDHI HARYO PERMANA | E47: 012300075 | F47: QC | G47: Staff/Operator | H47: Q C | I47: QC | J47: Kontrak 2 | K47: 03-JUL-23 | L47: 01-JAN-24 | M47: 30-JUN-24 | P47: TK / 0 | Q47: S1 | R47: L | S47: 07-APR-93 | T47: =YEAR(S47) -> 1993 | U47: =2023-T47 -> 30
A48: NGK | B48: 1 | C48: 1000973 | D48: YULITA RAHMAWATI | E48: 011000175 | F48: Admin. Piutang | G48: Staff/Operator | H48: Accounting/Finan ce | I48: Piutang | J48: Tetap | K48: 01-APR-10 | L48: 01-APR-13 | N48: 01-APR-13 | O48: 2013 | P48: TK / 2 | Q48: D3 | R48: P | S48: 27-JUL-86 | T48: =YEAR(S48) -> 1986 | U48: =2023-T48 -> 37
A49: NGK | B49: 2 | C49: 1001320 | D49: EVA HAPSARI DWI BEKTI | E49: 011700038 | F49: Kasir | G49: Staff/Operator | H49: Accounting/Finan ce | I49: Keuangan | J49: Tetap | K49: 01-FEB-10 | L49: 01-JAN-16 | N49: 01-JAN-16 | O49: 2016 | P49: TK / 2 | Q49: D3 | R49: P | S49: 06-MAY-86 | T49: =YEAR(S49) -> 1986 | U49: =2023-T49 -> 37
A50: NGK | B50: 5 | C50: HL60704 | D50: SUYADI | E50: 0308031 | F50: Umum | G50: Staff/Operator | H50: HRD & Umum | I50: Umum | J50: Tetap | K50: 28-OCT-06 | L50: 01-JAN-11 | N50: 01-JAN-11 | O50: 2011 | P50: TK / 2 | Q50: SMA | R50: L | S50: 11-JUN-76 | T50: =YEAR(S50) -> 1976 | U50: =2023-T50 -> 47
A51: NGK | B51: 6 | C51: 0801030 | D51: M. LUTHFIL FUAD | E51: 010800462 | F51: Purchasing staff | G51: Staff/Operator | H51: Pembelian | I51: Pembelian | J51: Tetap | K51: 01-JUN-08 | L51: 01-APR-13 | N51: 01-APR-13 | O51: 2013 | P51: K / 3 | Q51: S1 | R51: L | S51: 01-MAR-83 | T51: =YEAR(S51) -> 1983 | U51: =2023-T51 -> 40
A52: NGK | B52: 8 | C52: 0500692 | D52: MOHAMAD RIDWAN | E52: 0108229 | F52: PPIC | G52: Staff/Operator | H52: Product Planning Control | I52: PPIC | J52: Tetap | K52: 06-DEC-05 | L52: 01-JAN-09 | N52: 01-JAN-09 | O52: 2009 | P52: K / 3 | Q52: S1 | R52: L | S52: 12-DEC-81 | T52: =YEAR(S52) -> 1981 | U52: =2023-T52 -> 42
A53: NGK | B53: 9 | C53: HL61296 | D53: HERU SUSILO | E53: 010800837 | F53: Finishing | G53: Staff/Operator | H53: Produksi | I53: Finishing | J53: Tetap | K53: 19-JUN-08 | L53: 01-JAN-17 | N53: 01-JAN-17 | O53: 2017 | P53: K / 1 | Q53: SMU | R53: L | S53: 17-JAN-89 | T53: =YEAR(S53) -> 1989 | U53: =2023-T53 -> 34
A54: NGK | B54: 11 | C54: 0200691 | D54: MASHUDI | E54: 0108234 | F54: Op. Cetak Komersial | G54: Staff/Operator | H54: Produksi | I54: Web | J54: Tetap | K54: 04-JAN-03 | L54: 01-JAN-09 | N54: 01-JAN-09 | O54: 2009 | P54: K / 2 | Q54: SLTA | R54: L | S54: 30-JUN-78 | T54: =YEAR(S54) -> 1978 | U54: =2023-T54 -> 45
A55: NGK | B55: 12 | C55: 0700605 | D55: KARMAN | E55: 0107008 | F55: Op. Cetak Sheet | G55: Staff/Operator | H55: Produksi | I55: Sheet | J55: Tetap | K55: 01-SEP-02 | L55: 01-JAN-08 | N55: 01-JAN-08 | O55: 2008 | P55: K / 2 | Q55: SMK | R55: L | S55: 03-MAY-84 | T55: =YEAR(S55) -> 1984 | U55: =2023-T55 -> 39
A56: NGK | B56: 13 | C56: 0300689 | D56: ARI LESTARI PUGUH CAHYONO | E56: 0108232 | F56: Op. Cetak Web | G56: Staff/Operator | H56: Produksi | I56: Web | J56: Tetap | K56: 20-SEP-04 | L56: 01-JAN-09 | N56: 01-JAN-09 | O56: 2009 | P56: K / 2 | Q56: SMK | R56: L | S56: 16-MAR-85 | T56: =YEAR(S56) -> 1985 | U56: =2023-T56 -> 38
A57: NGK | B57: 14 | C57: 0700607 | D57: SUYONO | E57: 0107004 | F57: Op.Cetak Web JP | G57: Staff/Operator | H57: Produksi | I57: Web | J57: Tetap | K57: 01-SEP-02 | L57: 01-JAN-08 | N57: 01-JAN-08 | O57: 2008 | P57: K / 2 | Q57: SMK | R57: L | S57: 05-MAR-80 | T57: =YEAR(S57) -> 1980 | U57: =2023-T57 -> 43
A58: NGK | B58: 16 | C58: 0801105 | D58: AAN WIBISONO | E58: 010800411 | F58: Mekanik | G58: Staff/Operator | H58: Teknik | I58: Mekanik | J58: Tetap | K58: 01-APR-08 | L58: 01-JAN-14 | N58: 01-JAN-14 | O58: 2014 | P58: K / 1 | Q58: SMK | R58: L | S58: 03-MAY-84 | T58: =YEAR(S58) -> 1984 | U58: =2023-T58 -> 39
A59: NGK | B59: 17 | C59: HL62928 | D59: SENDI MUHAMMAD IWAN | E59: 010902372 | F59: Mekanik | G59: Staff/Operator | H59: Teknik | I59: Mekanik | J59: Tetap | K59: 20-NOV-09 | L59: 01-JAN-17 | N59: 01-JAN-17 | O59: 2017 | P59: K / 1 | Q59: SMK | R59: L | S59: 06-SEP-91 | T59: =YEAR(S59) -> 1991 | U59: =2023-T59 -> 32
A60: NGK | B60: 18 | C60: 0600690 | D60: JOKO SUHENDRO | E60: 0108231 | F60: Wakaru Teknik | G60: Karu/Wakaru | H60: Teknik | I60: Elektrik | J60: Tetap | K60: 28-FEB-07 | L60: 01-JAN-10 | N60: 01-JAN-10 | O60: 2010 | P60: K / 3 | Q60: SMK | R60: L | S60: 11-JUN-86 | T60: =YEAR(S60) -> 1986 | U60: =2023-T60 -> 37
A61: NGK | B61: 1 | C61: 0300172 | D61: MOHAMAD MARZUKI | E61: 1106446 | F61: GM Operasional & BM Nganjuk | G61: General Manager | H61: General Manager | I61: General Manager | J61: Kontrak pasca pensiun | K61: 01-JAN-01 | L61: 01-JAN-24 | M61: 31-DEC-24 | N61: 01-JAN-03 | O61: 2003 | P61: K / 1 | Q61: SMK-GF | R61: L | S61: 25-SEP-70 | T61: =YEAR(S61) -> 1970 | U61: =2023-T61 -> 53
A62: DPS | B62: 1 | C62: 2114642 | D62: NI KETUT AYU PURNAMI | E62: 012100225 | F62: Kadiv Accounting & Keuangan | G62: Kasi/Wakasi/Kadiv/W akadiv/Koordinator | H62: Accounting/Finan ce | I62: Akuntansi | J62: Tetap | K62: 01-AUG-21 | L62: 01-JAN-24 | N62: 01-JAN-24 | O62: 2024 | P62: TK / 2 | Q62: S1 | R62: P | S62: 09-OCT-79 | T62: =YEAR(S62) -> 1979 | U62: =2023-T62 -> 44
A63: DPS | B63: 2 | C63: 1501242 | D63: PEMBI DWI LUTHFITANING RATRI | E63: 011500066 | F63: Kasir | G63: Staff/Operator | H63: Accounting/Finan ce | I63: Keuangan | J63: Tetap | K63: 01-MAR-15 | L63: 01-JAN-18 | N63: 01-JAN-18 | O63: 2018 | P63: TK / 0 | Q63: SMKN | R63: P | S63: 21-NOV-96 | T63: =YEAR(S63) -> 1996 | U63: =2023-T63 -> 27
A64: DPS | B64: 5 | C64: 0500273 | D64: TRI ISWANTO | E64: 1106294 | F64: Karu PPIC | G64: Karu/Wakaru | H64: Product Planning Control | I64: PPIC | J64: Tetap | K64: 01-JAN-02 | L64: 01-JAN-05 | N64: 01-JAN-05 | O64: 2005 | P64: K / 1 | Q64: SMK-GF | R64: L | S64: 31-JUL-83 | T64: =YEAR(S64) -> 1983 | U64: =2023-T64 -> 40
A65: DPS | B65: 6 | C65: 0901000 | D65: ERDIAN APRIANTO | E65: 010901571 | F65: Staf Gudang Barang Jadi | G65: Staff/Operator | H65: Product Planning Control | I65: Gudang B.Jadi | J65: Tetap | K65: 01-JUL-09 | L65: 01-JAN-14 | N65: 01-JAN-14 | O65: 2014 | P65: K / 0 | Q65: SMK-GF | R65: L | S65: 22-JUL-90 | T65: =YEAR(S65) -> 1990 | U65: =2023-T65 -> 33
A66: DPS | B66: 7 | C66: 0800951 | D66: INDRA SETIAWAN | E66: 010800788 | F66: Karu Cetak Web JP | G66: Karu/Wakaru | H66: Produksi | I66: Web | J66: Tetap | K66: 01-SEP-08 | L66: 01-JAN-11 | N66: 01-JAN-11 | O66: 2011 | P66: K / 1 | Q66: SMK | R66: L | S66: 20-SEP-86 | T66: =YEAR(S66) -> 1986 | U66: =2023-T66 -> 37
A67: DPS | B67: 8 | C67: 0700631 | D67: SULAIMAN | E67: 0207021 | F67: Karu Pracetak | G67: Karu/Wakaru | H67: Produksi | I67: Pra Cetak | J67: Tetap | K67: 01-NOV-06 | L67: 01-JAN-10 | N67: 01-JAN-10 | O67: 2010 | P67: K / 2 | Q67: SMK-GF | R67: L | S67: 16-JUL-83 | T67: =YEAR(S67) -> 1983 | U67: =2023-T67 -> 40
A68: DPS | B68: 9 | C68: 0500502 | D68: MURDANI | E68: 1106293 | F68: Op. Cetak Sheet | G68: Staff/Operator | H68: Produksi | I68: Sheet | J68: Tetap | K68: 01-MAR-03 | L68: 01-JAN-07 | N68: 01-JAN-07 | O68: 2007 | P68: K / 2 | Q68: SMK-GF | R68: L | S68: 28-OCT-83 | T68: =YEAR(S68) -> 1983 | U68: =2023-T68 -> 40
A69: DPS | B69: 10 | C69: 0800950 | D69: I MADE BERLIANTO | E69: 010803034 | F69: Op.Cetak Web JP | G69: Staff/Operator | H69: Produksi | I69: Web | J69: Tetap | K69: 01-JAN-08 | L69: 01-JAN-11 | N69: 01-JAN-11 | O69: 2011 | P69: K / 2 | Q69: SMK | R69: L | S69: 11-MAY-84 | T69: =YEAR(S69) -> 1984 | U69: =2023-T69 -> 39
A70: DPS | B70: 11 | C70: HL64614 | D70: MUH ZAKARIA AMAL | E70: 011001871 | F70: Op.Cetak Web JP | G70: Staff/Operator | H70: Produksi | I70: Web | J70: Tetap | K70: 16-NOV-10 | L70: 01-JAN-16 | N70: 01-JAN-16 | O70: 2016 | P70: TK / 2 | Q70: SMK | R70: L | S70: 11-JAN-88 | T70: =YEAR(S70) -> 1988 | U70: =2023-T70 -> 35
A71: DPS | B71: 12 | C71: 1501362 | D71: AHMAD ANDRI MAULIDY | E71: 011500570 | F71: Pracetak | G71: Staff/Operator | H71: Produksi | I71: Pra Cetak | J71: Tetap | K71: 01-SEP-15 | L71: 01-JAN-19 | N71: 01-JAN-19 | O71: 2019 | P71: K / 0 | Q71: SMK | R71: L | S71: 29-JUL-97 | T71: =YEAR(S71) -> 1997 | U71: =2023-T71 -> 26
A72: DPS | B72: 13 | C72: 0300708 | D72: FAIZAL HIDAYAH | E72: 1106609 | F72: Karu Teknik | G72: Karu/Wakaru | H72: Teknik | I72: Mekanik | J72: Tetap | K72: 01-NOV-03 | L72: 01-JAN-11 | N72: 01-JAN-11 | O72: 2011 | P72: TK / 2 | Q72: SMK | R72: L | S72: 19-MAY-85 | T72: =YEAR(S72) -> 1985 | U72: =2023-T72 -> 38
A73: DPS | B73: 1 | C73: 2114533 | D73: IMAM SANUSI | E73: 012100046 | F73: Finishing | G73: Staff/Operator | H73: Produksi | I73: Finishing | J73: Kontrak 4 | K73: 01-JAN-21 | L73: 01-JAN-24 | M73: 31-DEC-24 | P73: K / 1 | Q73: SLTA | R73: L | S73: 06-MAY-97 | T73: =YEAR(S73) -> 1997 | U73: =2023-T73 -> 26
A74: DPS | B74: 2 | C74: 2114641 | D74: I KOMANG WIJANA | E74: 012100224 | F74: Karu Finishing | G74: Karu/Wakaru | H74: Produksi | I74: Finishing | J74: Kontrak pasca pensiun | K74: 01-AUG-21 | L74: 01-JAN-24 | M74: 31-DEC-24 | P74: TK / 1 | Q74: SMK | R74: L | S74: 24-FEB-79 | T74: =YEAR(S74) -> 1979 | U74: =2023-T74 -> 44
A75: DPS | B75: 3 | C75: 2114643 | D75: HIDAYAT SOLIHIN | E75: 012100226 | F75: Mekanik | G75: Staff/Operator | H75: Teknik | I75: Mekanik | J75: Kontrak pasca pensiun | K75: 01-AUG-21 | L75: 01-JAN-24 | M75: 31-DEC-24 | P75: K / 3 | Q75: STM | R75: L | S75: 30-JUN-81 | T75: =YEAR(S75) -> 1981 | U75: =2023-T75 -> 42
A76: ATNG | B76: 3 | C76: 0500264 | D76: ROBY ANDRYANTO | E76: 1106369 | F76: Kadiv. Protek dan PPIC | G76: Kasi/Wakasi/Kadiv/W akadiv/Koordinator | H76: Produksi | I76: Web | J76: Tetap | K76: 08-AUG-02 | L76: 01-JAN-05 | N76: 01-JAN-05 | O76: 2005 | P76: K / 1 | Q76: SMK-GF | R76: L | S76: 04-JUL-84 | T76: =YEAR(S76) -> 1984 | U76: =2023-T76 -> 39
A77: ATNG | B77: 4 | C77: 0500444 | D77: ERWIN BUDI SETIAWAN | E77: 1106376 | F77: Karu Web | G77: Karu/Wakaru | H77: Produksi | I77: Web | J77: Tetap | K77: 02-JAN-03 | L77: 01-JAN-06 | N77: 01-JAN-06 | O77: 2006 | P77: K / 2 | Q77: SMK-GF | R77: L | S77: 22-MAY-84 | T77: =YEAR(S77) -> 1984 | U77: =2023-T77 -> 39
A78: ATNG | B78: 5 | C78: 0700620 | D78: ABU BAKAR | E78: 0107032 | F78: Op. Cetak Web | G78: Staff/Operator | H78: Produksi | I78: Web | J78: Tetap | K78: 20-JAN-07 | L78: 01-JAN-09 | N78: 01-JAN-09 | O78: 2009 | P78: TK / 0 | Q78: SMK-GF | R78: L | S78: 08-FEB-82 | T78: =YEAR(S78) -> 1982 | U78: =2023-T78 -> 41
A79: ATNG | B79: 6 | C79: 1401219 | D79: MOCH. FACHRUR ROZI | E79: 011402239 | F79: Op. Cetak Web | G79: Staff/Operator | H79: Produksi | I79: Web | J79: Tetap | K79: 12-SEP-14 | L79: 01-JAN-18 | N79: 01-JAN-18 | O79: 2018 | P79: K / 1 | Q79: SMK-GF | R79: L | S79: 02-APR-95 | T79: =YEAR(S79) -> 1995 | U79: =2023-T79 -> 28
A80: ATNG | B80: 7 | C80: 1201180 | D80: NURHIDAYAT | E80: 011300004 | F80: Op. Cetak Web | G80: Staff/Operator | H80: Produksi | I80: Web | J80: Tetap | K80: 24-DEC-12 | L80: 01-FEB-18 | N80: 01-FEB-18 | O80: 2018 | P80: K / 2 | Q80: SLTA | R80: L | S80: 03-JUN-91 | T80: =YEAR(S80) -> 1991 | U80: =2023-T80 -> 32
A81: ATNG | B81: 8 | C81: 0800827 | D81: ZAENAL ABIDIN | E81: 010802843 | F81: Op. Cetak Web | G81: Staff/Operator | H81: Produksi | I81: Web | J81: Tetap | K81: 24-JUN-08 | L81: 01-JAN-12 | N81: 01-JAN-12 | O81: 2012 | P81: K / 0 | Q81: SMK-GF | R81: L | S81: 10-SEP-89 | T81: =YEAR(S81) -> 1989 | U81: =2023-T81 -> 34
A82: ATNG | B82: 9 | C82: 0700682 | D82: BUDY KRIS SULIYANTO | E82: 1107002 | F82: Karu Elektrik | G82: Karu/Wakaru | H82: Teknik | I82: Elektrik | J82: Tetap | K82: 16-JUL-07 | L82: 01-JAN-09 | N82: 01-JAN-09 | O82: 2009 | P82: K / 2 | Q82: SMK | R82: L | S82: 22-DEC-80 | T82: =YEAR(S82) -> 1980 | U82: =2023-T82 -> 43
A83: ATNG | B83: 10 | C83: 0600536 | D83: SUPRIYANTO | E83: 1106381 | F83: Karu Mekanik | G83: Karu/Wakaru | H83: Teknik | I83: Mekanik | J83: Tetap | K83: 01-FEB-04 | L83: 01-JAN-06 | N83: 01-JAN-06 | O83: 2006 | P83: K / 2 | Q83: STM | R83: L | S83: 19-NOV-84 | T83: =YEAR(S83) -> 1984 | U83: =2023-T83 -> 39
A84: ATNG | B84: 11 | C84: 1101053 | D84: PURWANTO | E84: 011100432 | F84: Mekanik | G84: Staff/Operator | H84: Teknik | I84: Mekanik | J84: Tetap | K84: 06-APR-11 | L84: 01-JAN-15 | N84: 01-JAN-15 | O84: 2015 | P84: K / 2 | Q84: SMA | R84: L | S84: 29-MAR-91 | T84: =YEAR(S84) -> 1991 | U84: =2023-T84 -> 32
A85: ATNG | B85: 1 | C85: 2114498 | D85: ALIF RAHMAN | E85: 012100002 | F85: Adm. Sparepart dan Bahan Baku | G85: Staff/Operator | H85: Product Planning Control | I85: PPIC | J85: Kontrak 4 | K85: 01-JAN-21 | L85: 01-JAN-24 | M85: 31-DEC-24 | P85: TK / 0 | Q85: S1 | R85: L | S85: 12-APR-95 | T85: =YEAR(S85) -> 1995 | U85: =2023-T85 -> 28
A86: ATNG | B86: 2 | C86: 2214757 | D86: EGI YULIANTO | E86: 012200117 | F86: PPIC | G86: Staff/Operator | H86: Product Planning Control | I86: PPIC | J86: Kontrak 3 | K86: 01-AUG-22 | L86: 01-JAN-24 | M86: 31-DEC-24 | P86: TK / 0 | Q86: S1 | R86: L | S86: 08-MAR-98 | T86: =YEAR(S86) -> 1998 | U86: =2023-T86 -> 25
A87: DCI | B87: 1 | C87: 1701350 | D87: HANA NOVELINA | E87: 011700326 | F87: Karu Acc & Keuangan | G87: Karu/Wakaru | H87: Accounting/Finan ce | I87: Akuntansi | J87: Tetap | K87: 01-NOV-17 | L87: 01-JAN-20 | N87: 01-JAN-20 | O87: 2020 | P87: TK / 1 | Q87: S1 | R87: P | S87: 02-NOV-94 | T87: =YEAR(S87) -> 1994 | U87: =2023-T87 -> 29
A88: DCI | B88: 4 | C88: 0500942 | D88: MOH. TRI WIDODO | E88: 0308034 | F88: Finishing | G88: Staff/Operator | H88: Produksi | I88: Finishing | J88: Tetap | K88: 01-NOV-05 | L88: 01-JAN-11 | N88: 01-JAN-11 | O88: 2011 | P88: K / 0 | Q88: SMA | R88: L | S88: 06-JUN-79 | T88: =YEAR(S88) -> 1979 | U88: =2023-T88 -> 44
A89: DCI | B89: 5 | C89: 0701109 | D89: SULISTIONO | E89: 0308023 | F89: Finishing | G89: Staff/Operator | H89: Produksi | I89: Finishing | J89: Tetap | K89: 01-DEC-07 | L89: 01-JAN-14 | N89: 01-JAN-14 | O89: 2014 | P89: K / 2 | Q89: SMK | R89: L | S89: 09-MAY-83 | T89: =YEAR(S89) -> 1983 | U89: =2023-T89 -> 40
A90: DCI | B90: 6 | C90: 0500941 | D90: SUPIYAN | E90: 0308032 | F90: Finishing | G90: Staff/Operator | H90: Produksi | I90: Finishing | J90: Tetap | K90: 01-JUL-05 | L90: 01-JAN-11 | N90: 01-JAN-11 | O90: 2011 | P90: K / 2 | Q90: SMA | R90: L | S90: 07-JUN-80 | T90: =YEAR(S90) -> 1980 | U90: =2023-T90 -> 43
A91: DCI | B91: 7 | C91: 0500475 | D91: ARIS WIDODO | E91: 1106462 | F91: Kadiv Produksi | G91: Kasi/Wakasi/Kadiv/W akadiv/Koordinator | H91: Produksi | I91: Web | J91: Tetap | K91: 03-JUN-03 | L91: 01-JAN-07 | N91: 01-JAN-07 | O91: 2007 | P91: K / 1 | Q91: SMK-GF | R91: L | S91: 16-DEC-82 | T91: =YEAR(S91) -> 1982 | U91: =2023-T91 -> 41
A92: DCI | B92: 8 | C92: 0400694 | D92: SUPRIYATIN | E92: 0108225 | F92: Karu Finishing | G92: Karu/Wakaru | H92: Produksi | I92: Finishing | J92: Tetap | K92: 08-JAN-04 | L92: 01-JAN-09 | N92: 01-JAN-09 | O92: 2009 | P92: K / 2 | Q92: SLTA | R92: L | S92: 20-AUG-74 | T92: =YEAR(S92) -> 1974 | U92: =2023-T92 -> 49
A93: DCI | B93: 9 | C93: 0701108 | D93: SAMSUL HUDA | E93: 0308019 | F93: Op. Cetak Komersial | G93: Staff/Operator | H93: Produksi | I93: Web | J93: Tetap | K93: 01-JUN-07 | L93: 01-JAN-14 | N93: 01-JAN-14 | O93: 2014 | P93: K / 1 | Q93: SMK | R93: L | S93: 16-APR-85 | T93: =YEAR(S93) -> 1985 | U93: =2023-T93 -> 38
A94: DCI | B94: 10 | C94: 0700606 | D94: SARIFUDIN ZUHRI | E94: 0107009 | F94: Op. Cetak Komersial | G94: Staff/Operator | H94: Produksi | I94: Web | J94: Tetap | K94: 01-SEP-02 | L94: 01-JAN-08 | N94: 01-JAN-08 | O94: 2008 | P94: K / 2 | Q94: SLTA | R94: L | S94: 05-AUG-83 | T94: =YEAR(S94) -> 1983 | U94: =2023-T94 -> 40
A95: DCI | B95: 11 | C95: 0701029 | D95: MOHAMMAD ANUR ROJAB | E95: 0308015 | F95: Op. Cetak Sheet | G95: Staff/Operator | H95: Produksi | I95: Sheet | J95: Tetap | K95: 01-MAY-07 | L95: 01-JAN-14 | N95: 01-JAN-14 | O95: 2014 | P95: K / 2 | Q95: SMK | R95: L | S95: 24-MAR-87 | T95: =YEAR(S95) -> 1987 | U95: =2023-T95 -> 36
A96: DCI | B96: 12 | C96: 2214697 | D96: ILHAM NOR FAHMI | E96: 012200012 | F96: Staff Pracetak | G96: Staff/Operator | H96: Produksi | I96: Pra Cetak | J96: Tetap | K96: 01-JAN-22 | L96: 01-JAN-22 | N96: 01-JAN-22 | O96: 2022 | P96: TK / 0 | Q96: D3 | R96: L | S96: 22-MAR-89 | T96: =YEAR(S96) -> 1989 | U96: =2023-T96 -> 34
A97: DCI | B97: 1 | C97: 2114646 | D97: IWAN AFANDI | E97: 012100229 | F97: Karu PPIC | G97: Karu/Wakaru | H97: Product Planning Control | I97: PPIC | J97: Kontrak pasca pensiun | K97: 01-AUG-21 | L97: 01-JAN-24 | M97: 31-DEC-24 | P97: K / 2 | Q97: STM | R97: L | S97: 21-MAY-77 | T97: =YEAR(S97) -> 1977 | U97: =2023-T97 -> 46
A98: SBY | B98: 28 | C98: 0800849 | D98: HADI KUSMANTO | E98: 010803259 | F98: Karu IT | G98: Karu/Wakaru | H98: Information Technology | I98: IT | J98: Tetap | K98: 20-DEC-08 | L98: 01-JAN-12 | N98: 01-JAN-12 | O98: 2012 | P98: K / 2 | Q98: S1 | R98: L | S98: 06-SEP-82 | T98: =YEAR(S98) -> 1982 | U98: =2023-T98 -> 41
A99: SBY | B99: 29 | C99: 0500521 | D99: MIFTAKHUL ANWAR | E99: 1106081 | F99: Staff IT Sumengko | G99: Staff/Operator | H99: Information Technology | I99: IT | J99: Tetap | K99: 01-JAN-06 | L99: 01-JAN-09 | N99: 01-JAN-09 | O99: 2009 | P99: K / 2 | Q99: D3 | R99: L | S99: 05-APR-82 | T99: =YEAR(S99) -> 1982 | U99: =2023-T99 -> 41
A100: SBY | B100: 30 | C100: HL63650 | D100: YUNUS ANDRIANTO | E100: 011001226 | F100: Admin Marketing Proyek | G100: Staff/Operator | H100: Pemasaran | I100: Pemasaran | J100: Tetap | K100: 20-OCT-10 | L100: 01-JAN-16 | N100: 01-JAN-16 | O100: 2016 | P100: K / 2 | Q100: SMK | R100: L | S100: 06-JUN-87 | T100: =YEAR(S100) -> 1987 | U100: =2023-T100 -> 36
A101: SBY | B101: 31 | C101: 0700739 | D101: ZULKARNEN | E101: 1207018 | F101: Admin Marketing Proyek | G101: Staff/Operator | H101: Pemasaran | I101: Pemasaran | J101: Tetap | K101: 20-NOV-07 | L101: 01-JAN-11 | N101: 01-JAN-11 | O101: 2011 | P101: K / 1 | Q101: D3 | R101: L | S101: 27-DEC-85 | T101: =YEAR(S101) -> 1985 | U101: =2023-T101 -> 38
A102: SBY | B102: 32 | C102: HL60301 | D102: DIDIN KRISTIAWAN | E102: 010800232 | F102: Admin. Marketing | G102: Staff/Operator | H102: Pemasaran | I102: Administrasi Pemasaran | J102: Tetap | K102: 17-JUL-08 | L102: 01-JAN-19 | N102: 01-JAN-19 | O102: 2019 | P102: K / 2 | Q102: S1 | R102: L | S102: 01-JAN-85 | T102: =YEAR(S102) -> 1985 | U102: =2023-T102 -> 38
...

Sheet Sheet4
A2: Surabaya | B2: dept. | C2: karyawan tetap | D2: karyawan kontrak | E2: total
B3: Acc/Finance | C3: 2 | D3: 0 | E3: =SUM(C3:D3) -> 2
B4: Branch/Assistant Manager
B5: HRD&GA
B6: IT | C6: 2 | D6: 0
B7: Pemasaran
B8: Pembelian
B9: PPIC
B10: Produksi
B11: - Pracetak
B12: - Sheet
B13: - Web
B14: - Finishing
B15: QC / QA
B16: Teknik
B17: - Elektrik
B18: - Mekanik

Sheet Sheet1
B1: 578 (1 mesin per cabang) | K1: AGENDA MEETING PERKOM
B2: Cabang | C2: Speed/jam | D2: Katern | E2: Kapasitas/jam | F2: Kapasitas/hari | G2: Qty/bulan | H2: Binding/jam | I2: Binding/bulan | K2: HARI | L2: DIVISI | M2: WAKTU
B3: Surabaya | C3: 25000 | D3: =224/16/2 -> 7 | E3: =C3*D3 -> 175000 | F3: =E3/7 -> 25000 | G3: =F3*25 -> 625000 | H3: 10000 | I3: =H3*14*25 -> 3500000 | K3: SELASA | L3: LEADER + DIREKSI | M3: 09.00 - 11.00
B4: Nganjuk | C4: 20000 | D4: =224/16/2 -> 7 | E4: =C4*D4 -> 140000 | F4: =E4/7 -> 20000 | G4: =F4*25 -> 500000 | H4: 4000 | I4: =H4*14*25 -> 1400000 | L4: TEKNIK | M4: 11.00 - 12.00
B5: Bawen | C5: 25000 | D5: =224/16/2 -> 7 | E5: =C5*D5 -> 175000 | F5: =E5/7 -> 25000 | G5: =F5*25 -> 625000 | H5: 4000 | I5: =H5*14*25 -> 1400000 | L5: PRODUKSI | M5: 13.00 - 15.00
B6: Bekasi | C6: 15000 | D6: =224/16/2 -> 7 | E6: =C6*D6 -> 105000 | F6: =E6/7 -> 15000 | G6: =F6*25 -> 375000 | H6: 4000 | I6: =H6*14*25 -> 1400000 | L6: PPIC | M6: 15.00 - 17.00
G7: =SUM(G3:G6) -> 2125000 | H7: =SUM(H3:H6) -> 22000 | I7: =SUM(I3:I6) -> 7700000
K8: RABU | L8: KEUANGAN | M8: 09.00 - 11.00
L9: PIUTANG + PURCHASING | M9: 11.00 - 12.00
L10: MARKETING | M10: 13.00 - 15.00
L11: HC | M11: 15.00 - 16.00
