Workbook

Sheet SMG
A1: BPJS Kesehatan
A2: Periode : 02 - 2026
A3: Cabang Semarang
A5: 254450.41 | B5: Jumlah | C5: Karyawan (1%) | D5: Perusahaan (4%) | E5: Iuran
A6: Status Karyawan Kontrak
A7: Tenaga Kerja Langsung
A8: Cost Center Produksi | B8: 6 | C8: 199625 | D8: =B8*$A$5 -> 1526702.5 | E8: =SUM(C8:D8) -> 1726327.5
A10: Tenaga Kerja Tidak Langsung
A11: Cost Center Produksi | B11: 4 | C11: 212016 | D11: =B11*$A$5 -> 1017801.6 | E11: =SUM(C11:D11) -> 1229817.6
A13: Tenaga Kerja
A14: Cost Center Pemasaran | B14: 1 | C14: 118520 | D14: =B14*$A$5 -> 254450.41 | E14: =SUM(C14:D14) -> 372970.41
A15: Cost Center Umum | B15: 1 | C15: 76330 | D15: =B15*$A$5 -> 254450.41 | E15: =SUM(C15:D15) -> 330780.41
A17: Total Status Karyawan Kontrak | B17: =SUM(B8:B16) -> 12 | C17: =SUM(C8:C16) -> 606491 | D17: =SUM(D8:D16) -> 3053404.9 | E17: =SUM(E8:E16) -> 3659895.9
A18: Status Karyawan Tetap
A19: Tenaga Kerja Langsung
A20: Cost Center Produksi | B20: 12 | C20: 554206 | D20: =B20*$A$5 -> 3053404.9 | E20: =SUM(C20:D20) -> 3607610.9
A22: Tenaga Kerja Tidak Langsung
A23: Cost Center Produksi | B23: 16 | C23: 1017070 | D23: =B23*$A$5 -> 4071206.6 | E23: =SUM(C23:D23) -> 5088276.6
A25: Tenaga Kerja
A26: Cost Center Pemasaran | B26: 0 | C26: 0 | D26: =B26*$A$5 -> 0 | E26: =SUM(C26:D26) -> 0
A27: Cost Center Umum | B27: 4 | C27: 180809 | D27: =B27*$A$5 -> 1017801.6 | E27: =SUM(C27:D27) -> 1198610.6
A29: Total Status Karyawan Tetap | B29: =SUM(B20:B28) -> 32 | C29: =SUM(C20:C28) -> 1752085 | D29: =SUM(D20:D28) -> 8142413.1 | E29: =SUM(E20:E28) -> 9894498.1
A30: Total Dept | B30: =SUM(B17,B29) -> 44 | C30: =SUM(C17,C29) -> 2358576 | D30: =SUM(D17,D29) -> 11195818 | E30: =SUM(E17,E29) -> 13554394
A31: Total | B31: =SUM(B30) -> 44 | C31: =SUM(C30) -> 2358576 | D31: =SUM(D30) -> 11195818 | E31: =SUM(E30) -> 13554394

Sheet DPS
A1: BPJS Kesehatan
A2: =SMG!A2 -> Periode : 02 - 2026
A3: Cabang Denpasar
A5: 254450.41 | B5: Jumlah | C5: Karyawan (1%) | D5: Perusahaan (4%) | E5: Iuran
A6: Status Karyawan Kontrak
A7: Tenaga Kerja Langsung
A8: Cost Center Produksi | D8: =B8*$A$5 -> 0 | E8: =SUM(C8:D8) -> 0
A10: Tenaga Kerja Tidak Langsung
A11: Cost Center Produksi | B11: 3 | C11: 148854 | D11: =B11*$A$5 -> 763351.23 | E11: =SUM(C11:D11) -> 912205.23
A13: Tenaga Kerja
A14: Cost Center Umum | B14: 0 | C14: 0 | D14: =B14*$A$5 -> 0 | E14: =SUM(C14:D14) -> 0
A16: Total Status Karyawan Kontrak | B16: =SUM(B8:B15) -> 3 | C16: =SUM(C8:C15) -> 148854 | D16: =SUM(D8:D15) -> 763351.23 | E16: =SUM(E8:E15) -> 912205.23
A17: Status Karyawan Tetap
A18: Tenaga Kerja Langsung
A19: Cost Center Produksi | B19: 4 | C19: 172587 | D19: =B19*$A$5 -> 1017801.6 | E19: =SUM(C19:D19) -> 1190388.6
A21: Tenaga Kerja Tidak Langsung
A22: Cost Center Produksi | B22: 5 | C22: 316088 | D22: =B22*$A$5 -> 1272252.1 | E22: =SUM(C22:D22) -> 1588340.1
A24: Tenaga Kerja
A25: Cost Center Pemasaran | B25: 0 | C25: 0 | D25: =B25*$A$5 -> 0 | E25: =SUM(C25:D25) -> 0
A26: Cost Center Umum | B26: 2 | C26: 124514 | D26: =B26*$A$5 -> 508900.82 | E26: =SUM(C26:D26) -> 633414.82
A28: Total Status Karyawan Tetap | B28: =SUM(B19:B27) -> 11 | C28: =SUM(C19:C27) -> 613189 | D28: =SUM(D19:D27) -> 2798954.5 | E28: =SUM(E19:E27) -> 3412143.5
A29: Total Dept | B29: =SUM(B16,B28) -> 14 | C29: =SUM(C16,C28) -> 762043 | D29: =SUM(D16,D28) -> 3562305.8 | E29: =SUM(E16,E28) -> 4324348.8
A30: Total | B30: =SUM(B29) -> 14 | C30: =SUM(C29) -> 762043 | D30: =SUM(D29) -> 3562305.8 | E30: =SUM(E29) -> 4324348.8

Sheet ATNG
A1: BPJS Kesehatan
A2: =SMG!A2 -> Periode : 02 - 2026
A3: Cabang Cengkareng
A5: =(3363433-C30)/B30 -> 242525.82 | B5: Jumlah | C5: Karyawan (1%) | D5: Perusahaan (4%) | E5: Iuran
A6: Status Karyawan Kontrak
A7: Tenaga Kerja Langsung
A8: Cost Center Produksi | B8: 0 | C8: 0 | D8: =B8*$A$5 -> 0 | E8: =SUM(C8:D8) -> 0
A10: Tenaga Kerja Tidak Langsung
A11: Cost Center Produksi | B11: 2 | C11: 108558 | D11: =B11*$A$5 -> 485051.64 | E11: =SUM(C11:D11) -> 593609.64
A13: Tenaga Kerja
A14: Cost Center Pemasaran | B14: 0 | C14: 0 | D14: =B14*$A$5 -> 0 | E14: =SUM(C14:D14) -> 0
A15: Cost Center Umum | B15: 0 | C15: 0 | D15: =B15*$A$5 -> 0 | E15: =SUM(C15:D15) -> 0
A17: Total Status Karyawan Kontrak | B17: =SUM(B8:B16) -> 2 | C17: =SUM(C8:C16) -> 108558 | D17: =SUM(D8:D16) -> 485051.64 | E17: =SUM(E8:E16) -> 593609.64
A18: Status Karyawan Tetap
A19: Tenaga Kerja Langsung
A20: Cost Center Produksi | B20: 4 | C20: 224535 | D20: =B20*$A$5 -> 970103.27 | E20: =SUM(C20:D20) -> 1194638.3
A22: Tenaga Kerja Tidak Langsung
A23: Cost Center Produksi | B23: =5 -> 5 | C23: 362556 | D23: =B23*$A$5 -> 1212629.1 | E23: =SUM(C23:D23) -> 1575185.1
A25: Tenaga Kerja
A26: Cost Center Pemasaran | B26: 0 | C26: 0 | D26: =B26*$A$5 -> 0 | E26: =SUM(C26:D26) -> 0
A27: Cost Center Umum | B27: 0 | C27: 0 | D27: =B27*$A$5 -> 0 | E27: =SUM(C27:D27) -> 0
A29: Total Status Karyawan Tetap | B29: =SUM(B20:B28) -> 9 | C29: =SUM(C20:C28) -> 587091 | D29: =SUM(D20:D28) -> 2182732.4 | E29: =SUM(E20:E28) -> 2769823.4
A30: Total Dept | B30: =SUM(B17,B29) -> 11 | C30: =SUM(C17,C29) -> 695649 | D30: =SUM(D17,D29) -> 2667784 | E30: =SUM(E17,E29) -> 3363433

Sheet DCI NGJK
A1: BPJS Kesehatan
A2: =SMG!A2 -> Periode : 02 - 2026
A3: PT. DCI NGJK
A5: =(3274599-C32)/B32 -> 175025.07 | B5: Jumlah | C5: Karyawan (1%) | D5: Perusahaan (4%) | E5: Iuran
A6: Status Karyawan Kontrak
A7: Tenaga Kerja Langsung
A8: Cost Center Produksi | B8: 0 | C8: 0 | D8: =B8*$A$5 -> 0 | E8: =SUM(C8:D8) -> 0
A10: Tenaga Kerja Tidak Langsung
A11: Cost Center Produksi | B11: 1 | C11: 67876 | D11: =B11*$A$5 -> 175025.07 | E11: =SUM(C11:D11) -> 242901.07
A13: Tenaga Kerja
A14: Cost Center Pemasaran | B14: 0 | C14: 0 | D14: =B14*$A$5 -> 0 | E14: =SUM(C14:D14) -> 0
A15: Cost Center Umum | B15: 0 | C15: 0 | D15: =B15*$A$5 -> 0 | E15: =SUM(C15:D15) -> 0
A17: Total Status Karyawan Kontrak | B17: =SUM(B8:B16) -> 1 | C17: =SUM(C8:C16) -> 67876 | D17: =SUM(D8:D16) -> 175025.07 | E17: =SUM(E8:E16) -> 242901.07
A18: Status Karyawan Tetap
A19: Tenaga Kerja Langsung
A20: Cost Center Produksi | B20: 8 | C20: 288456 | D20: =B20*$A$5 -> 1400200.5 | E20: =SUM(C20:D20) -> 1688656.5
A22: Status Karyawan Tetap
A23: Tenaga Kerja Tidak Langsung
A24: Cost Center Produksi | B24: 4 | C24: 189836 | D24: =B24*$A$5 -> 700100.27 | E24: =SUM(C24:D24) -> 889936.27
A26: Tenaga Kerja
A27: Cost Center Pemasaran | B27: 0 | C27: 0 | D27: =B27*$A$5 -> 0 | E27: =SUM(C27:D27) -> 0
A28: Cost Center Umum | B28: 2 | C28: 103055 | D28: =B28*$A$5 -> 350050.13 | E28: =SUM(C28:D28) -> 453105.13
A30: Total Status Karyawan Tetap | B30: =SUM(B20:B29) -> 14 | C30: =SUM(C20:C29) -> 581347 | D30: =SUM(D20:D29) -> 2450350.9 | E30: =SUM(E20:E29) -> 3031697.9
A31: Total Dept | B31: =SUM(B17,B30) -> 15 | C31: =SUM(C17,C30) -> 649223 | D31: =SUM(D17,D30) -> 2625376 | E31: =SUM(E17,E30) -> 3274599
A32: Total | B32: =B31 -> 15 | C32: =C31 -> 649223 | D32: =D31 -> 2625376 | E32: =E31 -> 3274599
A34: NOTED :
A35: BULAN FEBRUARI AKAN ADA PEMISAHAN DCI DENGAN BPJS KESEHATAN KOTA SMG DAN KAB NGANJUK

Sheet DCI SMG
A1: BPJS Kesehatan
A2: =SMG!A2 -> Periode : 02 - 2026
A3: PT. DCI SMG
A5: =(3274599-C32)/B32 -> 196161.92 | B5: Jumlah | C5: Karyawan (1%) | D5: Perusahaan (4%) | E5: Iuran
A6: Status Karyawan Kontrak
A7: Tenaga Kerja Langsung
A8: Cost Center Produksi | B8: 0 | C8: 0 | D8: 0 | E8: 0
A10: Tenaga Kerja Tidak Langsung
A11: Cost Center Produksi | B11: 1 | C11: 120000 | D11: =B11*$A$5 -> 196161.92 | E11: =SUM(C11:D11) -> 316161.92
A13: Tenaga Kerja
A14: Cost Center Pemasaran | B14: 1 | C14: 56583 | D14: =B14*$A$5 -> 196161.92 | E14: =SUM(C14:D14) -> 252744.92
A15: Cost Center Umum | B15: 0 | C15: 0 | D15: =B15*$A$5 -> 0 | E15: =SUM(C15:D15) -> 0
A17: Total Status Karyawan Kontrak | B17: =SUM(B8:B16) -> 2 | C17: =SUM(C8:C16) -> 176583 | D17: =SUM(D8:D16) -> 392323.85 | E17: =SUM(E8:E16) -> 568906.85
A18: Status Karyawan Tetap
A19: Tenaga Kerja Langsung
A20: Cost Center Produksi | B20: 3 | C20: 134859 | D20: =B20*$A$5 -> 588485.77 | E20: =SUM(C20:D20) -> 723344.77
A22: Status Karyawan Tetap
A23: Tenaga Kerja Tidak Langsung
A24: Cost Center Produksi | B24: 3 | C24: 159417 | D24: =B24*$A$5 -> 588485.77 | E24: =SUM(C24:D24) -> 747902.77
A26: Tenaga Kerja
A27: Cost Center Pemasaran | B27: 2 | C27: 117703 | D27: =B27*$A$5 -> 392323.85 | E27: =SUM(C27:D27) -> 510026.85
A28: Cost Center Umum | B28: 3 | C28: 135932 | D28: =B28*$A$5 -> 588485.77 | E28: =SUM(C28:D28) -> 724417.77
A30: Total Status Karyawan Tetap | B30: =SUM(B20:B29) -> 11 | C30: =SUM(C20:C29) -> 547911 | D30: =SUM(D20:D29) -> 2157781.2 | E30: =SUM(E20:E29) -> 2705692.2
A31: Total Dept | B31: =SUM(B17,B30) -> 13 | C31: =SUM(C17,C30) -> 724494 | D31: =SUM(D17,D30) -> 2550105 | E31: =SUM(E17,E30) -> 3274599
A32: Total | B32: =B31 -> 13 | C32: =C31 -> 724494 | D32: =D31 -> 2550105 | E32: =E31 -> 3274599
A34: NOTED :
A35: BULAN FEBRUARI AKAN ADA PEMISAHAN DCI DENGAN BPJS KESEHATAN KOTA SMG DAN KAB NGANJUK
A71: NOTED :
A72: BULAN FEBRUARI AKAN ADA PEMISAHAN DCI DENGAN BPJS KESEHATAN KOTA SMG DAN KAB NGANJUK

Sheet SBY
A1: BPJS Kesehatan
A2: =SMG!A2 -> Periode : 02 - 2026
A3: Cabang Sumengko
A5: 254450.41 | B5: Jumlah | C5: Karyawan (1%) | D5: Perusahaan (4%) | E5: Iuran
A6: Status Karyawan Kontrak
A7: Tenaga Kerja Langsung
A8: Cost Center Produksi | B8: 5 | C8: 268450 | D8: =B8*$A$5 -> 1272252.1 | E8: =SUM(C8:D8) -> 1540702.1
A10: Tenaga Kerja Tidak Langsung
A11: Cost Center Produksi | B11: 7 | C11: 503033 | D11: =B11*$A$5 -> 1781152.9 | E11: =SUM(C11:D11) -> 2284185.9
A13: Tenaga Kerja
A14: Cost Center Pemasaran | B14: 4 | C14: 280119 | D14: =B14*$A$5 -> 1017801.6 | E14: =SUM(C14:D14) -> 1297920.6
A15: Cost Center Umum | B15: 7 | C15: 442549 | D15: =B15*$A$5 -> 1781152.9 | E15: =SUM(C15:D15) -> 2223701.9
A17: Total Status Karyawan Kontrak | B17: =SUM(B7:B16) -> 23 | C17: =SUM(C7:C16) -> 1494151 | D17: =SUM(D7:D16) -> 5852359.5 | E17: =SUM(E7:E16) -> 7346510.5
A18: Status Karyawan Tetap
A19: Tenaga Kerja Langsung
A20: Cost Center Produksi | B20: 42 | C20: 2281769 | D20: =B20*$A$5 -> 10686917 | E20: =SUM(C20:D20) -> 12968686
A22: Tenaga Kerja Tidak Langsung
A23: Cost Center Produksi | B23: 36 | C23: 2237300 | D23: =B23*$A$5 -> 9160214.8 | E23: =SUM(C23:D23) -> 11397515
A25: Tenaga Kerja
A26: Cost Center Pemasaran | B26: 11 | C26: 673604 | D26: =B26*$A$5 -> 2798954.5 | E26: =SUM(C26:D26) -> 3472558.5
A27: Cost Center Umum | B27: 8 | C27: 471022 | D27: =B27*$A$5 -> 2035603.3 | E27: =SUM(C27:D27) -> 2506625.3
A29: Total Status Karyawan Tetap | B29: =SUM(B20:B28) -> 97 | C29: =SUM(C20:C28) -> 5663695 | D29: =SUM(D20:D28) -> 24681690 | E29: =SUM(E20:E28) -> 30345385
A30: Total Dept Surabaya | B30: =SUM(B17,B29) -> 120 | C30: =SUM(C17,C29) -> 7157846 | D30: =SUM(D17,D29) -> 30534049 | E30: =SUM(E17,E29) -> 37691895
A31: Total | B31: =SUM(B30) -> 120 | C31: =SUM(C30) -> 7157846 | D31: =SUM(D30) -> 30534049 | E31: =SUM(E30) -> 37691895

Sheet JPM
A1: BPJS Kesehatan
A2: =SMG!A2 -> Periode : 02 - 2026
A3: Cabang JPM
A5: =(4348601-C24)/B24 -> 203749.24 | B5: Jumlah | C5: Karyawan (1%) | D5: Perusahaan (4%) | E5: Iuran
A6: Status Karyawan Kontrak
A7: Tenaga Kerja Langsung
A8: Cost Center Produksi | B8: 0 | D8: =B8*$A$5 -> 0 | E8: =SUM(C8:D8) -> 0
A10: Tenaga Kerja
A11: Cost Center Pemasaran | B11: 2 | C11: 113423 | D11: =B11*$A$5 -> 407498.47 | E11: =SUM(C11:D11) -> 520921.47
A12: Cost Center Umum | B12: 3 | C12: 135854 | D12: =B12*$A$5 -> 611247.71 | E12: =SUM(C12:D12) -> 747101.71
A14: Total Status Karyawan Kontrak | B14: =SUM(B8:B13) -> 5 | C14: =SUM(C8:C13) -> 249277 | D14: =SUM(D8:D13) -> 1018746.2 | E14: =SUM(E8:E13) -> 1268023.2
A15: Status Karyawan Tetap
A16: Tenaga Kerja Tidak Langsung
A17: Cost Center Produksi | B17: 6 | C17: 290412 | D17: =B17*$A$5 -> 1222495.4 | E17: =SUM(C17:D17) -> 1512907.4
A19: Tenaga Kerja
A20: Cost Center Pemasaran | B20: 1 | C20: 80735 | D20: =B20*$A$5 -> 203749.24 | E20: =SUM(C20:D20) -> 284484.24
A21: Cost Center Umum | B21: 5 | C21: 264440 | D21: =B21*$A$5 -> 1018746.2 | E21: =SUM(C21:D21) -> 1283186.2
A23: Total Status Karyawan Tetap | B23: =SUM(B17:B22) -> 12 | C23: =SUM(C17:C22) -> 635587 | D23: =SUM(D17:D22) -> 2444990.8 | E23: =SUM(E17:E22) -> 3080577.8
A24: Total | B24: =SUM(B14,B23) -> 17 | C24: =SUM(C14,C23) -> 884864 | D24: =SUM(D14,D23) -> 3463737 | E24: =SUM(E14,E23) -> 4348601

Sheet HLD MPGS
A1: BPJS Kesehatan
A2: =SMG!A2 -> Periode : 02 - 2026
A3: Holding & MPGS
A5: 254450.41 | B5: Jumlah | C5: Karyawan (1%) | D5: Perusahaan (4%) | E5: Iuran
A6: Holding
A7: Status Karyawan Kontrak
A8: Tenaga Kerja Tidak Langsung
A9: Cost Center Produksi | B9: 1 | C9: 120000 | D9: =B9*$A$5 -> 254450.41 | E9: =SUM(C9:D9) -> 374450.41
A11: Status Karyawan Kontrak
A12: Tenaga Kerja
A13: Cost Center Pemasaran | B13: 2 | C13: 121618 | D13: =B13*$A$5 -> 508900.82 | E13: =SUM(C13:D13) -> 630518.82
A14: Cost Center Umum | B14: 7 | C14: 598451 | D14: =B14*$A$5 -> 1781152.9 | E14: =SUM(C14:D14) -> 2379603.9
A16: Total Status Karyawan Kontrak | B16: =SUM(B9:B15) -> 10 | C16: =SUM(C9:C15) -> 840069 | D16: =SUM(D9:D15) -> 2544504.1 | E16: =SUM(E9:E15) -> 3384573.1
A17: Status Karyawan Tetap
A18: Tenaga Kerja Tidak Langsung
A19: Cost Center Produksi | B19: 3 | C19: 199079 | D19: =B19*$A$5 -> 763351.23 | E19: =SUM(C19:D19) -> 962430.23
A21: Tenaga Kerja
A22: Cost Center Pemasaran | B22: 1 | C22: 92022 | D22: =B22*$A$5 -> 254450.41 | E22: =SUM(C22:D22) -> 346472.41
A23: Cost Center Umum | B23: 23 | C23: 1895348 | D23: =B23*$A$5 -> 5852359.5 | E23: =SUM(C23:D23) -> 7747707.5
A25: Total Status Karyawan Tetap | B25: =SUM(B19:B24) -> 27 | C25: =SUM(C19:C24) -> 2186449 | D25: =SUM(D19:D24) -> 6870161.1 | E25: =SUM(E19:E24) -> 9056610.1
A26: Total Dept Holding | B26: =SUM(B16,B25) -> 37 | C26: =SUM(C16,C25) -> 3026518 | D26: =SUM(D16,D25) -> 9414665.2 | E26: =SUM(E16,E25) -> 12441183
A28: MPGS
A29: Status Karyawan Kontrak
A30: Tenaga Kerja Tidak Langsung
A31: Cost Center Produksi | D31: =B31*$A$5 -> 0 | E31: =SUM(C31:D31) -> 0
A33: Tenaga Kerja
A34: Cost Center Pemasaran | B34: 1 | C34: 52154 | D34: =B34*$A$5 -> 254450.41 | E34: =SUM(C34:D34) -> 306604.41
A36: Status Karyawan Tetap
A37: Tenaga Kerja Tidak Langsung
A38: Cost Center Produksi | D38: =B38*$A$5 -> 0 | E38: =SUM(C38:D38) -> 0
A40: Total Status Karyawan Kontrak | B40: =SUM(B30:B39) -> 1 | C40: =SUM(C31:C39) -> 52154 | D40: =SUM(D30:D39) -> 254450.41 | E40: =SUM(E30:E39) -> 306604.41
A41: Total Dept MPGS | B41: =SUM(B40) -> 1 | C41: =SUM(C40) -> 52154 | D41: =SUM(D40) -> 254450.41 | E41: =SUM(E40) -> 306604.41
A42: Total | B42: =SUM(B26,B41) -> 38 | C42: =SUM(C26,C41) -> 3078672 | D42: =SUM(D26,D41) -> 9669115.6 | E42: =SUM(E26,E41) -> 12747788

Sheet PKG KRH
A1: BPJS Kesehatan
A2: =SMG!A2 -> Periode : 02 - 2026
A3: Cabang Packaging
A5: 254450.41 | B5: Jumlah | C5: Karyawan (1%) | D5: Perusahaan (4%) | E5: Iuran
A6: Status Karyawan Kontrak
A7: Tenaga Kerja Langsung
A8: Cost Center Produksi | B8: 5 | C8: 271704 | D8: =B8*$A$5 -> 1272252.1 | E8: =SUM(C8:D8) -> 1543956.1
A10: Tenaga Kerja Tidak Langsung
A11: Cost Center Produksi | B11: 9 | C11: 600209 | D11: =B11*$A$5 -> 2290053.7 | E11: =SUM(C11:D11) -> 2890262.7
A13: Tenaga Kerja
A14: Cost Center Pemasaran | D14: =B14*$A$5 -> 0 | E14: =SUM(C14:D14) -> 0
A15: Cost Center Umum | B15: 2 | C15: 105776 | D15: =B15*$A$5 -> 508900.82 | E15: =SUM(C15:D15) -> 614676.82
A17: Total Status Karyawan Kontrak | B17: =SUM(B8:B16) -> 16 | C17: =SUM(C8:C16) -> 977689 | D17: =SUM(D8:D16) -> 4071206.6 | E17: =SUM(E8:E16) -> 5048895.6
A18: Status Karyawan Tetap
A19: Tenaga Kerja Langsung
A20: Cost Center Produksi | B20: 5 | C20: 271187 | D20: =B20*$A$5 -> 1272252.1 | E20: =SUM(C20:D20) -> 1543439.1
A22: Tenaga Kerja Tidak Langsung
A23: Cost Center Produksi | B23: 12 | C23: 786182 | D23: =B23*$A$5 -> 3053404.9 | E23: =SUM(C23:D23) -> 3839586.9
A25: Tenaga Kerja
A26: Cost Center Pemasaran | B26: 3 | C26: 215930 | D26: =B26*$A$5 -> 763351.23 | E26: =SUM(C26:D26) -> 979281.23
A27: Cost Center Umum | B27: 1 | C27: 97819 | D27: =B27*$A$5 -> 254450.41 | E27: =SUM(C27:D27) -> 352269.41
A29: Total Status Karyawan Tetap | B29: =SUM(B20:B28) -> 21 | C29: =SUM(C20:C28) -> 1371118 | D29: =SUM(D20:D28) -> 5343458.6 | E29: =SUM(E20:E28) -> 6714576.6
A30: Total Dept | B30: =SUM(B17,B29) -> 37 | C30: =SUM(C17,C29) -> 2348807 | D30: =SUM(D17,D29) -> 9414665.2 | E30: =SUM(E17,E29) -> 11763472
A31: Total | B31: =SUM(B30) -> 37 | C31: =SUM(C30) -> 2348807 | D31: =SUM(D30) -> 9414665.2 | E31: =SUM(E30) -> 11763472

Sheet PKG BKS
A1: BPJS Kesehatan
A2: =SMG!A2 -> Periode : 02 - 2026
A3: Cabang Packaging Bekasi
A5: 254450.41 | B5: Jumlah | C5: Karyawan (1%) | D5: Perusahaan (4%) | E5: Iuran
A6: Status Karyawan Kontrak
A7: Tenaga Kerja Langsung
A8: Cost Center Produksi | B8: 4 | C8: 237556 | D8: =B8*$A$5 -> 1017801.6 | E8: =SUM(C8:D8) -> 1255357.6
A10: Tenaga Kerja Tidak Langsung
A11: Cost Center Produksi | B11: 3 | C11: 199179 | D11: =B11*$A$5 -> 763351.23 | E11: =SUM(C11:D11) -> 962530.23
A13: Tenaga Kerja
A14: Cost Center Pemasaran | B14: 1 | C14: 120000 | D14: =B14*$A$5 -> 254450.41 | E14: =SUM(C14:D14) -> 374450.41
A15: Cost Center Umum | B15: 3 | C15: 180168 | D15: =B15*$A$5 -> 763351.23 | E15: =SUM(C15:D15) -> 943519.23
A17: Total Status Karyawan Kontrak | B17: =SUM(B8:B16) -> 11 | C17: =SUM(C8:C16) -> 736903 | D17: =SUM(D8:D16) -> 2798954.5 | E17: =SUM(E8:E16) -> 3535857.5
A18: Status Karyawan Tetap
A19: Tenaga Kerja Langsung
A20: Cost Center Produksi | B20: 7 | C20: 417723 | D20: =B20*$A$5 -> 1781152.9 | E20: =SUM(C20:D20) -> 2198875.9
A22: Tenaga Kerja Tidak Langsung
A23: Cost Center Produksi | B23: 13 | C23: 939110 | D23: =B23*$A$5 -> 3307855.3 | E23: =SUM(C23:D23) -> 4246965.3
A25: Tenaga Kerja
A26: Cost Center Pemasaran | B26: 2 | C26: 158770 | D26: =B26*$A$5 -> 508900.82 | E26: =SUM(C26:D26) -> 667670.82
A27: Cost Center Umum | B27: 2 | C27: 126278 | D27: =B27*$A$5 -> 508900.82 | E27: =SUM(C27:D27) -> 635178.82
A29: Total Status Karyawan Tetap | B29: =SUM(B20:B28) -> 24 | C29: =SUM(C20:C28) -> 1641881 | D29: =SUM(D20:D28) -> 6106809.9 | E29: =SUM(E20:E28) -> 7748690.9
A30: Total Dept | B30: =SUM(B17,B29) -> 35 | C30: =SUM(C17,C29) -> 2378784 | D30: =SUM(D17,D29) -> 8905764.4 | E30: =SUM(E17,E29) -> 11284548
A31: Total | B31: =SUM(B30) -> 35 | C31: =SUM(C30) -> 2378784 | D31: =SUM(D30) -> 8905764.4 | E31: =SUM(E30) -> 11284548

Sheet SHPG BKS
A1: BPJS Kesehatan
A2: =SMG!A2 -> Periode : 02 - 2026
A3: Cabang Shp Bag Bekasi
A5: 254450.41 | B5: Jumlah | C5: Karyawan (1%) | D5: Perusahaan (4%) | E5: Iuran
A7: Status Karyawan Kontrak
A8: Tenaga Kerja Langsung
A9: Cost Center Produksi | B9: 4 | C9: 238236 | D9: =B9*$A$5 -> 1017801.6 | E9: =SUM(C9:D9) -> 1256037.6
A11: Tenaga Kerja Tidak Langsung
A12: Cost Center Produksi | B12: 13 | C12: 841039 | D12: =B12*$A$5 -> 3307855.3 | E12: =SUM(C12:D12) -> 4148894.3
A14: Tenaga Kerja
A15: Cost Center Pemasaran | B15: 4 | C15: 251577 | D15: =B15*$A$5 -> 1017801.6 | E15: =SUM(C15:D15) -> 1269378.6
A16: Cost Center Umum | B16: 2 | C16: 121638 | D16: =B16*$A$5 -> 508900.82 | E16: =SUM(C16:D16) -> 630538.82
A18: Total Status Karyawan Kontrak | B18: =SUM(B6:B17) -> 23 | C18: =SUM(C6:C17) -> 1452490 | D18: =SUM(D6:D17) -> 5852359.5 | E18: =SUM(E6:E17) -> 7304849.5
A19: Status Karyawan Tetap
A20: Tenaga Kerja Langsung
A21: Cost Center Produksi | B21: 3 | C21: 176359 | D21: =B21*$A$5 -> 763351.23 | E21: =SUM(C21:D21) -> 939710.23
A23: Tenaga Kerja Tidak Langsung | E23: s
A24: Cost Center Produksi | B24: 12 | C24: 803430 | D24: =B24*$A$5 -> 3053404.9 | E24: =SUM(C24:D24) -> 3856834.9
A26: Tenaga Kerja
A27: Cost Center Pemasaran | B27: 3 | C27: 186979 | D27: =B27*$A$5 -> 763351.23 | E27: =SUM(C27:D27) -> 950330.23
A28: Cost Center Umum | B28: 2 | C28: 157672 | D28: =B28*$A$5 -> 508900.82 | E28: =SUM(C28:D28) -> 666572.82
A30: Total Status Karyawan Tetap | B30: =SUM(B21:B29) -> 20 | C30: =SUM(C21:C29) -> 1324440 | D30: =SUM(D21:D29) -> 5089008.2 | E30: =SUM(E21:E29) -> 6413448.2
A31: Total Dept | B31: =SUM(B18,B30) -> 43 | C31: =SUM(C18,C30) -> 2776930 | D31: =SUM(D18,D30) -> 10941368 | E31: =SUM(E18,E30) -> 13718298
A32: Total | B32: =SUM(B31) -> 43 | C32: =SUM(C31) -> 2776930 | D32: =SUM(D31) -> 10941368 | E32: =SUM(E31) -> 13718298

Sheet TWL
A1: BPJS Kesehatan
A2: =SMG!A2 -> Periode : 02 - 2026
A3: PT TEMA WADAH LESTARI
A5: =(7512338-C28)/B28 -> 207497.31 | B5: Jumlah | C5: Karyawan (1%) | D5: Perusahaan (4%) | E5: Iuran
A6: Status Karyawan Kontrak
A7: Tenaga Kerja Tidak Langsung
A8: Cost Center Produksi | B8: 2 | C8: 76178 | D8: =B8*$A$5 -> 414994.62 | E8: =SUM(C8:D8) -> 491172.62
A10: Tenaga Kerja
A11: Cost Center Pemasaran | B11: 2 | C11: 128457 | D11: =B11*$A$5 -> 414994.62 | E11: =SUM(C11:D11) -> 543451.62
A12: Cost Center Umum | B12: 1 | C12: 38029 | D12: =B12*$A$5 -> 207497.31 | E12: =SUM(C12:D12) -> 245526.31
A14: Total Status Karyawan Kontrak | B14: =SUM(B8:B13) -> 5 | C14: =SUM(C8:C13) -> 242664 | D14: =SUM(D8:D13) -> 1037486.6 | E14: =SUM(E8:E13) -> 1280150.6
A15: Status Karyawan Tetap
A16: Tenaga Kerja Langsung
A17: Cost Center Produksi | B17: 2 | C17: 78445 | D17: =B17*$A$5 -> 414994.62 | E17: =SUM(C17:D17) -> 493439.62
A19: Tenaga Kerja Tidak Langsung
A20: Cost Center Produksi | B20: 9 | C20: 437602 | D20: =B20*$A$5 -> 1867475.8 | E20: =SUM(C20:D20) -> 2305077.8
A22: Tenaga Kerja
A23: Cost Center Pemasaran | B23: 6 | C23: 374678 | D23: =B23*$A$5 -> 1244983.9 | E23: =SUM(C23:D23) -> 1619661.9
A24: Cost Center Umum | B24: 7 | C24: 361527 | D24: =B24*$A$5 -> 1452481.2 | E24: =SUM(C24:D24) -> 1814008.2
A26: Total Status Karyawan Tetap | B26: =SUM(B17:B25) -> 24 | C26: =SUM(C17:C25) -> 1252252 | D26: =SUM(D17:D25) -> 4979935.4 | E26: =SUM(E17:E25) -> 6232187.4
A27: Total Dept JO Malang | B27: =SUM(B14,B26) -> 29 | C27: =SUM(C14,C26) -> 1494916 | D27: =SUM(D14,D26) -> 6017422 | E27: =SUM(E14,E26) -> 7512338
A28: Total | B28: =SUM(B27) -> 29 | C28: =SUM(C27) -> 1494916 | D28: =SUM(D27) -> 6017422 | E28: =SUM(E27) -> 7512338

Sheet JPMU
A1: BPJS Kesehatan
A2: =SMG!A2 -> Periode : 02 - 2026
A3: PT. JP Book
A5: =(10956803-C37-105776)/B37 -> 259503.44 | B5: Jumlah | C5: Karyawan (1%) | D5: Perusahaan (4%) | E5: Iuran
A6: Status Karyawan Kontrak
A7: Tenaga Kerja Langsung
A8: Cost Center Produksi | B8: 2 | C8: 52888 | D8: =B8*$A$5 -> 519006.88 | E8: =SUM(C8:D8) -> 571894.88
A10: Tenaga Kerja Tidak Langsung
A11: Cost Center Produksi | B11: 1 | C11: 53861 | D11: =B11*$A$5 -> 259503.44 | E11: =SUM(C11:D11) -> 313364.44
A13: Tenaga Kerja
A14: Cost Center Pemasaran | B14: 7 | C14: 420165 | D14: =B14*$A$5 -> 1816524.1 | E14: =SUM(C14:D14) -> 2236689.1
A15: Cost Center Umum | B15: 2 | C15: 105776 | D15: =B15*$A$5 -> 519006.88 | E15: =SUM(C15:D15) -> 624782.88
A17: Total Status Karyawan Kontrak | B17: =SUM(B8:B16) -> 12 | C17: =SUM(C8:C16) -> 632690 | D17: =SUM(D8:D16) -> 3114041.3 | E17: =SUM(E8:E16) -> 3746731.3
A18: Status Karyawan Tetap
A19: Tenaga Kerja Langsung
A20: Cost Center Produksi | B20: 5 | C20: 264440 | D20: =B20*$A$5 -> 1297517.2 | E20: =SUM(C20:D20) -> 1561957.2
A22: Tenaga Kerja Tidak Langsung
A23: Cost Center Produksi | B23: 5 | C23: 330826 | D23: =B23*$A$5 -> 1297517.2 | E23: =SUM(C23:D23) -> 1628343.2
A25: Tenaga Kerja
A26: Cost Center Pemasaran | B26: 6 | C26: 397697 | D26: =B26*$A$5 -> 1557020.6 | E26: =SUM(C26:D26) -> 1954717.6
A27: Cost Center Umum | B27: 5 | C27: 345118 | D27: =B27*$A$5 -> 1297517.2 | E27: =SUM(C27:D27) -> 1642635.2
A29: Total Status Karyawan Tetap | B29: =SUM(B20:B28) -> 21 | C29: =SUM(C20:C28) -> 1338081 | D29: =SUM(D20:D28) -> 5449572.3 | E29: =SUM(E20:E28) -> 6787653.3
A30: Total Dept | B30: =SUM(B17,B29) -> 33 | C30: =SUM(C17,C29) -> 1970771 | D30: =SUM(D17,D29) -> 8563613.6 | E30: =SUM(E17,E29) -> 10534385
A32: Tenaga Kerja
A33: Cost Center Pemasaran | B33: 1 | C33: 57139 | D33: =B33*$A$5 -> 259503.44 | E33: =SUM(C33:D33) -> 316642.44
A35: Total Status Karyawan Tetap | B35: =SUM(B32:B34) -> 1 | C35: =SUM(C32:C34) -> 57139 | D35: =SUM(D32:D34) -> 259503.44 | E35: =SUM(E32:E34) -> 316642.44
A36: Total Dept Nganjuk | B36: =SUM(B35) -> 1 | C36: =SUM(C35) -> 57139 | D36: =SUM(D35) -> 259503.44 | E36: =SUM(E35) -> 316642.44
A37: Total | B37: =SUM(B36,B30) -> 34 | C37: =SUM(C36,C30) -> 2027910 | D37: =SUM(D30,D36) -> 8823117 | E37: =SUM(E30,E36) -> 10851027

Sheet DCP
A1: BPJS Kesehatan
A2: =SMG!A2 -> Periode : 02 - 2026
A3: Cabang DCP Surabaya
A5: =(5940911-C33)/B33 -> 239033.3 | B5: Jumlah | C5: Karyawan (1%) | D5: Perusahaan (4%) | E5: Iuran
A6: Status Karyawan Tetap
A7: Tenaga Kerja Langsung
A8: Cost Center Produksi | B8: 0 | C8: 0 | D8: =B8*$A$5 -> 0 | E8: =SUM(C8:D8) -> 0
A10: Total Status Karyawan Tetap | B10: =SUM(B8:B9) -> 0 | C10: =SUM(C8:C9) -> 0 | D10: =SUM(D8:D9) -> 0 | E10: =SUM(E8:E9) -> 0
A11: Total Dept Surabaya | B11: =SUM(B10) -> 0 | C11: =SUM(C10) -> 0 | D11: =SUM(D10) -> 0 | E11: =SUM(E10) -> 0
A13: Bandung
A14: Status Karyawan Kontrak
A15: Tenaga Kerja Tidak Langsung
A16: Cost Center Produksi | B16: 3 | C16: 147268 | D16: =B16*$A$5 -> 717099.9 | E16: =SUM(C16:D16) -> 864367.9
A18: Tenaga Kerja
A19: Cost Center Pemasaran | B19: 7 | C19: 317878 | D19: =B19*$A$5 -> 1673233.1 | E19: =SUM(C19:D19) -> 1991111.1
A20: Cost Center Umum | B20: 1 | C20: 52521 | D20: =B20*$A$5 -> 239033.3 | E20: =SUM(C20:D20) -> 291554.3
A22: Total Status Karyawan Kontrak | B22: =SUM(B16:B21) -> 11 | C22: =SUM(C16:C21) -> 517667 | D22: =SUM(D16:D21) -> 2629366.3 | E22: =SUM(E16:E21) -> 3147033.3
A23: Status Karyawan Tetap
A24: Tenaga Kerja Tidak Langsung
A25: Cost Center Produksi | B25: 2 | C25: 134786 | D25: =B25*$A$5 -> 478066.6 | E25: =SUM(C25:D25) -> 612852.6
A27: Tenaga Kerja
A28: Cost Center Pemasaran | B28: 7 | C28: 507792 | D28: =B28*$A$5 -> 1673233.1 | E28: =SUM(C28:D28) -> 2181025.1
A29: Cost Center Umum | B29: 0 | C29: 0 | D29: =B29*$A$5 -> 0 | E29: =SUM(C29:D29) -> 0
A31: Total Status Karyawan Tetap | B31: =SUM(B25:B30) -> 9 | C31: =SUM(C25:C30) -> 642578 | D31: =SUM(D25:D30) -> 2151299.7 | E31: =SUM(E25:E30) -> 2793877.7
A32: Total Dept Bandung | B32: =SUM(B22,B31) -> 20 | C32: =SUM(C22,C31) -> 1160245 | D32: =SUM(D22,D31) -> 4780666 | E32: =SUM(E22,E31) -> 5940911
A33: Total | B33: =SUM(B11,B32) -> 20 | C33: =SUM(C11,C32) -> 1160245 | D33: =SUM(D11,D32) -> 4780666 | E33: =SUM(E11,E32) -> 5940911
E35: =E33+E34 -> 5940911

Sheet DIM
A1: BPJS Kesehatan
A2: =SMG!A2 -> Periode : 02 - 2026
A3: PT. DIM
A5: =(4264600-C41-69661)/B41 -> 258822.77 | B5: Jumlah | C5: Karyawan (1%) | D5: Perusahaan (4%) | E5: Iuran
A6: Manado
A7: Status Karyawan Tetap
A8: Tenaga Kerja
A9: Cost Center Pemasaran | D9: =B9*$A$5 -> 0 | E9: =SUM(C9:D9) -> 0
A11: Total Status Karyawan Tetap | B11: =SUM(B9:B10) -> 0 | C11: =SUM(C9:C10) -> 0 | D11: =SUM(D9:D10) -> 0 | E11: =SUM(E9:E10) -> 0
A12: Total Dept Manado | B12: =SUM(B11) -> 0 | C12: =SUM(C11) -> 0 | D12: =SUM(D11) -> 0 | E12: =SUM(E11) -> 0
A14: Lombok
A15: Status Karyawan Kontrak
A16: Tenaga Kerja
A17: Cost Center Pemasaran | B17: 0 | C17: 0 | D17: =B17*$A$5 -> 0 | E17: =SUM(C17:D17) -> 0
A19: Total Status Karyawan Kontrak | B19: =SUM(B17:B18) -> 0 | C19: =SUM(C17:C18) -> 0 | D19: =SUM(D17:D18) -> 0 | E19: =SUM(E17:E18) -> 0
A20: Total Dept Lombok | B20: =SUM(B19) -> 0 | C20: =SUM(C19) -> 0 | D20: =SUM(D19) -> 0 | E20: =SUM(E19) -> 0
A22: Status Karyawan Kontrak
A23: Tenaga Kerja Tidak Langsung
A24: Cost Center Produksi | B24: 1 | C24: 66395 | D24: =B24*$A$5 -> 258822.77 | E24: =SUM(C24:D24) -> 325217.77
A26: Tenaga Kerja
A27: Cost Center Pemasaran | B27: 3 | C27: 172968 | D27: =B27*$A$5 -> 776468.31 | E27: =SUM(C27:D27) -> 949436.31
A28: Cost Center Umum | B28: 3 | C28: 175717 | D28: =B28*$A$5 -> 776468.31 | E28: =SUM(C28:D28) -> 952185.31
A30: Total Status Karyawan Kontrak | B30: =SUM(B24:B29) -> 7 | C30: =SUM(C24:C29) -> 415080 | D30: =SUM(D24:D29) -> 1811759.4 | E30: =SUM(E24:E29) -> 2226839.4
A31: Status Karyawan Tetap
A32: Tenaga Kerja Tidak Langsung
A33: Cost Center Produksi | B33: 1 | C33: 53748 | D33: =B33*$A$5 -> 258822.77 | E33: =SUM(C33:D33) -> 312570.77
A35: Tenaga Kerja
A36: Cost Center Pemasaran | B36: 4 | C36: 308207 | D36: =B36*$A$5 -> 1035291.1 | E36: =SUM(C36:D36) -> 1343498.1
A37: Cost Center Umum | B37: 1 | C37: 53208 | D37: =B37*$A$5 -> 258822.77 | E37: =SUM(C37:D37) -> 312030.77
A39: Total Status Karyawan Tetap | B39: =SUM(B33:B38) -> 6 | C39: =SUM(C33:C38) -> 415163 | D39: =SUM(D33:D38) -> 1552936.6 | E39: =SUM(E33:E38) -> 1968099.6
A40: Total Dept Surabaya | B40: =SUM(B30,B39) -> 13 | C40: =SUM(C30,C39) -> 830243 | D40: =SUM(D30,D39) -> 3364696 | E40: =SUM(E30,E39) -> 4194939
A41: Total | B41: =SUM(B12,B20,B40) -> 13 | C41: =SUM(C12,C20,C40) -> 830243 | D41: =SUM(D12,D20,D40) -> 3364696 | E41: =SUM(E12,E20,E40) -> 4194939
E42: 68661
E43: =SUM(E41:E42) -> 4263600
